quote_type,quote_date,price_brl,variation_day,variation_month,price_usd
arabica,1996-09-02,123.09,,,121.15
arabica,1996-09-03,119.68,-2.77,,117.69
arabica,1996-09-04,119.39,-0.24,,117.44
arabica,1996-09-05,118.42,-0.81,,116.38
arabica,1996-09-06,118.09,-0.28,,115.98
arabica,1996-09-09,117.30,-0.67,,115.11
arabica,1996-09-10,116.84,-0.39,,114.71
arabica,1996-09-11,114.00,-2.43,,111.94
arabica,1996-09-12,115.76,1.54,,113.46
arabica,1996-09-13,115.97,0.18,,113.84
arabica,1996-09-16,116.40,0.37,,114.27
arabica,1996-09-17,118.07,1.43,,115.86
arabica,1996-09-18,117.29,-0.66,,115.09
arabica,1996-09-19,115.93,-1.16,,113.76
arabica,1996-09-20,115.56,-0.32,,113.35
arabica,1996-09-23,115.85,0.25,,113.63
arabica,1996-09-24,116.28,0.37,,114.04
arabica,1996-09-25,116.21,-0.06,,113.90
arabica,1996-09-26,115.52,-0.59,,113.23
arabica,1996-09-27,115.10,-0.36,,112.77
arabica,1996-09-30,112.45,-2.30,,110.13
arabica,1996-10-01,113.83,1.23,1.23,111.48
arabica,1996-10-02,114.21,0.33,1.57,111.85
arabica,1996-10-04,116.52,2.02,3.62,114.00
arabica,1996-10-07,119.45,2.51,6.22,116.87
arabica,1996-10-08,118.95,-0.42,5.78,116.35
arabica,1996-10-09,119.67,0.61,6.42,116.91
arabica,1996-10-10,118.97,-0.58,5.80,116.16
arabica,1996-10-11,119.41,0.37,6.19,116.50
arabica,1996-10-14,117.42,-1.67,4.42,114.60
arabica,1996-10-15,117.02,-0.34,4.06,114.21
arabica,1996-10-16,115.75,-1.09,2.93,112.96
arabica,1996-10-17,114.31,-1.24,1.65,111.57
arabica,1996-10-18,113.48,-0.73,0.92,110.76
arabica,1996-10-21,115.35,1.65,2.58,112.57
arabica,1996-10-22,119.32,3.44,6.11,116.09
arabica,1996-10-23,118.83,-0.41,5.67,115.82
arabica,1996-10-24,116.22,-2.20,3.35,113.32
arabica,1996-10-25,115.09,-0.97,2.35,112.02
arabica,1996-10-28,116.12,0.89,3.26,112.79
arabica,1996-10-29,115.68,-0.38,2.87,112.56
arabica,1996-10-30,115.83,0.13,3.01,112.77
arabica,1996-10-31,116.18,0.30,3.32,112.99
arabica,1996-11-01,116.39,0.18,0.18,113.28
arabica,1996-11-04,116.63,0.21,0.39,113.50
arabica,1996-11-05,117.24,0.52,0.91,114.08
arabica,1996-11-06,119.25,1.71,2.64,116.05
arabica,1996-11-07,119.71,0.39,3.04,116.38
arabica,1996-11-08,119.13,-0.48,2.54,115.68
arabica,1996-11-11,115.92,-2.69,-0.22,112.58
arabica,1996-11-12,117.33,1.22,0.99,113.88
arabica,1996-11-13,119.88,2.17,3.18,116.36
arabica,1996-11-14,120.84,0.80,4.01,117.26
arabica,1996-11-18,120.30,-0.45,3.55,116.75
arabica,1996-11-19,121.39,0.91,4.48,117.86
arabica,1996-11-20,122.86,1.21,5.75,119.21
arabica,1996-11-21,119.71,-2.56,3.04,116.13
arabica,1996-11-22,120.34,0.53,3.58,116.75
arabica,1996-11-25,119.49,-0.71,2.85,115.91
arabica,1996-11-26,119.96,0.39,3.25,116.28
arabica,1996-11-27,119.97,0.01,3.26,116.23
arabica,1996-11-28,119.77,-0.17,3.09,115.98
arabica,1996-11-29,118.58,-0.99,2.07,114.82
arabica,1996-12-02,117.87,-0.60,-0.60,114.15
arabica,1996-12-03,119.21,1.14,0.53,115.44
arabica,1996-12-04,119.40,0.16,0.69,115.52
arabica,1996-12-05,119.58,0.15,0.84,115.58
arabica,1996-12-06,119.58,0.00,0.84,115.58
arabica,1996-12-09,120.73,0.96,1.81,116.68
arabica,1996-12-10,121.72,0.82,2.65,117.49
arabica,1996-12-11,122.45,0.60,3.26,118.13
arabica,1996-12-12,123.81,1.11,4.41,119.27
arabica,1996-12-13,125.97,1.74,6.23,121.38
arabica,1996-12-16,126.52,0.44,6.70,121.78
arabica,1996-12-17,128.27,1.38,8.17,123.34
arabica,1996-12-18,131.96,2.88,11.28,127.11
arabica,1996-12-19,130.55,-1.07,10.09,125.77
arabica,1996-12-20,131.33,0.60,10.75,126.51
arabica,1996-12-23,130.38,-0.72,9.95,125.53
arabica,1996-12-26,132.94,1.96,12.11,127.98
arabica,1996-12-27,136.43,2.63,15.05,131.16
arabica,1996-12-30,137.62,0.87,16.06,132.47
arabica,1997-01-02,138.65,0.75,0.75,133.41
arabica,1997-01-03,141.29,1.90,2.67,135.90
arabica,1997-01-06,140.07,-0.86,1.78,134.66
arabica,1997-01-07,144.49,3.16,4.99,138.92
arabica,1997-01-08,148.71,2.92,8.06,142.88
arabica,1997-01-09,151.82,2.09,10.32,145.81
arabica,1997-01-10,152.41,0.39,10.75,146.42
arabica,1997-01-13,151.88,-0.35,10.36,145.80
arabica,1997-01-14,154.98,2.04,12.61,148.75
arabica,1997-01-15,156.80,1.17,13.94,150.45
arabica,1997-01-16,157.64,0.54,14.55,151.07
arabica,1997-01-17,158.60,0.61,15.24,151.94
arabica,1997-01-20,161.18,1.63,17.12,154.54
arabica,1997-01-21,162.13,0.59,17.81,155.43
arabica,1997-01-22,171.66,5.88,24.73,164.52
arabica,1997-01-23,178.99,4.27,30.06,171.50
arabica,1997-01-24,175.42,-1.99,27.47,168.08
arabica,1997-01-27,171.18,-2.42,24.39,164.00
arabica,1997-01-28,172.39,0.71,25.27,165.24
arabica,1997-01-29,180.27,4.57,30.99,172.43
arabica,1997-01-30,173.41,-3.81,26.01,165.88
arabica,1997-01-31,170.86,-1.47,24.15,163.36
arabica,1997-02-03,174.24,1.98,1.98,166.72
arabica,1997-02-04,178.10,2.22,4.24,170.25
arabica,1997-02-05,174.82,-1.84,2.32,167.00
arabica,1997-02-06,179.14,2.47,4.85,171.10
arabica,1997-02-07,180.34,0.67,5.55,172.20
arabica,1997-02-12,199.28,10.50,16.63,190.22
arabica,1997-02-13,205.31,3.03,20.16,195.78
arabica,1997-02-14,204.90,-0.20,19.92,195.27
arabica,1997-02-17,201.41,-1.70,17.88,192.04
arabica,1997-02-18,192.33,-4.51,12.57,183.31
arabica,1997-02-19,200.19,4.09,17.17,190.63
arabica,1997-02-20,202.13,0.97,18.30,192.46
arabica,1997-02-24,195.59,-3.24,14.47,186.21
arabica,1997-02-25,202.23,3.39,18.36,192.49
arabica,1997-02-26,207.55,2.63,21.47,197.44
arabica,1997-02-27,204.32,-1.56,19.58,194.41
arabica,1997-02-28,206.70,1.16,20.98,196.66
arabica,1997-03-03,212.08,2.60,2.60,201.75
arabica,1997-03-04,218.78,3.16,5.84,208.07
arabica,1997-03-05,227.09,3.80,9.86,215.74
arabica,1997-03-06,223.55,-1.56,8.15,212.36
arabica,1997-03-07,218.56,-2.23,5.74,207.60
arabica,1997-03-10,228.81,4.69,10.70,217.33
arabica,1997-03-11,231.88,1.34,12.18,220.10
arabica,1997-03-12,231.67,-0.09,12.08,219.80
arabica,1997-03-13,219.55,-5.23,6.22,208.03
arabica,1997-03-14,221.74,1.00,7.28,210.20
arabica,1997-03-17,209.77,-5.40,1.49,198.14
arabica,1997-03-18,206.55,-1.54,-0.07,195.04
arabica,1997-03-19,211.91,2.60,2.52,199.81
arabica,1997-03-20,211.21,-0.33,2.18,199.25
arabica,1997-03-21,209.53,-0.80,1.37,197.45
arabica,1997-03-24,203.53,-2.86,-1.53,191.76
arabica,1997-03-25,212.82,4.56,2.96,200.55
arabica,1997-03-26,225.54,5.98,9.11,212.54
arabica,1997-03-31,225.96,0.19,9.32,213.25
arabica,1997-04-01,228.33,1.05,1.05,215.63
arabica,1997-04-02,228.89,0.25,1.30,216.03
arabica,1997-04-03,214.75,-6.18,-4.96,203.04
arabica,1997-04-04,211.37,-1.57,-6.46,199.75
arabica,1997-04-07,215.10,1.76,-4.81,203.11
arabica,1997-04-08,214.62,-0.22,-5.02,202.76
arabica,1997-04-09,220.20,2.60,-2.55,208.03
arabica,1997-04-10,220.36,0.07,-2.48,208.16
arabica,1997-04-11,219.83,-0.24,-2.71,207.56
arabica,1997-04-14,220.62,0.36,-2.36,208.19
arabica,1997-04-15,221.14,0.24,-2.13,208.56
arabica,1997-04-16,229.95,3.98,1.77,216.77
arabica,1997-04-17,228.81,-0.50,1.26,215.65
arabica,1997-04-18,230.47,0.73,2.00,217.10
arabica,1997-04-22,223.84,-2.88,-0.94,210.59
arabica,1997-04-23,228.52,2.09,1.13,214.95
arabica,1997-04-24,228.85,0.14,1.28,215.28
arabica,1997-04-25,226.68,-0.95,0.32,213.29
arabica,1997-04-28,228.15,0.65,0.97,214.65
arabica,1997-04-29,230.44,1.00,1.98,216.74
arabica,1997-04-30,234.46,1.74,3.76,220.44
arabica,1997-05-02,234.67,0.09,0.09,220.55
arabica,1997-05-05,236.32,0.70,0.79,222.04
arabica,1997-05-06,232.40,-1.66,-0.88,218.27
arabica,1997-05-07,232.21,-0.08,-0.96,218.04
arabica,1997-05-08,234.51,0.99,0.02,220.21
arabica,1997-05-09,234.17,-0.14,-0.12,219.65
arabica,1997-05-12,240.42,2.67,2.54,225.39
arabica,1997-05-13,244.76,1.81,4.39,229.30
arabica,1997-05-14,244.89,0.05,4.45,229.34
arabica,1997-05-15,251.43,2.67,7.24,235.53
arabica,1997-05-16,251.18,-0.10,7.13,235.34
arabica,1997-05-19,249.44,-0.69,6.39,233.60
arabica,1997-05-20,247.15,-0.92,5.41,231.39
arabica,1997-05-21,255.02,3.18,8.77,238.65
arabica,1997-05-22,265.94,4.28,13.43,248.66
arabica,1997-05-23,265.31,-0.24,13.16,247.93
arabica,1997-05-26,265.42,0.04,13.20,247.64
arabica,1997-05-27,278.41,4.89,18.75,259.32
arabica,1997-05-28,300.35,7.88,28.10,280.00
arabica,1997-05-30,282.38,-5.98,20.44,263.49
arabica,1997-06-02,258.31,-8.52,-8.52,241.28
arabica,1997-06-03,266.97,3.35,-5.46,249.21
arabica,1997-06-04,267.33,0.13,-5.33,249.26
arabica,1997-06-05,257.51,-3.67,-8.81,240.01
arabica,1997-06-06,263.12,2.18,-6.82,245.28
arabica,1997-06-09,269.85,2.56,-4.44,251.56
arabica,1997-06-10,250.39,-7.21,-11.33,233.42
arabica,1997-06-11,244.20,-2.47,-13.52,227.54
arabica,1997-06-12,253.04,3.62,-10.39,235.72
arabica,1997-06-13,236.14,-6.68,-16.38,219.77
arabica,1997-06-16,230.40,-2.43,-18.41,214.62
arabica,1997-06-17,242.38,5.20,-14.17,225.70
arabica,1997-06-18,231.55,-4.47,-18.00,215.44
arabica,1997-06-19,241.77,4.41,-14.38,224.80
arabica,1997-06-20,240.80,-0.40,-14.72,223.44
arabica,1997-06-23,234.30,-2.70,-17.03,217.69
arabica,1997-06-24,230.68,-1.55,-18.31,214.18
arabica,1997-06-25,228.49,-0.95,-19.08,212.25
arabica,1997-06-26,216.36,-5.31,-23.38,200.98
arabica,1997-06-27,213.79,-1.19,-24.29,198.49
arabica,1997-06-30,216.52,1.28,-23.32,201.00
arabica,1997-07-01,216.54,0.01,0.01,201.08
arabica,1997-07-02,212.75,-1.75,-1.74,197.52
arabica,1997-07-03,209.18,-1.68,-3.39,194.16
arabica,1997-07-04,207.24,-0.93,-4.29,192.32
arabica,1997-07-07,197.63,-4.64,-8.72,183.36
arabica,1997-07-08,201.62,2.02,-6.88,186.85
arabica,1997-07-10,187.71,-6.90,-13.31,173.90
arabica,1997-07-11,193.34,3.00,-10.71,179.00
arabica,1997-07-14,193.33,-0.01,-10.71,178.93
arabica,1997-07-15,188.82,-2.33,-12.79,174.75
arabica,1997-07-16,190.88,1.09,-11.84,176.62
arabica,1997-07-17,189.09,-0.94,-12.67,175.00
arabica,1997-07-18,192.82,1.97,-10.95,178.32
arabica,1997-07-21,185.57,-3.76,-14.29,171.64
arabica,1997-07-22,190.95,2.90,-11.81,176.59
arabica,1997-07-23,199.91,4.69,-7.67,184.76
arabica,1997-07-24,198.11,-0.90,-8.50,183.11
arabica,1997-07-25,195.52,-1.31,-9.70,180.69
arabica,1997-07-28,202.17,3.40,-6.63,186.78
arabica,1997-07-29,202.26,0.04,-6.59,186.74
arabica,1997-07-30,201.41,-0.42,-6.98,186.00
arabica,1997-07-31,198.91,-1.24,-8.13,183.67
arabica,1997-08-01,199.74,0.42,0.42,184.41
arabica,1997-08-04,207.72,4.00,4.43,191.79
arabica,1997-08-05,212.52,2.31,6.84,196.03
arabica,1997-08-06,209.95,-1.21,5.55,193.64
arabica,1997-08-07,217.10,3.41,9.14,200.24
arabica,1997-08-08,216.91,-0.09,9.05,199.81
arabica,1997-08-11,214.64,-1.05,7.91,197.73
arabica,1997-08-12,209.43,-2.43,5.29,192.89
arabica,1997-08-13,204.68,-2.27,2.90,188.47
arabica,1997-08-14,208.70,1.96,4.92,192.17
arabica,1997-08-15,204.64,-1.95,2.88,188.23
arabica,1997-08-18,205.12,0.23,3.12,188.48
arabica,1997-08-19,211.52,3.12,6.34,194.16
arabica,1997-08-20,205.36,-2.91,3.24,188.62
arabica,1997-08-21,209.22,1.88,5.18,192.22
arabica,1997-08-22,207.05,-1.04,4.09,189.71
arabica,1997-08-25,207.15,0.05,4.14,189.80
arabica,1997-08-26,208.55,0.68,4.85,190.92
arabica,1997-08-27,212.68,1.98,6.92,194.76
arabica,1997-08-28,214.01,0.63,7.59,196.02
arabica,1997-08-29,220.30,2.94,10.75,201.74
arabica,1997-09-01,221.28,0.44,0.44,202.68
arabica,1997-09-02,227.33,2.73,3.19,208.16
arabica,1997-09-03,235.33,3.52,6.82,215.41
arabica,1997-09-04,240.38,2.15,9.11,220.13
arabica,1997-09-05,235.64,-1.97,6.96,215.95
arabica,1997-09-08,234.72,-0.39,6.55,215.12
arabica,1997-09-09,231.20,-1.50,4.95,211.92
arabica,1997-09-10,230.28,-0.40,4.53,210.97
arabica,1997-09-11,233.12,1.23,5.82,213.54
arabica,1997-09-12,219.85,-5.69,-0.20,201.31
arabica,1997-09-15,215.80,-1.84,-2.04,197.60
arabica,1997-09-16,211.41,-2.03,-4.04,193.48
arabica,1997-09-17,217.74,2.99,-1.16,199.18
arabica,1997-09-18,211.79,-2.73,-3.86,193.62
arabica,1997-09-19,217.31,2.61,-1.36,198.61
arabica,1997-09-22,213.67,-1.68,-3.01,195.26
arabica,1997-09-23,212.34,-0.62,-3.61,193.94
arabica,1997-09-24,212.53,0.09,-3.53,194.09
arabica,1997-09-25,208.18,-2.05,-5.50,190.05
arabica,1997-09-26,207.24,-0.45,-5.93,189.17
arabica,1997-09-29,205.74,-0.72,-6.61,187.74
arabica,1997-09-30,205.86,0.06,-6.55,187.82
arabica,1997-10-01,204.97,-0.43,-0.43,186.92
arabica,1997-10-02,202.78,-1.07,-1.50,184.90
arabica,1997-10-03,204.12,0.66,-0.85,186.09
arabica,1997-10-06,211.27,3.50,2.63,192.57
arabica,1997-10-07,204.07,-3.41,-0.87,185.96
arabica,1997-10-08,207.74,1.80,0.91,189.30
arabica,1997-10-09,205.72,-0.97,-0.07,187.38
arabica,1997-10-10,208.21,1.21,1.14,189.58
arabica,1997-10-13,207.95,-0.12,1.02,189.37
arabica,1997-10-14,208.59,0.31,1.33,189.90
arabica,1997-10-15,210.38,0.86,2.20,191.41
arabica,1997-10-16,205.45,-2.34,-0.20,186.89
arabica,1997-10-17,199.83,-2.74,-2.93,181.76
arabica,1997-10-20,199.86,0.02,-2.91,181.73
arabica,1997-10-21,199.78,-0.04,-2.95,181.65
arabica,1997-10-22,200.30,0.26,-2.70,181.99
arabica,1997-10-23,198.57,-0.86,-3.54,180.44
arabica,1997-10-24,197.88,-0.35,-3.88,179.74
arabica,1997-10-27,198.16,0.14,-3.74,179.41
arabica,1997-10-28,196.08,-1.05,-4.75,178.10
arabica,1997-10-29,197.75,0.85,-3.94,179.46
arabica,1997-10-30,196.98,-0.39,-4.31,178.04
arabica,1997-10-31,195.09,-0.96,-5.23,176.92
arabica,1997-11-03,190.96,-2.12,-2.12,173.19
arabica,1997-11-04,189.46,-0.79,-2.89,171.67
arabica,1997-11-05,193.45,2.11,-0.84,175.29
arabica,1997-11-06,189.87,-1.85,-2.68,171.50
arabica,1997-11-07,195.22,2.82,0.07,176.43
arabica,1997-11-10,199.18,2.03,2.10,180.19
arabica,1997-11-11,198.75,-0.22,1.88,179.91
arabica,1997-11-12,201.40,1.33,3.23,182.08
arabica,1997-11-13,203.85,1.22,4.49,184.01
arabica,1997-11-14,204.81,0.47,4.98,185.01
arabica,1997-11-17,204.32,-0.24,4.73,184.82
arabica,1997-11-18,205.46,0.56,5.32,185.82
arabica,1997-11-19,209.35,1.89,7.31,188.96
arabica,1997-11-20,204.78,-2.18,4.97,184.49
arabica,1997-11-21,205.04,0.13,5.10,184.80
arabica,1997-11-24,203.97,-0.52,4.55,183.99
arabica,1997-11-25,205.77,0.88,5.47,185.40
arabica,1997-11-26,207.50,0.84,6.36,186.89
arabica,1997-11-27,207.69,0.09,6.46,187.45
arabica,1997-11-28,208.06,0.18,6.65,187.57
arabica,1997-12-01,215.71,3.68,3.68,194.49
arabica,1997-12-02,220.82,2.37,6.13,199.11
arabica,1997-12-03,222.12,0.59,6.76,200.09
arabica,1997-12-04,223.59,0.66,7.46,201.41
arabica,1997-12-05,227.59,1.79,9.39,205.00
arabica,1997-12-08,228.61,0.45,9.88,205.66
arabica,1997-12-09,239.89,4.93,15.30,215.81
arabica,1997-12-10,247.53,3.18,18.97,222.20
arabica,1997-12-11,245.91,-0.65,18.19,220.53
arabica,1997-12-12,244.97,-0.38,17.74,219.41
arabica,1997-12-15,249.01,1.65,19.68,223.81
arabica,1997-12-16,232.70,-6.55,11.84,208.96
arabica,1997-12-17,224.82,-3.39,8.06,201.87
arabica,1997-12-18,226.06,0.55,8.65,202.98
arabica,1997-12-19,221.52,-2.01,6.47,198.87
arabica,1997-12-22,217.19,-1.95,4.39,194.86
arabica,1997-12-23,222.41,2.40,6.90,199.56
arabica,1997-12-26,221.09,-0.59,6.26,198.33
arabica,1997-12-29,225.11,1.82,8.19,201.96
arabica,1997-12-30,225.80,0.31,8.53,202.31
arabica,1998-01-02,226.14,0.15,0.15,202.61
arabica,1998-01-05,230.00,1.71,1.86,206.09
arabica,1998-01-06,226.20,-1.65,0.18,202.67
arabica,1998-01-07,230.03,1.69,1.87,205.92
arabica,1998-01-08,237.43,3.22,5.15,212.06
arabica,1998-01-09,238.48,0.44,5.62,213.37
arabica,1998-01-12,238.58,0.04,5.66,213.24
arabica,1998-01-13,247.70,3.82,9.70,221.53
arabica,1998-01-14,249.61,0.77,10.54,222.81
arabica,1998-01-15,250.63,0.41,11.00,223.57
arabica,1998-01-16,246.19,-1.77,9.03,219.62
arabica,1998-01-19,244.52,-0.68,8.29,218.48
arabica,1998-01-20,251.71,2.94,11.47,224.73
arabica,1998-01-21,252.10,0.15,11.65,225.05
arabica,1998-01-22,248.69,-1.35,10.14,222.02
arabica,1998-01-23,248.64,-0.02,10.12,221.78
arabica,1998-01-26,247.77,-0.35,9.73,221.00
arabica,1998-01-27,240.28,-3.02,6.41,214.13
arabica,1998-01-28,245.65,2.23,8.79,218.86
arabica,1998-01-29,248.16,1.02,9.90,220.96
arabica,1998-01-30,247.00,-0.47,9.39,219.92
arabica,1998-02-02,248.87,0.76,0.76,221.59
arabica,1998-02-03,247.66,-0.49,0.27,220.32
arabica,1998-02-04,248.22,0.23,0.49,220.81
arabica,1998-02-05,247.91,-0.12,0.37,220.54
arabica,1998-02-06,245.00,-1.17,-0.81,217.76
arabica,1998-02-09,238.36,-2.71,-3.50,211.86
arabica,1998-02-10,233.66,-1.97,-5.40,207.50
arabica,1998-02-11,232.16,-0.64,-6.01,206.16
arabica,1998-02-12,232.18,0.01,-6.00,206.14
arabica,1998-02-13,232.17,-0.00,-6.00,205.95
arabica,1998-02-16,230.03,-0.92,-6.87,204.11
arabica,1998-02-17,229.46,-0.25,-7.10,203.40
arabica,1998-02-18,236.67,3.14,-4.18,209.79
arabica,1998-02-19,242.83,2.60,-1.69,215.08
arabica,1998-02-20,241.68,-0.47,-2.15,214.04
arabica,1998-02-25,239.06,-1.08,-3.21,211.67
arabica,1998-02-26,238.65,-0.17,-3.38,211.29
arabica,1998-02-27,231.98,-2.79,-6.08,205.28
arabica,1998-03-02,228.38,-1.55,-1.55,202.09
arabica,1998-03-03,224.81,-1.56,-3.09,198.95
arabica,1998-03-04,226.28,0.65,-2.46,200.06
arabica,1998-03-05,223.95,-1.03,-3.46,197.99
arabica,1998-03-06,219.48,-2.00,-5.39,194.03
arabica,1998-03-09,221.34,0.85,-4.59,195.51
arabica,1998-03-10,220.43,-0.41,-4.98,194.71
arabica,1998-03-11,221.38,0.43,-4.57,195.56
arabica,1998-03-12,215.77,-2.53,-6.99,190.59
arabica,1998-03-13,210.36,-2.51,-9.32,185.65
arabica,1998-03-16,211.09,0.35,-9.01,186.30
arabica,1998-03-17,205.94,-2.44,-11.23,181.78
arabica,1998-03-18,200.46,-2.66,-13.59,176.77
arabica,1998-03-19,193.75,-3.35,-16.48,170.84
arabica,1998-03-20,192.01,-0.90,-17.23,169.29
arabica,1998-03-23,192.92,0.47,-16.84,170.08
arabica,1998-03-24,193.83,0.47,-16.45,170.87
arabica,1998-03-25,195.11,0.66,-15.89,171.83
arabica,1998-03-26,196.06,0.49,-15.48,172.67
arabica,1998-03-27,195.47,-0.30,-15.74,172.05
arabica,1998-03-30,196.45,0.50,-15.32,172.91
arabica,1998-03-31,198.14,0.86,-14.59,174.25
arabica,1998-04-01,195.19,-1.49,-1.49,171.66
arabica,1998-04-02,194.85,-0.17,-1.66,171.36
arabica,1998-04-03,191.28,-1.83,-3.46,168.07
arabica,1998-04-06,192.84,0.82,-2.67,169.26
arabica,1998-04-07,192.36,-0.25,-2.92,169.01
arabica,1998-04-08,194.35,1.03,-1.91,170.61
arabica,1998-04-13,200.68,3.26,1.28,176.13
arabica,1998-04-14,201.08,0.20,1.48,176.39
arabica,1998-04-15,199.79,-0.64,0.83,175.18
arabica,1998-04-16,196.65,-1.57,-0.75,172.38
arabica,1998-04-17,197.28,0.32,-0.43,172.90
arabica,1998-04-20,196.25,-0.52,-0.95,171.92
arabica,1998-04-22,193.50,-1.40,-2.34,169.36
arabica,1998-04-23,181.92,-5.98,-8.19,159.08
arabica,1998-04-24,178.83,-1.70,-9.75,156.45
arabica,1998-04-27,176.84,-1.11,-10.75,154.52
arabica,1998-04-28,174.98,-1.05,-11.69,152.77
arabica,1998-04-29,172.97,-1.15,-12.70,151.06
arabica,1998-04-30,168.66,-2.49,-14.88,147.48
arabica,1998-05-04,160.86,-4.62,-4.62,140.66
arabica,1998-05-05,164.76,2.42,-2.31,143.96
arabica,1998-05-06,160.26,-2.73,-4.98,140.00
arabica,1998-05-07,159.86,-0.25,-5.22,139.64
arabica,1998-05-08,160.65,0.49,-4.75,140.29
arabica,1998-05-11,160.91,0.16,-4.60,140.46
arabica,1998-05-12,160.61,-0.19,-4.77,140.13
arabica,1998-05-13,160.49,-0.07,-4.84,139.86
arabica,1998-05-14,162.89,1.50,-3.42,142.06
arabica,1998-05-15,161.78,-0.68,-4.08,141.09
arabica,1998-05-18,162.86,0.67,-3.44,141.74
arabica,1998-05-19,167.76,3.01,-0.53,146.13
arabica,1998-05-20,168.15,0.23,-0.30,146.40
arabica,1998-05-21,166.55,-0.95,-1.25,144.84
arabica,1998-05-22,167.93,0.83,-0.43,145.81
arabica,1998-05-25,167.43,-0.30,-0.73,145.30
arabica,1998-05-26,162.00,-3.24,-3.95,140.44
arabica,1998-05-27,160.21,-1.10,-5.01,139.21
arabica,1998-05-28,160.34,0.08,-4.93,139.46
arabica,1998-05-29,158.89,-0.90,-5.79,138.12
arabica,1998-06-01,150.97,-4.98,-4.98,131.08
arabica,1998-06-02,153.14,1.44,-3.62,133.04
arabica,1998-06-03,154.55,0.92,-2.73,134.24
arabica,1998-06-04,154.21,-0.22,-2.95,133.97
arabica,1998-06-05,152.75,-0.95,-3.86,132.59
arabica,1998-06-08,145.31,-4.87,-8.55,126.06
arabica,1998-06-09,146.88,1.08,-7.56,127.32
arabica,1998-06-10,146.76,-0.08,-7.63,127.21
arabica,1998-06-12,144.89,-1.27,-8.81,125.50
arabica,1998-06-15,142.57,-1.60,-10.27,123.54
arabica,1998-06-16,140.38,-1.54,-11.65,121.59
arabica,1998-06-17,139.68,-0.50,-12.09,120.92
arabica,1998-06-18,137.17,-1.80,-13.67,118.71
arabica,1998-06-19,132.77,-3.21,-16.44,114.97
arabica,1998-06-22,129.70,-2.31,-18.37,112.30
arabica,1998-06-23,128.97,-0.56,-18.83,111.68
arabica,1998-06-24,127.17,-1.40,-19.96,110.03
arabica,1998-06-25,128.55,1.09,-19.09,111.24
arabica,1998-06-26,127.38,-0.91,-19.83,110.15
arabica,1998-06-29,126.02,-1.07,-20.69,108.99
arabica,1998-06-30,125.41,-0.48,-21.07,108.43
arabica,1998-07-01,126.29,0.70,0.70,109.18
arabica,1998-07-02,125.32,-0.77,-0.07,108.36
arabica,1998-07-03,125.37,0.04,-0.03,108.37
arabica,1998-07-06,127.20,1.46,1.43,109.83
arabica,1998-07-07,126.98,-0.17,1.25,109.62
arabica,1998-07-08,129.57,2.04,3.32,111.39
arabica,1998-07-10,128.76,-0.63,2.67,111.04
arabica,1998-07-13,124.33,-3.44,-0.86,106.82
arabica,1998-07-14,125.70,1.10,0.23,108.10
arabica,1998-07-15,126.28,0.46,0.69,108.65
arabica,1998-07-16,127.10,0.65,1.35,109.40
arabica,1998-07-17,127.49,0.31,1.66,109.85
arabica,1998-07-20,128.59,0.86,2.54,110.83
arabica,1998-07-21,128.93,0.26,2.81,111.09
arabica,1998-07-22,132.65,2.89,5.77,114.06
arabica,1998-07-23,132.12,-0.40,5.35,113.33
arabica,1998-07-24,131.08,-0.79,4.52,112.28
arabica,1998-07-27,130.98,-0.08,4.44,112.44
arabica,1998-07-28,134.06,2.35,6.90,114.96
arabica,1998-07-29,135.40,1.00,7.97,116.52
arabica,1998-07-30,141.43,4.45,12.77,121.70
arabica,1998-07-31,147.76,4.48,17.82,127.05
arabica,1998-08-03,148.74,0.66,0.66,127.73
arabica,1998-08-04,146.38,-1.59,-0.93,125.54
arabica,1998-08-05,145.11,-0.87,-1.79,124.31
arabica,1998-08-06,144.16,-0.65,-2.44,123.47
arabica,1998-08-07,143.42,-0.51,-2.94,122.80
arabica,1998-08-10,141.84,-1.10,-4.01,121.36
arabica,1998-08-11,134.39,-5.25,-9.05,114.98
arabica,1998-08-12,131.48,-2.17,-11.02,112.23
arabica,1998-08-13,131.02,-0.35,-11.33,111.84
arabica,1998-08-14,125.97,-3.85,-14.75,107.47
arabica,1998-08-17,129.05,2.45,-12.66,110.02
arabica,1998-08-18,131.06,1.56,-11.30,111.64
arabica,1998-08-19,132.07,0.77,-10.62,112.50
arabica,1998-08-20,129.74,-1.76,-12.20,110.51
arabica,1998-08-21,130.00,0.20,-12.02,110.64
arabica,1998-08-24,131.96,1.51,-10.69,112.31
arabica,1998-08-25,137.00,3.82,-7.28,116.60
arabica,1998-08-26,133.99,-2.20,-9.32,114.31
arabica,1998-08-27,134.31,0.24,-9.10,114.18
arabica,1998-08-28,136.54,1.66,-7.59,116.09
arabica,1998-08-31,134.18,-1.73,-9.19,114.15
arabica,1998-09-01,133.48,-0.52,-0.52,113.41
arabica,1998-09-02,132.61,-0.65,-1.17,112.66
arabica,1998-09-03,132.63,0.02,-1.16,112.59
arabica,1998-09-04,131.62,-0.76,-1.91,111.72
arabica,1998-09-08,133.00,1.05,-0.88,113.08
arabica,1998-09-09,131.69,-0.98,-1.86,111.70
arabica,1998-09-10,127.33,-3.31,-5.11,108.00
arabica,1998-09-11,121.58,-4.52,-9.39,103.12
arabica,1998-09-14,118.18,-2.80,-11.92,100.14
arabica,1998-09-15,119.21,0.87,-11.16,101.06
arabica,1998-09-16,120.06,0.71,-10.52,101.74
arabica,1998-09-17,117.60,-2.05,-12.36,99.74
arabica,1998-09-18,118.04,0.37,-12.03,99.95
arabica,1998-09-21,118.17,0.11,-11.93,100.02
arabica,1998-09-22,119.22,0.89,-11.15,100.73
arabica,1998-09-23,119.13,-0.08,-11.22,100.66
arabica,1998-09-24,119.84,0.60,-10.69,101.26
arabica,1998-09-25,119.84,0.00,-10.69,101.16
arabica,1998-09-28,123.96,3.44,-7.62,104.65
arabica,1998-09-29,122.00,-1.58,-9.08,102.99
arabica,1998-09-30,119.85,-1.76,-10.68,101.10
arabica,1998-10-01,117.56,-1.91,-1.91,99.74
arabica,1998-10-02,116.35,-1.03,-2.92,98.22
arabica,1998-10-05,118.20,1.59,-1.38,99.74
arabica,1998-10-06,119.76,1.32,-0.08,101.26
arabica,1998-10-07,121.98,1.85,1.78,103.17
arabica,1998-10-08,126.94,4.07,5.92,107.18
arabica,1998-10-09,125.10,-1.45,4.38,105.44
arabica,1998-10-13,120.55,-3.64,0.58,101.51
arabica,1998-10-14,120.78,0.19,0.78,101.62
arabica,1998-10-15,124.64,3.20,4.00,104.87
arabica,1998-10-16,121.83,-2.25,1.65,102.51
arabica,1998-10-19,122.72,0.73,2.39,103.16
arabica,1998-10-20,121.34,-1.12,1.24,102.13
arabica,1998-10-21,122.28,0.77,2.03,102.76
arabica,1998-10-22,123.63,1.10,3.15,103.89
arabica,1998-10-23,123.41,-0.18,2.97,103.62
arabica,1998-10-26,126.77,2.72,5.77,106.44
arabica,1998-10-27,122.62,-3.27,2.31,102.87
arabica,1998-10-28,124.10,1.21,3.55,104.11
arabica,1998-10-29,125.28,0.95,4.53,105.17
arabica,1998-10-30,126.58,1.04,5.62,106.10
arabica,1998-11-03,141.37,11.68,11.68,118.66
arabica,1998-11-04,134.75,-4.68,6.45,113.19
arabica,1998-11-05,134.32,-0.32,6.11,113.04
arabica,1998-11-06,135.38,0.79,6.95,113.95
arabica,1998-11-09,132.02,-2.48,4.30,110.97
arabica,1998-11-10,130.85,-0.89,3.37,109.88
arabica,1998-11-11,130.92,0.05,3.43,110.02
arabica,1998-11-12,129.98,-0.72,2.69,109.15
arabica,1998-11-13,128.75,-0.95,1.71,108.14
arabica,1998-11-16,129.99,0.96,2.69,109.16
arabica,1998-11-17,130.88,0.68,3.40,109.95
arabica,1998-11-18,129.47,-1.08,2.28,108.55
arabica,1998-11-19,130.73,0.97,3.28,109.37
arabica,1998-11-20,131.12,0.30,3.59,109.61
arabica,1998-11-23,129.01,-1.61,1.92,107.92
arabica,1998-11-24,131.64,2.04,4.00,109.95
arabica,1998-11-25,133.40,1.34,5.39,111.22
arabica,1998-11-26,133.08,-0.24,5.14,110.91
arabica,1998-11-27,134.78,1.28,6.48,112.27
arabica,1998-11-30,135.13,0.26,6.75,112.46
arabica,1998-12-01,135.44,0.23,0.23,112.74
arabica,1998-12-02,135.35,-0.07,0.16,112.76
arabica,1998-12-03,137.64,1.69,1.86,114.51
arabica,1998-12-04,136.84,-0.58,1.27,113.80
arabica,1998-12-07,137.03,0.14,1.41,113.96
arabica,1998-12-08,138.05,0.74,2.16,114.71
arabica,1998-12-09,139.03,0.71,2.89,115.53
arabica,1998-12-10,143.23,3.02,5.99,119.15
arabica,1998-12-11,142.75,-0.34,5.64,118.50
arabica,1998-12-14,144.96,1.55,7.27,120.35
arabica,1998-12-15,148.15,2.20,9.64,123.05
arabica,1998-12-16,147.24,-0.61,8.96,122.21
arabica,1998-12-17,146.77,-0.32,8.61,121.64
arabica,1998-12-18,146.28,-0.33,8.25,121.24
arabica,1998-12-21,141.75,-3.10,4.90,117.48
arabica,1998-12-22,142.53,0.55,5.48,118.09
arabica,1998-12-23,143.59,0.74,6.26,118.90
arabica,1998-12-28,142.52,-0.75,5.47,117.98
arabica,1998-12-29,145.50,2.09,7.67,120.45
arabica,1998-12-30,147.00,1.03,8.78,121.69
arabica,1999-01-04,151.98,3.39,3.39,125.89
arabica,1999-01-05,148.43,-2.34,0.97,122.86
arabica,1999-01-06,149.95,1.02,2.01,124.01
arabica,1999-01-07,150.71,0.51,2.52,124.55
arabica,1999-01-08,151.50,0.52,3.06,125.21
arabica,1999-01-11,152.64,0.75,3.84,126.07
arabica,1999-01-12,152.46,-0.12,3.71,125.90
arabica,1999-01-13,156.65,2.75,6.56,118.67
arabica,1999-01-14,163.03,4.07,10.90,123.51
arabica,1999-01-15,172.16,5.60,17.12,119.56
arabica,1999-01-18,171.29,-0.51,16.52,107.73
arabica,1999-01-19,166.63,-2.72,13.35,106.36
arabica,1999-01-20,168.85,1.33,14.86,106.87
arabica,1999-01-21,181.07,7.24,23.18,105.89
arabica,1999-01-22,180.67,-0.22,22.90,104.43
arabica,1999-01-26,192.44,6.51,30.91,104.59
arabica,1999-01-27,191.75,-0.36,30.44,100.39
arabica,1999-01-28,190.17,-0.82,29.37,97.52
arabica,1999-01-29,196.74,3.45,33.84,94.13
arabica,1999-02-01,191.85,-2.49,-2.49,99.92
arabica,1999-02-02,181.86,-5.21,-7.56,103.33
arabica,1999-02-03,176.89,-2.73,-10.09,97.73
arabica,1999-02-04,175.42,-0.83,-10.84,96.92
arabica,1999-02-05,179.48,2.31,-8.77,98.07
arabica,1999-02-08,184.31,2.69,-6.32,96.50
arabica,1999-02-09,187.24,1.59,-4.83,98.03
arabica,1999-02-10,187.43,0.10,-4.73,99.17
arabica,1999-02-11,190.80,1.80,-3.02,99.37
arabica,1999-02-12,191.44,0.34,-2.69,100.23
arabica,1999-02-17,185.45,-3.13,-5.74,96.59
arabica,1999-02-18,187.91,1.33,-4.49,97.87
arabica,1999-02-19,190.05,1.14,-3.40,97.96
arabica,1999-02-22,195.20,2.71,-0.78,99.08
arabica,1999-02-23,201.26,3.10,2.30,100.13
arabica,1999-02-24,199.21,-1.02,1.26,97.65
arabica,1999-02-25,195.64,-1.79,-0.56,95.44
arabica,1999-02-26,193.81,-0.94,-1.49,94.54
arabica,1999-03-01,196.61,1.44,1.44,91.45
arabica,1999-03-02,200.74,2.10,3.58,92.94
arabica,1999-03-03,196.11,-2.31,1.19,89.96
arabica,1999-03-04,198.52,1.23,2.43,95.91
arabica,1999-03-05,197.38,-0.57,1.84,99.44
arabica,1999-03-08,192.85,-2.30,-0.50,97.40
arabica,1999-03-09,191.16,-0.88,-1.37,101.14
arabica,1999-03-10,188.43,-1.43,-2.78,100.76
arabica,1999-03-11,188.59,0.08,-2.69,98.74
arabica,1999-03-12,188.71,0.06,-2.63,98.29
arabica,1999-03-15,185.29,-1.81,-4.40,99.09
arabica,1999-03-16,187.03,0.94,-3.50,99.75
arabica,1999-03-17,189.23,1.18,-2.36,100.66
arabica,1999-03-18,184.18,-2.67,-4.97,99.29
arabica,1999-03-19,184.15,-0.02,-4.98,99.54
arabica,1999-03-22,182.96,-0.65,-5.60,99.16
arabica,1999-03-23,181.04,-1.05,-6.59,97.86
arabica,1999-03-24,182.41,0.76,-5.88,98.60
arabica,1999-03-25,179.70,-1.49,-7.28,100.11
arabica,1999-03-26,183.46,2.09,-5.34,103.65
arabica,1999-03-29,188.81,2.92,-2.58,107.28
arabica,1999-03-30,188.16,-0.34,-2.92,107.52
arabica,1999-03-31,183.82,-2.31,-5.15,106.87
arabica,1999-04-05,180.07,-2.04,-2.04,103.49
arabica,1999-04-06,179.81,-0.14,-2.18,103.63
arabica,1999-04-07,176.63,-1.77,-3.91,101.81
arabica,1999-04-08,171.11,-3.13,-6.91,99.77
arabica,1999-04-09,170.92,-0.11,-7.02,100.24
arabica,1999-04-12,169.12,-1.05,-8.00,99.78
arabica,1999-04-13,165.27,-2.28,-10.09,99.26
arabica,1999-04-14,165.47,0.12,-9.98,98.49
arabica,1999-04-15,166.03,0.34,-9.68,100.02
arabica,1999-04-16,166.23,0.12,-9.57,98.95
arabica,1999-04-19,173.94,4.64,-5.37,103.53
arabica,1999-04-20,172.94,-0.57,-5.92,99.96
arabica,1999-04-22,169.01,-2.27,-8.06,99.54
arabica,1999-04-23,167.08,-1.14,-9.11,98.57
arabica,1999-04-26,169.99,1.74,-7.52,99.82
arabica,1999-04-27,174.35,2.56,-5.15,101.96
arabica,1999-04-28,172.62,-0.99,-6.09,102.51
arabica,1999-04-29,174.79,1.26,-4.91,104.60
arabica,1999-04-30,174.38,-0.23,-5.14,104.54
arabica,1999-05-03,172.54,-1.06,-1.06,103.01
arabica,1999-05-04,172.85,0.18,-0.88,102.52
arabica,1999-05-05,174.49,0.95,0.06,103.68
arabica,1999-05-06,173.96,-0.30,-0.24,103.48
arabica,1999-05-07,173.95,-0.01,-0.25,104.79
arabica,1999-05-10,175.22,0.73,0.48,106.26
arabica,1999-05-11,179.61,2.51,3.00,108.39
arabica,1999-05-12,178.32,-0.72,2.26,107.88
arabica,1999-05-13,175.78,-1.42,0.80,106.21
arabica,1999-05-14,179.91,2.35,3.17,108.64
arabica,1999-05-17,180.80,0.49,3.68,108.39
arabica,1999-05-18,189.74,4.94,8.81,113.89
arabica,1999-05-19,200.48,5.66,14.97,119.90
arabica,1999-05-20,199.70,-0.39,14.52,118.45
arabica,1999-05-21,197.89,-0.91,13.48,116.41
arabica,1999-05-24,197.63,-0.13,13.33,114.57
arabica,1999-05-25,200.41,1.41,14.93,115.84
arabica,1999-05-26,208.05,3.81,19.31,122.10
arabica,1999-05-27,209.30,0.60,20.03,121.69
arabica,1999-05-28,205.72,-1.71,17.97,119.54
arabica,1999-05-31,206.04,0.16,18.16,119.65
arabica,1999-06-01,204.88,-0.56,-0.56,117.41
arabica,1999-06-02,208.22,1.63,1.06,119.81
arabica,1999-06-04,206.89,-0.64,0.41,119.11
arabica,1999-06-07,193.00,-6.71,-6.33,110.79
arabica,1999-06-08,183.00,-5.18,-11.18,104.45
arabica,1999-06-09,183.19,0.10,-11.09,104.68
arabica,1999-06-10,183.98,0.43,-10.71,104.53
arabica,1999-06-11,183.89,-0.05,-10.75,103.13
arabica,1999-06-14,183.61,-0.15,-10.89,102.52
arabica,1999-06-15,182.93,-0.37,-11.22,102.77
arabica,1999-06-16,186.59,2.00,-9.44,105.54
arabica,1999-06-17,185.80,-0.42,-9.82,106.23
arabica,1999-06-18,186.53,0.39,-9.47,105.98
arabica,1999-06-21,181.30,-2.80,-12.01,102.55
arabica,1999-06-22,185.05,2.07,-10.19,104.25
arabica,1999-06-23,185.71,0.36,-9.87,103.92
arabica,1999-06-24,186.18,0.25,-9.64,103.66
arabica,1999-06-25,183.80,-1.28,-10.79,102.34
arabica,1999-06-28,179.72,-2.22,-12.77,101.08
arabica,1999-06-29,179.24,-0.27,-13.01,101.21
arabica,1999-06-30,179.87,0.35,-12.70,102.55
arabica,1999-07-01,174.95,-2.74,-2.74,98.73
arabica,1999-07-02,168.09,-3.92,-6.55,95.40
arabica,1999-07-05,162.65,-3.24,-9.57,92.05
arabica,1999-07-06,154.10,-5.26,-14.33,86.67
arabica,1999-07-07,155.51,0.91,-13.54,87.22
arabica,1999-07-08,163.13,4.90,-9.31,90.73
arabica,1999-07-12,155.22,-4.85,-13.70,84.59
arabica,1999-07-13,157.25,1.31,-12.58,86.16
arabica,1999-07-14,162.06,3.06,-9.90,89.00
arabica,1999-07-15,159.20,-1.76,-11.49,88.05
arabica,1999-07-16,156.90,-1.44,-12.77,87.31
arabica,1999-07-19,161.01,2.62,-10.49,89.90
arabica,1999-07-20,160.89,-0.07,-10.55,88.69
arabica,1999-07-21,160.90,0.01,-10.55,88.55
arabica,1999-07-22,164.14,2.01,-8.75,90.39
arabica,1999-07-23,159.81,-2.64,-11.15,87.81
arabica,1999-07-26,163.17,2.10,-9.28,89.41
arabica,1999-07-27,165.47,1.41,-8.01,91.32
arabica,1999-07-28,162.23,-1.96,-9.81,90.53
arabica,1999-07-29,161.56,-0.41,-10.18,90.16
arabica,1999-07-30,156.26,-3.28,-13.13,86.72
arabica,1999-08-02,160.69,2.84,2.84,88.05
arabica,1999-08-03,160.84,0.09,2.93,88.42
arabica,1999-08-04,159.85,-0.62,2.30,87.25
arabica,1999-08-05,161.13,0.80,3.12,87.15
arabica,1999-08-06,159.69,-0.89,2.20,86.56
arabica,1999-08-09,161.37,1.05,3.27,86.57
arabica,1999-08-10,161.99,0.38,3.67,86.86
arabica,1999-08-11,166.26,2.64,6.40,89.44
arabica,1999-08-12,161.37,-2.94,3.27,86.39
arabica,1999-08-13,170.76,5.82,9.28,91.07
arabica,1999-08-16,154.80,-9.35,-0.93,82.21
arabica,1999-08-17,158.13,2.15,1.20,84.15
arabica,1999-08-18,161.78,2.31,3.53,84.92
arabica,1999-08-19,161.09,-0.43,3.09,83.12
arabica,1999-08-20,160.65,-0.27,2.81,83.89
arabica,1999-08-23,160.03,-0.39,2.41,85.49
arabica,1999-08-24,160.57,0.34,2.76,83.72
arabica,1999-08-25,161.73,0.72,3.50,83.37
arabica,1999-08-26,160.76,-0.60,2.88,83.82
arabica,1999-08-27,160.41,-0.22,2.66,82.60
arabica,1999-08-30,157.77,-1.65,0.97,81.79
arabica,1999-08-31,158.02,0.16,1.13,82.35
arabica,1999-09-01,163.68,3.58,3.58,84.81
arabica,1999-09-02,164.20,0.32,3.91,85.61
arabica,1999-09-03,160.80,-2.07,1.76,83.97
arabica,1999-09-06,159.84,-0.60,1.15,83.95
arabica,1999-09-08,158.51,-0.83,0.31,84.09
arabica,1999-09-09,152.28,-3.93,-3.63,81.30
arabica,1999-09-10,148.64,-2.39,-5.94,79.28
arabica,1999-09-13,149.68,0.70,-5.28,79.03
arabica,1999-09-14,149.96,0.19,-5.10,79.76
arabica,1999-09-15,146.69,-2.18,-7.17,78.03
arabica,1999-09-16,145.92,-0.52,-7.66,77.49
arabica,1999-09-17,145.02,-0.62,-8.23,77.22
arabica,1999-09-20,141.97,-2.10,-10.16,75.80
arabica,1999-09-21,140.24,-1.22,-11.25,74.48
arabica,1999-09-22,139.51,-0.52,-11.71,73.70
arabica,1999-09-23,142.84,2.39,-9.61,75.10
arabica,1999-09-24,144.60,1.23,-8.49,75.59
arabica,1999-09-27,146.30,1.18,-7.42,76.00
arabica,1999-09-28,148.89,1.77,-5.78,77.11
arabica,1999-09-29,151.86,1.99,-3.90,78.89
arabica,1999-09-30,145.58,-4.14,-7.87,74.89
arabica,1999-10-01,143.90,-1.15,-1.15,74.25
arabica,1999-10-04,146.39,1.73,0.56,75.42
arabica,1999-10-05,153.18,4.64,5.22,78.47
arabica,1999-10-06,155.33,1.40,6.70,79.49
arabica,1999-10-07,154.72,-0.39,6.28,79.88
arabica,1999-10-08,155.10,0.25,6.54,79.25
arabica,1999-10-11,165.77,6.88,13.87,85.01
arabica,1999-10-13,214.27,29.26,47.18,109.38
arabica,1999-10-14,193.95,-9.48,33.23,98.55
arabica,1999-10-15,197.96,2.07,35.98,100.08
arabica,1999-10-18,169.30,-14.48,16.29,84.73
arabica,1999-10-19,174.24,2.92,19.69,86.99
arabica,1999-10-20,175.22,0.56,20.36,88.01
arabica,1999-10-21,164.15,-6.32,12.76,82.49
arabica,1999-10-22,170.79,4.05,17.32,86.52
arabica,1999-10-25,186.80,9.37,28.31,94.16
arabica,1999-10-26,178.01,-4.71,22.28,89.23
arabica,1999-10-27,180.35,1.31,23.88,90.63
arabica,1999-10-28,188.18,4.34,29.26,95.33
arabica,1999-10-29,191.70,1.87,31.68,98.36
arabica,1999-11-01,208.43,8.73,8.73,107.27
arabica,1999-11-03,200.32,-3.89,4.50,103.10
arabica,1999-11-04,199.68,-0.32,4.16,104.00
arabica,1999-11-05,196.96,-1.36,2.74,102.53
arabica,1999-11-08,209.47,6.35,9.27,108.59
arabica,1999-11-09,214.00,2.16,11.63,110.59
arabica,1999-11-10,211.74,-1.06,10.45,109.71
arabica,1999-11-11,218.07,2.99,13.76,112.76
arabica,1999-11-12,229.40,5.20,19.67,118.55
arabica,1999-11-16,242.97,5.92,26.74,125.63
arabica,1999-11-17,245.88,1.20,28.26,127.33
arabica,1999-11-18,218.48,-11.14,13.97,113.20
arabica,1999-11-19,224.15,2.60,16.93,116.02
arabica,1999-11-22,227.88,1.66,18.87,117.83
arabica,1999-11-23,215.35,-5.50,12.34,111.41
arabica,1999-11-24,214.89,-0.21,12.10,111.34
arabica,1999-11-25,217.27,1.11,13.34,112.69
arabica,1999-11-26,217.03,-0.11,13.21,112.74
arabica,1999-11-29,232.40,7.08,21.23,120.92
arabica,1999-11-30,252.30,8.56,31.61,131.20
arabica,1999-12-01,252.08,-0.09,-0.09,131.71
arabica,1999-12-02,268.33,6.45,6.35,140.93
arabica,1999-12-03,274.57,2.33,8.83,146.20
arabica,1999-12-06,251.32,-8.47,-0.39,134.61
arabica,1999-12-07,249.79,-0.61,-0.99,134.30
arabica,1999-12-08,248.10,-0.68,-1.66,133.03
arabica,1999-12-09,231.07,-6.86,-8.41,123.63
arabica,1999-12-10,241.10,4.34,-4.44,129.35
arabica,1999-12-13,237.96,-1.30,-5.68,128.49
arabica,1999-12-14,234.67,-1.38,-6.99,126.78
arabica,1999-12-15,243.65,3.83,-3.43,131.84
arabica,1999-12-16,251.05,3.04,-0.50,136.67
arabica,1999-12-17,252.42,0.55,0.05,139.61
arabica,1999-12-20,260.96,3.38,3.43,144.02
arabica,1999-12-21,230.62,-11.63,-8.59,126.30
arabica,1999-12-22,223.98,-2.88,-11.22,123.00
arabica,1999-12-23,228.38,1.96,-9.48,124.66
arabica,1999-12-27,227.01,-0.60,-10.02,123.91
arabica,1999-12-28,227.69,0.30,-9.75,124.35
arabica,1999-12-29,226.75,-0.41,-10.13,125.34
arabica,1999-12-30,229.21,1.08,-9.15,128.05
arabica,2000-01-03,217.00,-5.33,-5.33,119.23
arabica,2000-01-04,220.51,1.62,-3.80,118.62
arabica,2000-01-05,230.85,4.69,0.72,125.46
arabica,2000-01-06,231.90,0.45,1.17,125.76
arabica,2000-01-07,230.81,-0.47,0.70,125.99
arabica,2000-01-10,240.49,4.19,4.92,132.43
arabica,2000-01-11,236.49,-1.66,3.18,129.80
arabica,2000-01-12,237.28,0.33,3.52,129.66
arabica,2000-01-13,237.34,0.03,3.55,130.91
arabica,2000-01-14,227.42,-4.18,-0.78,125.93
arabica,2000-01-17,222.33,-2.24,-3.00,123.93
arabica,2000-01-18,224.64,1.04,-1.99,125.29
arabica,2000-01-19,224.98,0.15,-1.85,125.48
arabica,2000-01-20,218.37,-2.94,-4.73,122.47
arabica,2000-01-21,215.03,-1.53,-6.19,121.21
arabica,2000-01-24,214.56,-0.22,-6.39,120.95
arabica,2000-01-25,212.11,-1.14,-7.46,119.36
arabica,2000-01-26,214.58,1.16,-6.38,120.55
arabica,2000-01-27,214.71,0.06,-6.33,120.55
arabica,2000-01-28,213.85,-0.40,-6.70,118.87
arabica,2000-01-31,209.59,-1.99,-8.56,117.55
arabica,2000-02-01,211.22,0.78,0.78,118.00
arabica,2000-02-02,213.16,0.92,1.70,119.28
arabica,2000-02-03,214.29,0.53,2.24,119.98
arabica,2000-02-04,216.70,1.12,3.39,122.50
arabica,2000-02-07,215.33,-0.63,2.74,121.66
arabica,2000-02-08,212.00,-1.55,1.15,120.04
arabica,2000-02-09,210.08,-0.91,0.23,118.83
arabica,2000-02-10,210.58,0.24,0.47,119.24
arabica,2000-02-11,209.91,-0.32,0.15,118.59
arabica,2000-02-14,201.45,-4.03,-3.88,113.62
arabica,2000-02-15,196.56,-2.43,-6.22,110.49
arabica,2000-02-16,194.05,-1.28,-7.41,109.39
arabica,2000-02-17,191.58,-1.27,-8.59,107.99
arabica,2000-02-18,188.60,-1.56,-10.01,106.02
arabica,2000-02-21,184.07,-2.40,-12.18,103.47
arabica,2000-02-22,184.41,0.18,-12.01,103.20
arabica,2000-02-23,184.24,-0.09,-12.10,103.27
arabica,2000-02-24,181.37,-1.56,-13.46,102.01
arabica,2000-02-25,172.84,-4.70,-17.53,97.59
arabica,2000-02-28,176.32,2.01,-15.87,99.17
arabica,2000-02-29,176.51,0.11,-15.78,99.78
arabica,2000-03-01,180.52,2.27,2.27,102.28
arabica,2000-03-02,189.06,4.73,7.11,107.54
arabica,2000-03-03,192.88,2.02,9.27,110.40
arabica,2000-03-08,196.99,2.13,11.60,113.02
arabica,2000-03-09,200.86,1.96,13.80,115.37
arabica,2000-03-10,199.89,-0.48,13.25,114.55
arabica,2000-03-13,198.88,-0.51,12.67,113.91
arabica,2000-03-14,193.50,-2.71,9.63,111.40
arabica,2000-03-15,192.66,-0.43,9.15,110.73
arabica,2000-03-16,200.13,3.88,13.38,115.15
arabica,2000-03-17,198.08,-1.02,12.22,113.84
arabica,2000-03-20,192.38,-2.88,8.99,110.69
arabica,2000-03-21,194.88,1.30,10.41,112.13
arabica,2000-03-22,197.40,1.29,11.84,114.10
arabica,2000-03-23,188.08,-4.72,6.55,109.35
arabica,2000-03-24,189.98,1.01,7.63,109.56
arabica,2000-03-27,189.74,-0.13,7.50,108.55
arabica,2000-03-28,197.06,3.86,11.64,113.06
arabica,2000-03-29,195.56,-0.76,10.79,112.00
arabica,2000-03-30,195.02,-0.28,10.49,111.50
arabica,2000-03-31,194.66,-0.18,10.28,112.00
arabica,2000-04-03,189.00,-2.91,-2.91,108.44
arabica,2000-04-04,187.45,-0.82,-3.70,107.24
arabica,2000-04-05,189.47,1.08,-2.67,108.45
arabica,2000-04-06,188.15,-0.70,-3.34,107.76
arabica,2000-04-07,187.13,-0.54,-3.87,107.43
arabica,2000-04-10,180.53,-3.53,-7.26,103.69
arabica,2000-04-11,179.52,-0.56,-7.78,102.93
arabica,2000-04-12,173.85,-3.16,-10.69,99.11
arabica,2000-04-13,175.46,0.93,-9.86,98.30
arabica,2000-04-14,172.61,-1.62,-11.33,96.76
arabica,2000-04-17,172.22,-0.23,-11.53,96.97
arabica,2000-04-18,175.99,2.19,-9.59,99.83
arabica,2000-04-19,178.04,1.16,-8.54,100.25
arabica,2000-04-20,180.73,1.51,-7.16,101.19
arabica,2000-04-24,177.62,-1.72,-8.75,98.90
arabica,2000-04-25,181.16,1.99,-6.94,101.21
arabica,2000-04-26,178.91,-1.24,-8.09,99.28
arabica,2000-04-27,178.28,-0.35,-8.41,98.71
arabica,2000-04-28,180.09,1.02,-7.48,99.61
arabica,2000-05-02,184.67,2.54,2.54,102.42
arabica,2000-05-03,177.24,-4.02,-1.58,97.49
arabica,2000-05-04,181.83,2.59,0.97,100.29
arabica,2000-05-05,182.43,0.33,1.30,101.24
arabica,2000-05-08,182.46,0.02,1.32,100.92
arabica,2000-05-09,183.48,0.56,1.88,101.26
arabica,2000-05-10,182.24,-0.68,1.19,100.19
arabica,2000-05-11,178.24,-2.19,-1.03,97.66
arabica,2000-05-12,172.12,-3.43,-4.43,93.70
arabica,2000-05-15,171.63,-0.28,-4.70,93.99
arabica,2000-05-16,173.10,0.86,-3.88,95.11
arabica,2000-05-17,171.84,-0.73,-4.58,93.90
arabica,2000-05-18,171.86,0.01,-4.57,93.71
arabica,2000-05-19,180.91,5.27,0.46,98.37
arabica,2000-05-22,190.65,5.38,5.86,103.00
arabica,2000-05-23,190.58,-0.04,5.82,102.68
arabica,2000-05-24,185.38,-2.73,2.94,100.64
arabica,2000-05-25,178.93,-3.48,-0.64,96.82
arabica,2000-05-26,178.59,-0.19,-0.83,97.27
arabica,2000-05-29,177.54,-0.59,-1.42,96.43
arabica,2000-05-30,180.11,1.45,0.01,98.37
arabica,2000-05-31,169.07,-6.13,-6.12,92.59
arabica,2000-06-01,170.93,1.10,1.10,94.07
arabica,2000-06-02,172.17,0.73,1.83,95.54
arabica,2000-06-05,167.38,-2.78,-1.00,93.41
arabica,2000-06-06,158.04,-5.58,-6.52,87.80
arabica,2000-06-07,163.27,3.31,-3.43,90.91
arabica,2000-06-08,163.59,0.20,-3.24,90.68
arabica,2000-06-09,165.31,1.05,-2.22,91.58
arabica,2000-06-12,164.54,-0.47,-2.68,91.06
arabica,2000-06-13,163.63,-0.55,-3.22,90.35
arabica,2000-06-14,163.53,-0.06,-3.28,90.35
arabica,2000-06-15,158.47,-3.09,-6.27,87.45
arabica,2000-06-16,156.46,-1.27,-7.46,86.73
arabica,2000-06-19,153.27,-2.04,-9.35,84.91
arabica,2000-06-20,150.12,-2.06,-11.21,83.35
arabica,2000-06-21,144.18,-3.96,-14.72,79.57
arabica,2000-06-23,152.40,5.70,-9.86,83.46
arabica,2000-06-26,150.48,-1.26,-11.00,82.50
arabica,2000-06-27,150.41,-0.05,-11.04,82.51
arabica,2000-06-28,149.24,-0.78,-11.73,81.95
arabica,2000-06-29,147.18,-1.38,-12.95,81.27
arabica,2000-06-30,140.21,-4.74,-17.07,77.55
arabica,2000-07-03,138.21,-1.43,-1.43,76.19
arabica,2000-07-04,138.44,0.17,-1.26,76.49
arabica,2000-07-05,140.59,1.55,0.27,77.93
arabica,2000-07-06,134.22,-4.53,-4.27,74.53
arabica,2000-07-07,130.22,-2.98,-7.13,72.34
arabica,2000-07-10,139.35,7.01,-0.61,77.55
arabica,2000-07-11,151.16,8.48,7.81,83.79
arabica,2000-07-12,151.38,0.15,7.97,83.96
arabica,2000-07-13,170.80,12.83,21.82,94.26
arabica,2000-07-14,147.10,-13.88,4.91,81.50
arabica,2000-07-17,168.06,14.25,19.86,93.52
arabica,2000-07-18,195.57,16.37,39.48,108.83
arabica,2000-07-19,182.33,-6.77,30.04,101.01
arabica,2000-07-20,155.06,-14.96,10.59,86.29
arabica,2000-07-21,160.12,3.26,14.20,89.11
arabica,2000-07-24,138.95,-13.22,-0.90,77.54
arabica,2000-07-25,139.75,0.58,-0.33,78.03
arabica,2000-07-26,141.54,1.28,0.95,79.07
arabica,2000-07-27,142.53,0.70,1.65,80.07
arabica,2000-07-28,143.76,0.86,2.53,80.50
arabica,2000-07-31,141.00,-1.92,0.56,79.04
arabica,2000-08-01,141.94,0.67,0.67,79.34
arabica,2000-08-02,142.90,0.68,1.35,79.57
arabica,2000-08-03,143.37,0.33,1.68,79.87
arabica,2000-08-04,143.24,-0.09,1.59,79.93
arabica,2000-08-07,143.07,-0.12,1.47,79.62
arabica,2000-08-08,142.25,-0.57,0.89,79.29
arabica,2000-08-09,133.35,-6.26,-5.43,74.17
arabica,2000-08-10,135.85,1.87,-3.65,75.64
arabica,2000-08-11,139.22,2.48,-1.26,77.26
arabica,2000-08-14,134.21,-3.60,-4.82,74.31
arabica,2000-08-15,135.30,0.81,-4.04,75.00
arabica,2000-08-16,133.83,-1.09,-5.09,73.81
arabica,2000-08-17,137.32,2.61,-2.61,75.95
arabica,2000-08-18,138.00,0.50,-2.13,75.91
arabica,2000-08-21,138.21,0.15,-1.98,75.85
arabica,2000-08-22,138.99,0.56,-1.43,76.49
arabica,2000-08-23,135.13,-2.78,-4.16,74.12
arabica,2000-08-24,139.97,3.58,-0.73,76.91
arabica,2000-08-25,139.48,-0.35,-1.08,76.47
arabica,2000-08-28,133.76,-4.10,-5.13,73.01
arabica,2000-08-29,134.43,0.50,-4.66,73.54
arabica,2000-08-30,132.91,-1.13,-5.74,72.87
arabica,2000-08-31,133.43,0.39,-5.37,73.11
arabica,2000-09-01,134.87,1.08,1.08,73.90
arabica,2000-09-04,132.57,-1.71,-0.64,72.56
arabica,2000-09-05,130.60,-1.49,-2.12,71.60
arabica,2000-09-06,134.77,3.19,1.00,74.01
arabica,2000-09-08,137.64,2.13,3.16,75.67
arabica,2000-09-11,138.68,0.76,3.93,76.11
arabica,2000-09-12,139.54,0.62,4.58,76.25
arabica,2000-09-13,142.84,2.36,7.05,78.01
arabica,2000-09-14,137.92,-3.44,3.37,75.04
arabica,2000-09-15,137.65,-0.20,3.16,74.57
arabica,2000-09-18,140.78,2.27,5.51,75.77
arabica,2000-09-19,141.17,0.28,5.80,76.18
arabica,2000-09-20,135.08,-4.31,1.24,72.74
arabica,2000-09-21,134.00,-0.80,0.43,72.28
arabica,2000-09-22,134.36,0.27,0.70,72.75
arabica,2000-09-25,136.26,1.41,2.12,73.78
arabica,2000-09-26,141.13,3.57,5.77,76.25
arabica,2000-09-27,135.57,-3.94,1.60,73.24
arabica,2000-09-28,138.33,2.04,3.67,75.02
arabica,2000-09-29,143.07,3.43,7.22,77.54
arabica,2000-10-02,135.41,-5.35,-5.35,73.11
arabica,2000-10-03,137.08,1.23,-4.19,74.02
arabica,2000-10-04,138.37,0.94,-3.29,74.63
arabica,2000-10-05,138.02,-0.25,-3.53,74.65
arabica,2000-10-06,139.62,1.16,-2.41,75.22
arabica,2000-10-09,140.31,0.49,-1.93,75.68
arabica,2000-10-10,140.95,0.46,-1.48,75.95
arabica,2000-10-11,145.23,3.04,1.51,78.12
arabica,2000-10-13,143.04,-1.51,-0.02,76.37
arabica,2000-10-16,153.39,7.24,7.21,82.07
arabica,2000-10-17,157.93,2.96,10.39,84.32
arabica,2000-10-18,157.62,-0.20,10.17,84.07
arabica,2000-10-19,154.03,-2.28,7.66,82.06
arabica,2000-10-20,151.56,-1.60,5.93,80.32
arabica,2000-10-23,142.05,-6.27,-0.71,74.92
arabica,2000-10-24,143.39,0.94,0.22,75.03
arabica,2000-10-25,142.57,-0.57,-0.35,74.10
arabica,2000-10-26,139.52,-2.14,-2.48,72.03
arabica,2000-10-27,140.78,0.90,-1.60,73.48
arabica,2000-10-30,137.91,-2.04,-3.61,71.94
arabica,2000-10-31,140.54,1.91,-1.77,73.93
arabica,2000-11-01,141.87,0.95,0.95,73.93
arabica,2000-11-03,142.19,0.23,1.17,73.18
arabica,2000-11-06,144.51,1.63,2.82,74.60
arabica,2000-11-07,144.13,-0.26,2.55,73.76
arabica,2000-11-08,145.40,0.88,3.46,73.92
arabica,2000-11-09,145.60,0.14,3.60,74.09
arabica,2000-11-10,146.01,0.28,3.89,74.99
arabica,2000-11-13,142.12,-2.66,1.12,72.77
arabica,2000-11-14,142.71,0.42,1.54,73.07
arabica,2000-11-16,140.62,-1.46,0.06,72.07
arabica,2000-11-17,141.47,0.60,0.66,71.92
arabica,2000-11-20,142.65,0.83,1.50,74.41
arabica,2000-11-21,138.90,-2.63,-1.17,72.34
arabica,2000-11-22,138.22,-0.49,-1.65,71.54
arabica,2000-11-23,138.89,0.48,-1.17,71.11
arabica,2000-11-24,138.67,-0.16,-1.33,70.82
arabica,2000-11-27,138.94,0.19,-1.14,70.49
arabica,2000-11-28,140.94,1.44,0.28,71.62
arabica,2000-11-29,142.13,0.84,1.13,72.66
arabica,2000-11-30,136.98,-3.62,-2.53,69.15
arabica,2000-12-01,137.25,0.20,0.20,69.57
arabica,2000-12-04,135.89,-0.99,-0.80,68.67
arabica,2000-12-05,134.34,-1.14,-1.93,68.58
arabica,2000-12-06,135.35,0.75,-1.19,68.50
arabica,2000-12-07,136.78,1.06,-0.15,69.26
arabica,2000-12-08,131.04,-4.20,-4.34,66.55
arabica,2000-12-11,132.10,0.81,-3.56,67.13
arabica,2000-12-12,132.56,0.35,-3.23,67.29
arabica,2000-12-13,131.07,-1.12,-4.31,67.01
arabica,2000-12-14,124.96,-4.66,-8.78,63.62
arabica,2000-12-15,124.42,-0.43,-9.17,63.32
arabica,2000-12-18,123.06,-1.09,-10.16,62.91
arabica,2000-12-19,120.95,-1.71,-11.70,61.93
arabica,2000-12-20,120.17,-0.64,-12.27,61.34
arabica,2000-12-21,122.84,2.22,-10.32,62.87
arabica,2000-12-22,120.42,-1.97,-12.09,61.47
arabica,2000-12-26,124.28,3.21,-9.27,63.37
arabica,2000-12-27,123.57,-0.57,-9.79,63.01
arabica,2000-12-28,124.50,0.75,-9.11,63.78
arabica,2001-01-02,119.92,-3.68,-3.68,61.78
arabica,2001-01-03,119.18,-0.62,-4.27,61.69
arabica,2001-01-04,121.26,1.75,-2.60,62.47
arabica,2001-01-05,121.92,0.54,-2.07,62.36
arabica,2001-01-08,121.48,-0.36,-2.43,62.26
arabica,2001-01-09,122.32,0.69,-1.75,62.92
arabica,2001-01-10,122.40,0.07,-1.69,62.93
arabica,2001-01-11,123.34,0.77,-0.93,63.06
arabica,2001-01-12,126.12,2.25,1.30,64.71
arabica,2001-01-15,130.98,3.85,5.20,67.24
arabica,2001-01-16,131.51,0.40,5.63,67.34
arabica,2001-01-17,133.54,1.54,7.26,68.27
arabica,2001-01-18,127.28,-4.69,2.23,65.07
arabica,2001-01-19,133.45,4.85,7.19,68.15
arabica,2001-01-22,138.54,3.81,11.28,70.79
arabica,2001-01-23,136.76,-1.28,9.85,69.77
arabica,2001-01-24,137.66,0.66,10.57,69.84
arabica,2001-01-25,129.84,-5.68,4.29,65.78
arabica,2001-01-26,130.04,0.15,4.45,65.81
arabica,2001-01-29,128.25,-1.38,3.01,64.94
arabica,2001-01-30,124.65,-2.81,0.12,63.37
arabica,2001-01-31,124.77,0.10,0.22,63.21
arabica,2001-02-01,126.69,1.54,1.54,63.69
arabica,2001-02-02,125.23,-1.15,0.37,62.93
arabica,2001-02-05,125.00,-0.18,0.18,62.37
arabica,2001-02-06,125.67,0.54,0.72,62.80
arabica,2001-02-07,124.84,-0.66,0.06,62.23
arabica,2001-02-08,125.18,0.27,0.33,62.84
arabica,2001-02-09,126.93,1.40,1.73,64.07
arabica,2001-02-12,127.20,0.21,1.95,64.14
arabica,2001-02-13,128.30,0.86,2.83,64.57
arabica,2001-02-14,128.49,0.15,2.98,64.60
arabica,2001-02-15,127.71,-0.61,2.36,64.24
arabica,2001-02-16,123.47,-3.32,-1.04,61.86
arabica,2001-02-19,124.03,0.45,-0.59,61.95
arabica,2001-02-20,128.28,3.43,2.81,63.79
arabica,2001-02-21,128.67,0.30,3.13,62.89
arabica,2001-02-22,129.80,0.88,4.03,63.50
arabica,2001-02-23,130.99,0.92,4.99,64.27
arabica,2001-02-28,130.40,-0.45,4.51,63.73
arabica,2001-03-01,128.77,-1.25,-1.25,63.03
arabica,2001-03-02,129.33,0.43,-0.82,63.77
arabica,2001-03-05,129.04,-0.22,-1.04,63.82
arabica,2001-03-06,130.90,1.44,0.38,64.33
arabica,2001-03-07,131.08,0.14,0.52,64.19
arabica,2001-03-08,128.81,-1.73,-1.22,62.74
arabica,2001-03-09,124.85,-3.07,-4.26,61.02
arabica,2001-03-12,125.31,0.37,-3.90,60.89
arabica,2001-03-13,124.77,-0.43,-4.32,60.48
arabica,2001-03-14,124.94,0.14,-4.19,60.19
arabica,2001-03-15,121.51,-2.75,-6.82,57.94
arabica,2001-03-16,121.36,-0.12,-6.93,57.03
arabica,2001-03-19,122.85,1.23,-5.79,58.03
arabica,2001-03-20,123.97,0.91,-4.93,59.49
arabica,2001-03-21,122.91,-0.86,-5.74,57.87
arabica,2001-03-22,122.41,-0.41,-6.13,56.59
arabica,2001-03-23,123.09,0.56,-5.61,56.62
arabica,2001-03-26,125.18,1.70,-4.00,58.63
arabica,2001-03-27,122.99,-1.75,-5.68,57.85
arabica,2001-03-28,123.36,0.30,-5.40,58.00
arabica,2001-03-29,123.35,-0.01,-5.41,57.32
arabica,2001-03-30,122.95,-0.32,-5.71,57.11
arabica,2001-04-02,121.56,-1.13,-1.13,56.10
arabica,2001-04-03,120.68,-0.72,-1.85,55.43
arabica,2001-04-04,119.74,-0.78,-2.61,55.05
arabica,2001-04-05,118.98,-0.63,-3.23,55.24
arabica,2001-04-06,117.70,-1.08,-4.27,54.34
arabica,2001-04-09,117.60,-0.08,-4.35,54.47
arabica,2001-04-10,116.00,-1.36,-5.65,54.23
arabica,2001-04-11,115.49,-0.44,-6.07,53.59
arabica,2001-04-12,115.42,-0.06,-6.12,53.56
arabica,2001-04-16,114.27,-1.00,-7.06,52.01
arabica,2001-04-17,112.64,-1.43,-8.39,51.22
arabica,2001-04-18,114.93,2.03,-6.52,52.65
arabica,2001-04-19,113.91,-0.89,-7.35,52.01
arabica,2001-04-20,113.20,-0.62,-7.93,49.89
arabica,2001-04-23,121.40,7.24,-1.26,53.69
arabica,2001-04-24,114.89,-5.36,-6.56,50.75
arabica,2001-04-25,114.82,-0.06,-6.61,50.07
arabica,2001-04-26,114.98,0.14,-6.48,51.31
arabica,2001-04-27,121.74,5.88,-0.98,55.29
arabica,2001-04-30,120.68,-0.87,-1.85,54.83
arabica,2001-05-02,123.64,2.45,2.45,55.24
arabica,2001-05-03,128.33,3.79,6.34,57.94
arabica,2001-05-04,127.15,-0.92,5.36,57.48
arabica,2001-05-07,131.17,3.16,8.69,59.19
arabica,2001-05-08,132.10,0.71,9.46,58.76
arabica,2001-05-09,132.07,-0.02,9.44,58.36
arabica,2001-05-10,133.12,0.80,10.31,58.90
arabica,2001-05-11,133.30,0.14,10.46,58.31
arabica,2001-05-14,127.64,-4.25,5.77,55.18
arabica,2001-05-15,130.79,2.47,8.38,55.92
arabica,2001-05-16,133.42,2.01,10.56,57.53
arabica,2001-05-17,133.35,-0.05,10.50,57.88
arabica,2001-05-18,136.53,2.38,13.13,59.23
arabica,2001-05-21,132.58,-2.89,9.86,57.15
arabica,2001-05-22,132.76,0.14,10.01,57.15
arabica,2001-05-23,131.81,-0.72,9.22,56.19
arabica,2001-05-24,131.57,-0.18,9.02,56.01
arabica,2001-05-25,127.41,-3.16,5.58,54.92
arabica,2001-05-28,126.68,-0.57,4.97,54.27
arabica,2001-05-29,127.58,0.71,5.72,54.34
arabica,2001-05-30,127.87,0.23,5.96,54.48
arabica,2001-05-31,124.46,-2.67,3.13,52.41
arabica,2001-06-01,126.62,1.74,1.74,53.27
arabica,2001-06-04,127.20,0.46,2.20,53.40
arabica,2001-06-05,128.60,1.10,3.33,53.81
arabica,2001-06-06,126.58,-1.57,1.70,53.01
arabica,2001-06-07,126.17,-0.32,1.37,53.30
arabica,2001-06-08,127.41,0.98,2.37,54.01
arabica,2001-06-11,124.36,-2.39,-0.08,52.27
arabica,2001-06-12,126.00,1.32,1.24,52.39
arabica,2001-06-13,126.63,0.50,1.74,52.28
arabica,2001-06-15,128.38,1.38,3.15,53.05
arabica,2001-06-18,134.98,5.14,8.45,54.98
arabica,2001-06-19,127.20,-5.76,2.20,51.31
arabica,2001-06-20,126.11,-0.86,1.33,51.08
arabica,2001-06-21,127.47,1.08,2.42,53.54
arabica,2001-06-22,121.79,-4.46,-2.15,52.68
arabica,2001-06-25,119.91,-1.54,-3.66,52.13
arabica,2001-06-26,120.23,0.27,-3.40,51.67
arabica,2001-06-27,120.33,0.08,-3.32,52.16
arabica,2001-06-28,119.69,-0.53,-3.83,52.04
arabica,2001-06-29,118.92,-0.64,-4.45,51.48
arabica,2001-07-02,115.53,-2.85,-2.85,49.54
arabica,2001-07-03,116.29,0.66,-2.21,49.44
arabica,2001-07-04,117.13,0.72,-1.51,48.36
arabica,2001-07-05,116.75,-0.32,-1.82,47.27
arabica,2001-07-06,118.65,1.63,-0.23,47.08
arabica,2001-07-10,117.59,-0.89,-1.12,47.22
arabica,2001-07-11,117.71,0.10,-1.02,46.27
arabica,2001-07-12,117.74,0.03,-0.99,46.44
arabica,2001-07-13,117.57,-0.14,-1.14,46.02
arabica,2001-07-16,119.63,1.75,0.60,46.33
arabica,2001-07-17,118.59,-0.87,-0.28,47.44
arabica,2001-07-18,119.75,0.98,0.70,48.62
arabica,2001-07-19,118.56,-0.99,-0.30,47.25
arabica,2001-07-20,118.15,-0.35,-0.65,48.18
arabica,2001-07-23,116.54,-1.36,-2.00,48.26
arabica,2001-07-24,119.25,2.33,0.28,48.26
arabica,2001-07-25,115.83,-2.87,-2.60,46.56
arabica,2001-07-26,114.96,-0.75,-3.33,46.35
arabica,2001-07-27,113.96,-0.87,-4.17,46.33
arabica,2001-07-30,113.20,-0.67,-4.81,46.87
arabica,2001-07-31,113.49,0.26,-4.57,45.99
arabica,2001-08-01,113.09,-0.35,-0.35,45.33
arabica,2001-08-02,112.11,-0.87,-1.22,44.97
arabica,2001-08-03,112.15,0.04,-1.18,44.77
arabica,2001-08-06,110.92,-1.10,-2.26,45.05
arabica,2001-08-07,110.68,-0.22,-2.48,44.56
arabica,2001-08-08,110.86,0.16,-2.32,44.90
arabica,2001-08-09,110.97,0.10,-2.22,44.98
arabica,2001-08-10,107.20,-3.40,-5.54,43.50
arabica,2001-08-13,110.47,3.05,-2.66,44.21
arabica,2001-08-14,110.98,0.46,-2.21,44.11
arabica,2001-08-15,111.78,0.72,-1.51,44.85
arabica,2001-08-16,112.60,0.73,-0.78,45.00
arabica,2001-08-17,121.46,7.87,7.02,48.20
arabica,2001-08-20,113.97,-6.17,0.42,45.24
arabica,2001-08-21,114.43,0.40,0.83,44.88
arabica,2001-08-22,115.99,1.36,2.20,45.97
arabica,2001-08-23,119.26,2.82,5.08,47.14
arabica,2001-08-24,116.65,-2.19,2.78,45.78
arabica,2001-08-27,116.80,0.13,2.92,45.62
arabica,2001-08-28,117.16,0.31,3.23,45.79
arabica,2001-08-29,118.45,1.10,4.37,46.52
arabica,2001-08-30,115.45,-2.53,1.73,45.60
arabica,2001-08-31,116.29,0.73,2.47,45.34
arabica,2001-09-03,114.56,-1.49,-1.49,44.64
arabica,2001-09-04,111.41,-2.75,-4.20,43.57
arabica,2001-09-05,112.31,0.81,-3.42,43.57
arabica,2001-09-06,112.37,0.05,-3.37,43.49
arabica,2001-09-10,112.46,0.08,-3.29,43.14
arabica,2001-09-11,112.35,-0.10,-3.39,42.24
arabica,2001-09-12,111.89,-0.41,-3.78,41.66
arabica,2001-09-13,112.57,0.61,-3.20,42.32
arabica,2001-09-14,113.43,0.76,-2.46,42.45
arabica,2001-09-17,111.53,-1.68,-4.09,41.80
arabica,2001-09-18,111.89,0.32,-3.78,41.53
arabica,2001-09-19,111.79,-0.09,-3.87,41.25
arabica,2001-09-20,111.24,-0.49,-4.34,40.33
arabica,2001-09-21,112.12,0.79,-3.59,39.55
arabica,2001-09-24,112.34,0.20,-3.40,41.30
arabica,2001-09-25,111.59,-0.67,-4.04,41.10
arabica,2001-09-26,112.43,0.75,-3.32,41.06
arabica,2001-09-27,111.62,-0.72,-4.02,41.73
arabica,2001-09-28,107.57,-3.63,-7.50,40.29
arabica,2001-10-01,104.74,-2.63,-2.63,39.10
arabica,2001-10-02,103.31,-1.37,-3.96,38.16
arabica,2001-10-03,101.97,-1.30,-5.21,37.48
arabica,2001-10-04,102.78,0.79,-4.45,37.55
arabica,2001-10-05,104.50,1.67,-2.85,37.62
arabica,2001-10-08,103.32,-1.13,-3.95,37.29
arabica,2001-10-09,104.08,0.74,-3.24,37.41
arabica,2001-10-10,104.02,-0.06,-3.30,37.52
arabica,2001-10-11,103.01,-0.97,-4.24,37.03
arabica,2001-10-15,102.39,-0.60,-4.82,36.92
arabica,2001-10-16,102.40,0.01,-4.81,37.72
arabica,2001-10-17,103.30,0.88,-3.97,37.93
arabica,2001-10-18,107.67,4.23,0.09,39.01
arabica,2001-10-19,103.55,-3.83,-3.74,37.86
arabica,2001-10-22,102.12,-1.38,-5.07,37.50
arabica,2001-10-23,104.11,1.95,-3.22,38.13
arabica,2001-10-24,104.35,0.23,-2.99,37.80
arabica,2001-10-25,107.82,3.33,0.23,39.71
arabica,2001-10-26,104.95,-2.66,-2.44,38.48
arabica,2001-10-29,106.45,1.43,-1.04,39.08
arabica,2001-10-30,106.57,0.11,-0.93,39.14
arabica,2001-10-31,109.13,2.40,1.45,40.43
arabica,2001-11-01,110.78,1.51,1.51,41.41
arabica,2001-11-05,111.67,0.80,2.33,42.98
arabica,2001-11-06,114.22,2.28,4.66,43.76
arabica,2001-11-07,113.10,-0.98,3.64,44.14
arabica,2001-11-08,110.39,-2.40,1.15,43.07
arabica,2001-11-09,108.49,-1.72,-0.59,42.73
arabica,2001-11-12,107.93,-0.52,-1.10,42.29
arabica,2001-11-13,107.90,-0.03,-1.13,42.78
arabica,2001-11-14,112.88,4.62,3.44,44.35
arabica,2001-11-16,113.74,0.76,4.22,44.99
arabica,2001-11-19,111.66,-1.83,2.32,44.31
arabica,2001-11-20,111.15,-0.46,1.85,43.50
arabica,2001-11-21,112.63,1.33,3.21,44.27
arabica,2001-11-22,112.86,0.20,3.42,44.54
arabica,2001-11-23,112.95,0.08,3.50,45.11
arabica,2001-11-26,113.38,0.38,3.89,45.72
arabica,2001-11-27,108.81,-4.03,-0.29,44.02
arabica,2001-11-28,108.64,-0.16,-0.45,43.75
arabica,2001-11-29,109.16,0.48,0.03,42.98
arabica,2001-11-30,109.46,0.27,0.30,43.85
arabica,2001-12-03,107.30,-1.97,-1.97,43.74
arabica,2001-12-04,106.96,-0.32,-2.28,43.89
arabica,2001-12-05,106.96,0.00,-2.28,43.91
arabica,2001-12-06,107.21,0.23,-2.06,44.30
arabica,2001-12-07,106.38,-0.77,-2.81,44.46
arabica,2001-12-10,105.00,-1.30,-4.07,45.03
arabica,2001-12-11,105.84,0.80,-3.31,44.47
arabica,2001-12-12,106.22,0.36,-2.96,44.80
arabica,2001-12-13,106.40,0.17,-2.80,44.82
arabica,2001-12-14,106.07,-0.31,-3.10,44.62
arabica,2001-12-17,103.95,-2.00,-5.03,44.12
arabica,2001-12-18,103.51,-0.42,-5.44,44.52
arabica,2001-12-19,102.04,-1.42,-6.78,44.46
arabica,2001-12-20,105.11,3.01,-3.97,45.03
arabica,2001-12-21,103.68,-1.36,-5.28,44.34
arabica,2001-12-26,101.48,-2.12,-7.29,43.70
arabica,2001-12-27,103.63,2.12,-5.33,44.48
arabica,2001-12-28,102.68,-0.92,-6.19,44.33
arabica,2002-01-02,104.77,2.04,2.04,45.47
arabica,2002-01-03,105.95,1.13,3.18,46.16
arabica,2002-01-04,106.50,0.52,3.72,45.67
arabica,2002-01-07,106.98,0.45,4.19,45.91
arabica,2002-01-08,108.40,1.33,5.57,45.66
arabica,2002-01-09,112.45,3.74,9.51,47.35
arabica,2002-01-10,113.72,1.13,10.75,46.95
arabica,2002-01-11,109.89,-3.37,7.02,45.75
arabica,2002-01-14,111.40,1.37,8.49,46.49
arabica,2002-01-15,112.14,0.66,9.21,47.23
arabica,2002-01-16,111.55,-0.53,8.64,47.11
arabica,2002-01-17,111.51,-0.04,8.60,46.83
arabica,2002-01-18,109.69,-1.63,6.83,46.36
arabica,2002-01-21,108.79,-0.82,5.95,45.83
arabica,2002-01-22,109.63,0.77,6.77,46.04
arabica,2002-01-23,110.96,1.21,8.06,46.53
arabica,2002-01-24,112.22,1.14,9.29,46.80
arabica,2002-01-25,110.90,-1.18,8.01,45.96
arabica,2002-01-28,110.49,-0.37,7.61,45.56
arabica,2002-01-29,110.92,0.39,8.02,45.50
arabica,2002-01-30,110.92,0.00,8.02,45.61
arabica,2002-01-31,110.51,-0.37,7.63,45.78
arabica,2002-02-01,110.72,0.19,0.19,45.81
arabica,2002-02-04,110.56,-0.14,0.05,45.58
arabica,2002-02-05,110.05,-0.46,-0.42,45.42
arabica,2002-02-06,110.31,0.24,-0.18,45.28
arabica,2002-02-07,111.24,0.84,0.66,45.16
arabica,2002-02-08,111.41,0.15,0.81,45.29
arabica,2002-02-13,110.00,-1.27,-0.46,45.63
arabica,2002-02-14,111.08,0.98,0.52,45.69
arabica,2002-02-15,111.28,0.18,0.70,45.83
arabica,2002-02-18,110.45,-0.75,-0.05,45.51
arabica,2002-02-19,111.67,1.10,1.05,46.07
arabica,2002-02-20,113.18,1.35,2.42,46.58
arabica,2002-02-21,114.61,1.26,3.71,47.32
arabica,2002-02-22,112.63,-1.73,1.92,46.39
arabica,2002-02-25,109.47,-2.81,-0.94,45.42
arabica,2002-02-26,109.13,-0.31,-1.25,45.59
arabica,2002-02-27,108.72,-0.38,-1.62,45.59
arabica,2002-02-28,108.63,-0.08,-1.70,46.28
arabica,2002-03-01,109.07,0.41,0.41,46.51
arabica,2002-03-04,108.69,-0.35,0.06,46.75
arabica,2002-03-05,111.29,2.39,2.45,47.72
arabica,2002-03-06,112.76,1.32,3.80,47.62
arabica,2002-03-07,111.71,-0.93,2.84,47.08
arabica,2002-03-08,113.12,1.26,4.13,48.12
arabica,2002-03-11,119.41,5.56,9.92,50.64
arabica,2002-03-12,121.54,1.78,11.88,52.14
arabica,2002-03-13,118.65,-2.38,9.22,50.51
arabica,2002-03-14,118.24,-0.35,8.85,50.42
arabica,2002-03-15,118.43,0.16,9.02,50.20
arabica,2002-03-18,112.47,-5.03,3.53,48.04
arabica,2002-03-19,114.76,2.04,5.64,48.98
arabica,2002-03-20,119.83,4.42,10.31,51.10
arabica,2002-03-21,117.72,-1.76,8.37,50.22
arabica,2002-03-22,118.76,0.88,9.33,50.54
arabica,2002-03-25,118.78,0.02,9.34,50.23
arabica,2002-03-26,119.90,0.94,10.37,51.11
arabica,2002-03-27,121.04,0.95,11.42,51.62
arabica,2002-03-28,122.06,0.84,12.36,52.50
arabica,2002-04-01,123.12,0.87,0.87,53.44
arabica,2002-04-02,126.95,3.11,4.01,55.22
arabica,2002-04-03,126.41,-0.43,3.56,54.70
arabica,2002-04-04,122.49,-3.10,0.35,53.21
arabica,2002-04-05,118.77,-3.04,-2.70,52.09
arabica,2002-04-08,117.11,-1.40,-4.06,51.07
arabica,2002-04-09,121.02,3.34,-0.85,53.08
arabica,2002-04-10,120.29,-0.60,-1.45,53.06
arabica,2002-04-11,119.49,-0.67,-2.11,52.32
arabica,2002-04-12,115.91,-3.00,-5.04,50.31
arabica,2002-04-15,116.70,0.68,-4.39,50.26
arabica,2002-04-16,115.36,-1.15,-5.49,49.70
arabica,2002-04-17,114.76,-0.52,-5.98,49.38
arabica,2002-04-18,119.87,4.45,-1.79,51.49
arabica,2002-04-19,115.56,-3.60,-5.33,49.70
arabica,2002-04-22,116.93,1.19,-4.20,49.93
arabica,2002-04-23,118.22,1.10,-3.15,50.07
arabica,2002-04-24,115.84,-2.01,-5.10,49.13
arabica,2002-04-25,112.23,-3.12,-8.05,47.47
arabica,2002-04-26,111.82,-0.37,-8.39,47.14
arabica,2002-04-29,110.67,-1.03,-9.33,46.81
arabica,2002-04-30,111.17,0.45,-8.92,47.07
arabica,2002-05-02,108.54,-2.37,-2.37,45.28
arabica,2002-05-03,107.74,-0.74,-3.09,44.73
arabica,2002-05-06,109.25,1.40,-1.73,45.13
arabica,2002-05-07,109.34,0.08,-1.65,44.90
arabica,2002-05-08,108.93,-0.37,-2.01,44.66
arabica,2002-05-09,106.41,-2.31,-4.28,43.03
arabica,2002-05-10,106.33,-0.08,-4.35,43.08
arabica,2002-05-13,105.67,-0.62,-4.95,41.91
arabica,2002-05-14,106.56,0.84,-4.15,42.29
arabica,2002-05-15,105.67,-0.84,-4.95,42.17
arabica,2002-05-16,107.64,1.86,-3.18,43.63
arabica,2002-05-17,106.74,-0.84,-3.98,43.11
arabica,2002-05-20,107.35,0.57,-3.44,43.22
arabica,2002-05-21,109.15,1.68,-1.82,43.96
arabica,2002-05-22,107.38,-1.62,-3.41,42.53
arabica,2002-05-23,107.32,-0.06,-3.46,42.44
arabica,2002-05-24,107.00,-0.30,-3.75,42.45
arabica,2002-05-27,107.28,0.26,-3.50,42.44
arabica,2002-05-28,107.19,-0.08,-3.58,42.40
arabica,2002-05-29,108.23,0.97,-2.64,43.05
arabica,2002-05-31,108.56,0.30,-2.35,43.15
arabica,2002-06-03,107.55,-0.93,-0.93,42.41
arabica,2002-06-04,108.26,0.66,-0.28,41.69
arabica,2002-06-05,107.86,-0.37,-0.64,41.34
arabica,2002-06-06,108.95,1.01,0.36,40.96
arabica,2002-06-07,107.25,-1.56,-1.21,40.03
arabica,2002-06-10,108.00,0.70,-0.52,40.97
arabica,2002-06-11,109.32,1.22,0.70,40.31
arabica,2002-06-12,109.87,0.50,1.21,39.31
arabica,2002-06-13,106.30,-3.25,-2.08,39.23
arabica,2002-06-14,105.44,-0.81,-2.87,38.82
arabica,2002-06-17,104.71,-0.69,-3.55,39.32
arabica,2002-06-18,104.82,0.11,-3.45,38.62
arabica,2002-06-19,104.84,0.02,-3.43,38.73
arabica,2002-06-20,105.76,0.88,-2.58,38.22
arabica,2002-06-21,105.50,-0.25,-2.82,37.81
arabica,2002-06-24,104.88,-0.59,-3.39,37.73
arabica,2002-06-25,105.01,0.12,-3.27,37.17
arabica,2002-06-26,104.81,-0.19,-3.45,36.37
arabica,2002-06-27,104.09,-0.69,-4.12,36.46
arabica,2002-06-28,104.25,0.15,-3.97,36.54
arabica,2002-07-01,103.84,-0.39,-0.39,35.86
arabica,2002-07-02,107.29,3.32,2.92,37.10
arabica,2002-07-03,103.20,-3.81,-1.01,36.02
arabica,2002-07-04,102.99,-0.20,-1.21,36.15
arabica,2002-07-05,103.64,0.63,-0.59,36.11
arabica,2002-07-08,103.36,-0.27,-0.85,36.13
arabica,2002-07-10,106.09,2.64,1.76,37.21
arabica,2002-07-11,110.65,4.30,6.14,39.63
arabica,2002-07-12,105.61,-4.55,1.30,37.57
arabica,2002-07-15,104.81,-0.76,0.54,36.75
arabica,2002-07-16,105.79,0.94,1.48,36.84
arabica,2002-07-17,106.12,0.31,1.79,36.63
arabica,2002-07-18,102.84,-3.09,-1.35,36.07
arabica,2002-07-19,102.94,0.10,-1.26,35.87
arabica,2002-07-22,102.59,-0.34,-1.59,35.34
arabica,2002-07-23,104.15,1.52,-0.10,35.67
arabica,2002-07-24,102.18,-1.89,-1.99,34.69
arabica,2002-07-25,104.31,2.08,0.06,34.83
arabica,2002-07-26,103.72,-0.57,-0.51,34.42
arabica,2002-07-29,104.81,1.05,0.54,32.91
arabica,2002-07-30,105.12,0.30,0.83,31.86
arabica,2002-07-31,107.29,2.06,2.92,30.92
arabica,2002-08-01,106.56,-0.68,-0.68,33.72
arabica,2002-08-02,106.93,0.35,-0.34,35.52
arabica,2002-08-05,105.52,-1.32,-1.65,33.34
arabica,2002-08-06,107.26,1.65,-0.03,34.43
arabica,2002-08-07,106.11,-1.07,-1.10,35.14
arabica,2002-08-08,106.20,0.08,-1.02,36.43
arabica,2002-08-09,106.46,0.24,-0.77,35.14
arabica,2002-08-12,108.93,2.32,1.53,34.53
arabica,2002-08-13,110.40,1.35,2.90,34.88
arabica,2002-08-14,110.94,0.49,3.40,34.62
arabica,2002-08-15,109.57,-1.23,2.13,34.13
arabica,2002-08-16,109.94,0.34,2.47,35.18
arabica,2002-08-19,108.65,-1.17,1.27,34.99
arabica,2002-08-20,108.32,-0.30,0.96,34.94
arabica,2002-08-21,108.60,0.26,1.22,35.20
arabica,2002-08-22,111.21,2.40,3.65,35.36
arabica,2002-08-23,111.39,0.16,3.82,35.78
arabica,2002-08-26,109.31,-1.87,1.88,35.38
arabica,2002-08-27,109.78,0.43,2.32,35.02
arabica,2002-08-28,113.58,3.46,5.86,36.40
arabica,2002-08-29,114.38,0.70,6.61,37.20
arabica,2002-08-30,112.65,-1.51,5.00,37.42
arabica,2002-09-02,113.16,0.45,0.45,36.96
arabica,2002-09-03,120.04,6.08,6.56,38.72
arabica,2002-09-04,125.68,4.70,11.57,40.35
arabica,2002-09-05,124.37,-1.04,10.40,39.46
arabica,2002-09-06,126.05,1.35,11.90,39.89
arabica,2002-09-09,136.47,8.27,21.15,43.96
arabica,2002-09-10,133.77,-1.98,18.75,42.63
arabica,2002-09-11,134.23,0.34,19.16,43.22
arabica,2002-09-12,140.90,4.97,25.08,45.07
arabica,2002-09-13,142.94,1.45,26.89,45.23
arabica,2002-09-16,148.80,4.10,32.09,46.27
arabica,2002-09-17,148.39,-0.28,31.73,45.66
arabica,2002-09-18,145.91,-1.67,29.53,43.49
arabica,2002-09-19,142.47,-2.36,26.47,41.30
arabica,2002-09-20,135.58,-4.84,20.36,39.82
arabica,2002-09-23,133.75,-1.35,18.73,37.41
arabica,2002-09-24,137.54,2.83,22.09,36.39
arabica,2002-09-25,140.08,1.85,24.35,38.22
arabica,2002-09-26,141.46,0.99,25.57,37.62
arabica,2002-09-27,143.98,1.78,27.81,37.16
arabica,2002-09-30,141.31,-1.85,25.44,37.58
arabica,2002-10-01,145.24,2.78,2.78,40.23
arabica,2002-10-02,146.71,1.01,3.82,40.08
arabica,2002-10-03,146.72,0.01,3.83,39.71
arabica,2002-10-04,145.48,-0.85,2.95,40.19
arabica,2002-10-07,150.39,3.38,6.43,40.27
arabica,2002-10-08,152.02,1.08,7.58,40.81
arabica,2002-10-09,159.61,4.99,12.95,41.19
arabica,2002-10-10,159.99,0.24,13.22,40.10
arabica,2002-10-11,158.35,-1.03,12.06,41.45
arabica,2002-10-14,170.19,7.48,20.44,44.21
arabica,2002-10-15,195.53,14.89,38.37,50.79
arabica,2002-10-16,187.30,-4.21,32.55,47.78
arabica,2002-10-17,184.71,-1.38,30.71,47.30
arabica,2002-10-18,168.20,-8.94,19.03,43.41
arabica,2002-10-21,180.40,7.25,27.66,46.08
arabica,2002-10-22,176.47,-2.18,24.88,45.13
arabica,2002-10-23,177.06,0.33,25.30,45.23
arabica,2002-10-24,187.62,5.96,32.77,49.37
arabica,2002-10-25,190.03,1.28,34.48,50.95
arabica,2002-10-28,172.47,-9.24,22.05,45.63
arabica,2002-10-29,163.52,-5.19,15.72,42.69
arabica,2002-10-30,164.15,0.39,16.16,44.19
arabica,2002-10-31,175.29,6.79,24.05,48.29
arabica,2002-11-01,168.62,-3.81,-3.81,46.84
arabica,2002-11-04,173.67,2.99,-0.92,49.06
arabica,2002-11-05,179.43,3.32,2.36,50.90
arabica,2002-11-06,180.26,0.46,2.84,49.32
arabica,2002-11-07,184.08,2.12,5.01,51.13
arabica,2002-11-08,185.85,0.96,6.02,52.35
arabica,2002-11-11,179.52,-3.41,2.41,51.07
arabica,2002-11-12,178.65,-0.48,1.92,49.49
arabica,2002-11-13,181.69,1.70,3.65,50.05
arabica,2002-11-14,184.40,1.49,5.20,50.04
arabica,2002-11-18,187.97,1.94,7.23,52.80
arabica,2002-11-19,193.62,3.01,10.46,54.46
arabica,2002-11-20,197.47,1.99,12.65,56.18
arabica,2002-11-21,195.99,-0.75,11.81,55.60
arabica,2002-11-22,197.26,0.65,12.53,55.41
arabica,2002-11-25,192.93,-2.20,10.06,54.50
arabica,2002-11-26,195.60,1.38,11.59,54.18
arabica,2002-11-27,198.15,1.30,13.04,55.19
arabica,2002-11-28,198.80,0.33,13.41,55.07
arabica,2002-11-29,199.13,0.17,13.60,54.41
arabica,2002-12-02,204.12,2.51,2.51,56.26
arabica,2002-12-03,200.45,-1.80,0.66,54.32
arabica,2002-12-04,198.36,-1.04,-0.39,53.25
arabica,2002-12-05,202.54,2.11,1.71,53.72
arabica,2002-12-06,192.95,-4.73,-3.10,51.45
arabica,2002-12-09,189.83,-1.62,-4.67,50.15
arabica,2002-12-10,191.43,0.84,-3.87,50.31
arabica,2002-12-11,180.96,-5.47,-9.12,47.87
arabica,2002-12-12,180.15,-0.45,-9.53,47.60
arabica,2002-12-13,178.68,-0.82,-10.27,47.90
arabica,2002-12-16,178.43,-0.14,-10.40,49.56
arabica,2002-12-17,180.01,0.89,-9.60,50.35
arabica,2002-12-18,178.82,-0.66,-10.20,50.80
arabica,2002-12-19,177.88,-0.53,-10.67,51.04
arabica,2002-12-20,174.96,-1.64,-12.14,50.13
arabica,2002-12-23,174.01,-0.54,-12.61,49.58
arabica,2002-12-26,172.26,-1.01,-13.49,48.25
arabica,2002-12-27,171.49,-0.45,-13.88,48.44
arabica,2002-12-30,171.10,-0.23,-14.08,48.20
arabica,2003-01-02,172.60,0.88,0.88,48.89
arabica,2003-01-03,171.78,-0.48,0.40,49.86
arabica,2003-01-06,176.40,2.69,3.10,52.66
arabica,2003-01-07,181.07,2.65,5.83,54.87
arabica,2003-01-08,182.09,0.56,6.42,54.85
arabica,2003-01-09,182.19,0.05,6.48,54.96
arabica,2003-01-10,185.59,1.87,8.47,56.32
arabica,2003-01-13,184.30,-0.70,7.71,55.68
arabica,2003-01-14,185.91,0.87,8.66,57.03
arabica,2003-01-15,188.96,1.64,10.44,56.78
arabica,2003-01-16,189.92,0.51,11.00,57.38
arabica,2003-01-17,193.08,1.66,12.85,57.21
arabica,2003-01-20,199.11,3.12,16.37,58.46
arabica,2003-01-21,200.20,0.55,17.01,57.53
arabica,2003-01-22,202.89,1.34,18.58,57.72
arabica,2003-01-23,204.45,0.77,19.49,57.92
arabica,2003-01-24,203.85,-0.29,19.14,56.23
arabica,2003-01-27,201.72,-1.04,17.90,55.72
arabica,2003-01-28,200.34,-0.68,17.09,55.04
arabica,2003-01-29,196.76,-1.79,15.00,54.58
arabica,2003-01-30,195.19,-0.80,14.08,54.83
arabica,2003-01-31,197.88,1.38,15.65,56.22
arabica,2003-02-03,201.70,1.93,1.93,57.38
arabica,2003-02-04,198.76,-1.46,0.44,55.68
arabica,2003-02-05,197.42,-0.67,-0.23,55.43
arabica,2003-02-06,201.75,2.19,1.96,56.17
arabica,2003-02-07,202.19,0.22,2.18,56.32
arabica,2003-02-10,203.48,0.64,2.83,56.76
arabica,2003-02-11,202.04,-0.71,2.10,56.40
arabica,2003-02-12,199.87,-1.07,1.01,55.44
arabica,2003-02-13,191.62,-4.13,-3.16,52.35
arabica,2003-02-14,194.81,1.66,-1.55,53.15
arabica,2003-02-17,193.96,-0.44,-1.98,53.58
arabica,2003-02-18,193.25,-0.37,-2.34,53.83
arabica,2003-02-19,191.95,-0.67,-3.00,53.10
arabica,2003-02-20,193.95,1.04,-1.99,53.65
arabica,2003-02-21,191.91,-1.05,-3.02,52.98
arabica,2003-02-24,187.08,-2.52,-5.46,52.17
arabica,2003-02-25,183.56,-1.88,-7.24,50.92
arabica,2003-02-26,179.13,-2.41,-9.48,50.01
arabica,2003-02-27,179.40,0.15,-9.34,50.32
arabica,2003-02-28,172.79,-3.68,-12.68,48.40
arabica,2003-03-05,174.73,1.12,1.12,49.18
arabica,2003-03-06,178.64,2.24,3.39,51.04
arabica,2003-03-07,179.07,0.24,3.63,51.16
arabica,2003-03-10,182.62,1.98,5.69,51.85
arabica,2003-03-11,174.25,-4.58,0.84,50.00
arabica,2003-03-12,174.64,0.22,1.07,50.33
arabica,2003-03-13,176.15,0.86,1.94,51.69
arabica,2003-03-14,173.53,-1.49,0.43,50.52
arabica,2003-03-17,167.21,-3.64,-3.23,48.54
arabica,2003-03-18,169.00,1.07,-2.19,49.06
arabica,2003-03-19,175.21,3.67,1.40,50.52
arabica,2003-03-20,180.05,2.76,4.20,51.74
arabica,2003-03-21,180.28,0.13,4.33,52.94
arabica,2003-03-24,174.18,-3.38,0.80,51.23
arabica,2003-03-25,170.77,-1.96,-1.17,50.67
arabica,2003-03-26,170.39,-0.22,-1.39,50.34
arabica,2003-03-27,169.97,-0.25,-1.63,50.18
arabica,2003-03-28,176.70,3.96,2.26,52.54
arabica,2003-03-31,176.97,0.15,2.42,52.78
arabica,2003-04-01,176.95,-0.01,-0.01,53.39
arabica,2003-04-02,178.93,1.12,1.11,54.85
arabica,2003-04-03,183.26,2.42,3.55,56.30
arabica,2003-04-04,179.78,-1.90,1.59,55.83
arabica,2003-04-07,178.59,-0.66,0.92,56.66
arabica,2003-04-08,176.67,-1.08,-0.17,55.47
arabica,2003-04-09,175.95,-0.41,-0.58,55.07
arabica,2003-04-10,175.61,-0.19,-0.77,54.10
arabica,2003-04-11,177.03,0.81,0.03,55.24
arabica,2003-04-14,169.00,-4.54,-4.50,53.45
arabica,2003-04-15,172.13,1.85,-2.73,55.88
arabica,2003-04-16,171.19,-0.55,-3.27,55.31
arabica,2003-04-17,173.26,1.21,-2.10,57.18
arabica,2003-04-22,177.34,2.35,0.21,58.30
arabica,2003-04-23,175.31,-1.14,-0.94,58.44
arabica,2003-04-24,173.75,-0.89,-1.82,57.67
arabica,2003-04-25,172.16,-0.92,-2.72,57.25
arabica,2003-04-28,168.48,-2.14,-4.80,56.88
arabica,2003-04-29,170.47,1.18,-3.67,58.54
arabica,2003-04-30,174.11,2.14,-1.62,59.79
arabica,2003-05-02,174.12,0.01,0.01,58.73
arabica,2003-05-05,178.34,2.42,2.43,58.67
arabica,2003-05-06,182.31,2.23,4.71,60.27
arabica,2003-05-07,179.00,-1.82,2.81,60.78
arabica,2003-05-08,177.59,-0.79,2.00,60.92
arabica,2003-05-09,174.57,-1.70,0.26,60.72
arabica,2003-05-12,174.27,-0.17,0.09,60.83
arabica,2003-05-13,172.85,-0.81,-0.72,59.81
arabica,2003-05-14,169.30,-2.05,-2.76,58.54
arabica,2003-05-15,170.53,0.73,-2.06,57.42
arabica,2003-05-16,172.78,1.32,-0.76,58.67
arabica,2003-05-19,171.78,-0.58,-1.34,57.26
arabica,2003-05-20,180.84,5.27,3.87,59.45
arabica,2003-05-21,175.04,-3.21,0.53,58.35
arabica,2003-05-22,176.37,0.76,1.30,59.15
arabica,2003-05-23,174.79,-0.90,0.39,59.90
arabica,2003-05-26,171.63,-1.81,-1.42,56.70
arabica,2003-05-27,164.41,-4.21,-5.57,54.26
arabica,2003-05-28,165.10,0.42,-5.17,54.81
arabica,2003-05-29,164.60,-0.30,-5.46,56.10
arabica,2003-05-30,162.54,-1.25,-6.65,54.73
arabica,2003-06-02,166.60,2.50,2.50,55.90
arabica,2003-06-03,166.77,0.10,2.60,56.63
arabica,2003-06-04,165.33,-0.86,1.72,56.62
arabica,2003-06-05,164.88,-0.27,1.44,57.61
arabica,2003-06-06,162.28,-1.58,-0.16,56.39
arabica,2003-06-09,159.90,-1.47,-1.62,55.83
arabica,2003-06-10,160.75,0.53,-1.10,56.01
arabica,2003-06-11,162.28,0.95,-0.16,56.88
arabica,2003-06-12,162.32,0.02,-0.14,56.65
arabica,2003-06-13,160.61,-1.05,-1.19,56.55
arabica,2003-06-16,160.51,-0.06,-1.25,55.83
arabica,2003-06-17,160.36,-0.09,-1.34,55.97
arabica,2003-06-18,158.69,-1.04,-2.37,54.91
arabica,2003-06-20,153.05,-3.55,-5.84,52.96
arabica,2003-06-23,152.78,-0.18,-6.00,53.38
arabica,2003-06-24,153.85,0.70,-5.35,53.61
arabica,2003-06-25,152.06,-1.16,-6.45,53.15
arabica,2003-06-26,155.68,2.38,-4.22,53.68
arabica,2003-06-27,154.48,-0.77,-4.96,53.64
arabica,2003-06-30,158.33,2.49,-2.59,55.71
arabica,2003-07-01,157.16,-0.74,-0.74,55.40
arabica,2003-07-02,161.98,3.07,2.31,57.52
arabica,2003-07-03,158.39,-2.22,0.04,56.07
arabica,2003-07-04,158.23,-0.10,-0.06,55.71
arabica,2003-07-07,158.12,-0.07,-0.13,54.84
arabica,2003-07-08,160.67,1.61,1.48,56.00
arabica,2003-07-10,160.51,-0.10,1.38,55.46
arabica,2003-07-11,160.80,0.18,1.56,55.56
arabica,2003-07-14,163.99,1.98,3.57,57.30
arabica,2003-07-15,163.57,-0.26,3.31,57.29
arabica,2003-07-16,164.21,0.39,3.71,57.58
arabica,2003-07-17,165.87,1.01,4.76,57.79
arabica,2003-07-18,165.38,-0.30,4.45,57.22
arabica,2003-07-21,159.11,-3.79,0.49,55.27
arabica,2003-07-22,158.32,-0.50,-0.01,54.92
arabica,2003-07-23,159.21,0.56,0.56,54.98
arabica,2003-07-24,160.35,0.72,1.28,55.49
arabica,2003-07-25,165.79,3.39,4.71,57.33
arabica,2003-07-28,165.25,-0.33,4.37,57.04
arabica,2003-07-29,170.60,3.24,7.75,58.07
arabica,2003-07-30,170.66,0.04,7.79,57.46
arabica,2003-07-31,172.71,1.20,9.08,58.25
arabica,2003-08-01,178.46,3.33,3.33,58.90
arabica,2003-08-04,180.17,0.96,4.32,58.69
arabica,2003-08-05,175.70,-2.48,1.73,58.14
arabica,2003-08-06,179.44,2.13,3.90,58.79
arabica,2003-08-07,179.43,-0.01,3.89,60.17
arabica,2003-08-08,177.74,-0.94,2.91,59.50
arabica,2003-08-11,170.47,-4.09,-1.30,56.73
arabica,2003-08-12,170.15,-0.19,-1.48,56.16
arabica,2003-08-13,174.51,2.56,1.04,57.67
arabica,2003-08-14,171.42,-1.77,-0.75,56.95
arabica,2003-08-15,170.62,-0.47,-1.21,57.03
arabica,2003-08-18,169.67,-0.56,-1.76,56.52
arabica,2003-08-19,170.03,0.21,-1.55,56.88
arabica,2003-08-20,169.78,-0.15,-1.70,56.69
arabica,2003-08-21,175.08,3.12,1.37,58.26
arabica,2003-08-22,173.65,-0.82,0.54,58.17
arabica,2003-08-25,172.44,-0.70,-0.16,57.57
arabica,2003-08-26,171.84,-0.35,-0.50,57.51
arabica,2003-08-27,170.82,-0.59,-1.09,57.73
arabica,2003-08-28,171.26,0.26,-0.84,57.90
arabica,2003-08-29,171.12,-0.08,-0.92,57.44
arabica,2003-09-01,170.98,-0.08,-0.08,57.26
arabica,2003-09-02,171.40,0.25,0.16,57.31
arabica,2003-09-03,170.95,-0.26,-0.10,57.72
arabica,2003-09-04,172.94,1.16,1.06,58.98
arabica,2003-09-05,174.11,0.68,1.75,59.91
arabica,2003-09-08,182.77,4.97,6.81,62.06
arabica,2003-09-09,184.06,0.71,7.56,62.97
arabica,2003-09-10,183.22,-0.46,7.07,63.40
arabica,2003-09-11,185.61,1.30,8.47,63.67
arabica,2003-09-12,180.95,-2.51,5.74,62.33
arabica,2003-09-15,171.50,-5.22,0.22,59.51
arabica,2003-09-16,168.65,-1.66,-1.44,57.90
arabica,2003-09-17,168.95,0.18,-1.27,58.06
arabica,2003-09-18,168.32,-0.37,-1.64,58.02
arabica,2003-09-19,169.79,0.87,-0.78,58.49
arabica,2003-09-22,172.08,1.35,0.56,59.28
arabica,2003-09-23,173.10,0.59,1.16,59.22
arabica,2003-09-24,174.39,0.75,1.91,59.68
arabica,2003-09-25,173.36,-0.59,1.31,58.97
arabica,2003-09-26,169.09,-2.46,-1.19,57.61
arabica,2003-09-29,170.38,0.76,-0.43,58.19
arabica,2003-09-30,169.09,-0.76,-1.19,58.47
arabica,2003-10-01,173.59,2.66,2.66,59.76
arabica,2003-10-02,171.58,-1.16,1.47,59.33
arabica,2003-10-03,172.74,0.68,2.16,59.83
arabica,2003-10-06,167.71,-2.91,-0.82,58.56
arabica,2003-10-07,168.16,0.27,-0.55,58.80
arabica,2003-10-08,165.19,-1.77,-2.31,58.00
arabica,2003-10-09,162.98,-1.34,-3.61,57.53
arabica,2003-10-10,162.66,-0.20,-3.80,57.44
arabica,2003-10-13,160.96,-1.05,-4.81,56.74
arabica,2003-10-14,162.42,0.91,-3.94,57.39
arabica,2003-10-15,162.94,0.32,-3.64,57.39
arabica,2003-10-16,164.28,0.82,-2.84,57.64
arabica,2003-10-17,162.74,-0.94,-3.76,56.72
arabica,2003-10-20,165.94,1.97,-1.86,57.70
arabica,2003-10-21,168.70,1.66,-0.23,59.05
arabica,2003-10-22,168.06,-0.38,-0.61,58.68
arabica,2003-10-23,170.41,1.40,0.78,59.48
arabica,2003-10-24,171.79,0.81,1.60,59.84
arabica,2003-10-27,174.75,1.72,3.35,60.89
arabica,2003-10-28,175.72,0.56,3.92,61.44
arabica,2003-10-29,166.96,-4.99,-1.26,58.68
arabica,2003-10-30,165.64,-0.79,-2.04,58.14
arabica,2003-10-31,163.04,-1.57,-3.58,56.85
arabica,2003-11-03,162.47,-0.35,-0.35,57.01
arabica,2003-11-04,166.99,2.78,2.42,58.37
arabica,2003-11-05,166.49,-0.30,2.12,58.15
arabica,2003-11-06,168.03,0.92,3.06,58.41
arabica,2003-11-07,167.56,-0.28,2.77,58.40
arabica,2003-11-10,166.54,-0.61,2.15,57.69
arabica,2003-11-11,167.07,0.32,2.47,57.47
arabica,2003-11-12,167.35,0.17,2.64,57.65
arabica,2003-11-13,171.77,2.64,5.35,58.42
arabica,2003-11-14,171.47,-0.17,5.17,58.12
arabica,2003-11-17,169.85,-0.94,4.18,57.93
arabica,2003-11-18,170.40,0.32,4.51,57.90
arabica,2003-11-19,171.83,0.84,5.39,58.37
arabica,2003-11-20,167.67,-2.42,2.84,56.97
arabica,2003-11-21,166.23,-0.86,1.96,56.89
arabica,2003-11-24,165.01,-0.73,1.21,56.49
arabica,2003-11-25,166.70,1.02,2.24,56.76
arabica,2003-11-26,167.55,0.51,2.77,56.83
arabica,2003-11-27,166.63,-0.55,2.20,56.60
arabica,2003-11-28,166.18,-0.27,1.93,56.39
arabica,2003-12-01,168.76,1.55,1.55,57.68
arabica,2003-12-02,177.64,5.26,6.90,60.59
arabica,2003-12-03,177.28,-0.20,6.68,60.46
arabica,2003-12-04,171.99,-2.98,3.50,58.40
arabica,2003-12-05,174.27,1.33,4.87,59.37
arabica,2003-12-08,181.94,4.40,9.48,61.84
arabica,2003-12-09,178.27,-2.02,7.28,60.74
arabica,2003-12-10,178.13,-0.08,7.19,60.53
arabica,2003-12-11,176.59,-0.86,6.26,60.11
arabica,2003-12-12,178.36,1.00,7.33,60.71
arabica,2003-12-15,167.82,-5.91,0.99,57.45
arabica,2003-12-16,172.51,2.79,3.81,58.74
arabica,2003-12-17,174.76,1.30,5.16,59.63
arabica,2003-12-18,173.41,-0.77,4.35,59.13
arabica,2003-12-19,173.60,0.11,4.47,59.37
arabica,2003-12-22,174.94,0.77,5.27,59.91
arabica,2003-12-23,173.08,-1.06,4.15,59.50
arabica,2003-12-26,171.54,-0.89,3.23,59.13
arabica,2003-12-29,172.80,0.73,3.98,60.38
arabica,2003-12-30,172.92,0.07,4.06,59.57
arabica,2004-01-02,172.50,-0.24,-0.24,59.92
arabica,2004-01-05,179.64,4.14,3.89,62.94
arabica,2004-01-06,185.07,3.02,7.03,64.53
arabica,2004-01-07,184.04,-0.56,6.43,64.39
arabica,2004-01-08,182.87,-0.64,5.75,64.10
arabica,2004-01-09,184.33,0.80,6.60,65.07
arabica,2004-01-12,191.99,4.16,11.03,68.86
arabica,2004-01-13,188.18,-1.98,8.82,67.06
arabica,2004-01-14,185.98,-1.17,7.55,66.00
arabica,2004-01-15,187.41,0.77,8.38,66.58
arabica,2004-01-16,192.21,2.56,11.16,67.94
arabica,2004-01-19,192.64,0.22,11.40,67.83
arabica,2004-01-20,200.91,4.29,16.19,70.79
arabica,2004-01-21,202.05,0.57,16.85,71.02
arabica,2004-01-22,200.00,-1.01,15.66,70.45
arabica,2004-01-23,197.99,-1.00,14.50,69.71
arabica,2004-01-26,208.59,5.35,20.63,73.32
arabica,2004-01-27,210.20,0.77,21.56,73.24
arabica,2004-01-28,205.02,-2.46,18.56,70.79
arabica,2004-01-29,203.81,-0.59,17.86,69.54
arabica,2004-01-30,202.64,-0.57,17.19,69.11
arabica,2004-02-02,201.75,-0.44,-0.44,68.53
arabica,2004-02-03,205.98,2.10,1.65,70.59
arabica,2004-02-04,198.50,-3.63,-2.04,68.00
arabica,2004-02-05,199.35,0.43,-1.62,67.99
arabica,2004-02-06,202.90,1.78,0.13,69.15
arabica,2004-02-09,198.84,-2.00,-1.88,67.98
arabica,2004-02-10,207.25,4.23,2.27,70.95
arabica,2004-02-11,206.25,-0.48,1.78,70.95
arabica,2004-02-12,207.15,0.44,2.23,71.53
arabica,2004-02-13,205.00,-1.04,1.16,70.54
arabica,2004-02-16,205.13,0.06,1.23,70.54
arabica,2004-02-17,206.58,0.71,1.94,70.77
arabica,2004-02-18,196.92,-4.68,-2.82,66.96
arabica,2004-02-19,198.97,1.04,-1.81,67.22
arabica,2004-02-20,199.68,0.36,-1.46,67.46
arabica,2004-02-25,203.43,1.88,0.39,69.17
arabica,2004-02-26,210.15,3.30,3.71,71.63
arabica,2004-02-27,209.61,-0.26,3.44,72.13
arabica,2004-03-01,206.60,-1.44,-1.44,71.34
arabica,2004-03-02,207.00,0.19,-1.25,71.58
arabica,2004-03-03,202.64,-2.11,-3.33,70.17
arabica,2004-03-04,203.60,0.47,-2.87,70.45
arabica,2004-03-05,204.24,0.31,-2.56,71.19
arabica,2004-03-08,205.52,0.63,-1.95,71.46
arabica,2004-03-09,200.93,-2.23,-4.14,69.74
arabica,2004-03-10,205.36,2.20,-2.03,70.81
arabica,2004-03-11,208.48,1.52,-0.54,71.67
arabica,2004-03-12,206.53,-0.94,-1.47,71.19
arabica,2004-03-15,210.01,1.68,0.19,72.29
arabica,2004-03-16,211.52,0.72,0.91,73.01
arabica,2004-03-17,208.74,-1.31,-0.42,71.68
arabica,2004-03-18,207.89,-0.41,-0.82,71.49
arabica,2004-03-19,208.94,0.51,-0.32,72.00
arabica,2004-03-22,210.51,0.75,0.43,72.26
arabica,2004-03-23,209.83,-0.32,0.10,71.98
arabica,2004-03-24,207.10,-1.30,-1.20,70.68
arabica,2004-03-25,198.68,-4.07,-5.21,67.65
arabica,2004-03-26,202.61,1.98,-3.34,68.94
arabica,2004-03-29,203.86,0.62,-2.74,69.34
arabica,2004-03-30,205.49,0.80,-1.97,70.64
arabica,2004-03-31,207.04,0.75,-1.23,71.49
arabica,2004-04-01,209.00,0.95,0.95,72.32
arabica,2004-04-02,205.85,-1.51,-0.57,71.10
arabica,2004-04-05,200.03,-2.83,-3.39,69.55
arabica,2004-04-06,204.49,2.23,-1.23,71.10
arabica,2004-04-07,205.02,0.26,-0.98,71.41
arabica,2004-04-08,203.69,-0.65,-1.62,70.60
arabica,2004-04-12,203.08,-0.30,-1.91,70.46
arabica,2004-04-13,199.20,-1.91,-3.79,68.86
arabica,2004-04-14,201.86,1.34,-2.50,69.92
arabica,2004-04-15,202.56,0.35,-2.16,69.85
arabica,2004-04-16,202.07,-0.24,-2.40,69.46
arabica,2004-04-19,203.65,0.78,-1.64,70.06
arabica,2004-04-20,202.39,-0.62,-2.25,69.12
arabica,2004-04-22,197.41,-2.46,-4.65,67.42
arabica,2004-04-23,197.41,0.00,-4.65,67.84
arabica,2004-04-26,202.11,2.38,-2.38,69.43
arabica,2004-04-27,202.16,0.02,-2.36,69.35
arabica,2004-04-28,200.62,-0.76,-3.10,68.01
arabica,2004-04-29,199.95,-0.33,-3.42,67.39
arabica,2004-04-30,199.44,-0.26,-3.67,68.02
arabica,2004-05-03,199.76,0.16,0.16,67.03
arabica,2004-05-04,203.50,1.87,2.04,68.52
arabica,2004-05-05,202.14,-0.67,1.35,68.41
arabica,2004-05-06,200.92,-0.60,0.74,66.95
arabica,2004-05-07,200.38,-0.27,0.47,65.44
arabica,2004-05-10,207.92,3.76,4.25,66.22
arabica,2004-05-11,211.26,1.61,5.93,68.68
arabica,2004-05-12,210.35,-0.43,5.47,66.95
arabica,2004-05-13,211.18,0.39,5.89,67.38
arabica,2004-05-14,210.75,-0.20,5.67,68.16
arabica,2004-05-17,203.71,-3.34,2.14,65.21
arabica,2004-05-18,210.87,3.51,5.73,67.35
arabica,2004-05-19,215.03,1.97,7.82,68.61
arabica,2004-05-20,215.77,0.34,8.19,67.16
arabica,2004-05-21,217.65,0.87,9.13,67.89
arabica,2004-05-24,227.99,4.75,14.32,71.65
arabica,2004-05-25,233.45,2.39,17.05,73.88
arabica,2004-05-26,241.40,3.41,21.04,76.37
arabica,2004-05-27,240.74,-0.27,20.71,77.16
arabica,2004-05-28,253.76,5.41,27.24,82.12
arabica,2004-05-31,249.61,-1.64,25.16,78.25
arabica,2004-06-01,247.07,-1.02,-1.02,78.06
arabica,2004-06-02,255.61,3.46,2.40,81.61
arabica,2004-06-03,252.07,-1.38,0.99,80.15
arabica,2004-06-04,251.04,-0.41,0.57,80.15
arabica,2004-06-07,245.10,-2.37,-1.81,78.76
arabica,2004-06-08,251.52,2.62,0.77,80.64
arabica,2004-06-09,255.81,1.71,2.48,81.83
arabica,2004-06-11,255.11,-0.27,2.20,81.27
arabica,2004-06-14,246.57,-3.35,-1.22,77.88
arabica,2004-06-15,243.20,-1.37,-2.57,77.48
arabica,2004-06-16,242.70,-0.21,-2.77,77.29
arabica,2004-06-17,235.38,-3.02,-5.70,74.99
arabica,2004-06-18,239.81,1.88,-3.93,76.35
arabica,2004-06-21,234.08,-2.39,-6.22,74.81
arabica,2004-06-22,228.24,-2.49,-8.56,72.83
arabica,2004-06-23,233.51,2.31,-6.45,74.68
arabica,2004-06-24,231.49,-0.87,-7.26,74.82
arabica,2004-06-25,221.45,-4.34,-11.28,71.18
arabica,2004-06-28,222.95,0.68,-10.68,71.25
arabica,2004-06-29,219.42,-1.58,-12.09,70.60
arabica,2004-06-30,222.95,1.61,-10.68,71.78
arabica,2004-07-01,216.59,-2.85,-2.85,70.46
arabica,2004-07-02,205.36,-5.18,-7.89,67.51
arabica,2004-07-05,203.30,-1.00,-8.81,67.23
arabica,2004-07-06,199.23,-2.00,-10.64,65.37
arabica,2004-07-07,197.58,-0.83,-11.38,65.10
arabica,2004-07-08,194.87,-1.37,-12.59,63.71
arabica,2004-07-09,197.40,1.30,-11.46,64.91
arabica,2004-07-12,196.96,-0.22,-11.66,64.90
arabica,2004-07-13,197.56,0.30,-11.39,64.99
arabica,2004-07-14,199.96,1.21,-10.31,66.08
arabica,2004-07-15,202.35,1.20,-9.24,67.11
arabica,2004-07-16,201.22,-0.56,-9.75,67.05
arabica,2004-07-19,201.62,0.20,-9.57,67.32
arabica,2004-07-20,208.17,3.25,-6.63,69.25
arabica,2004-07-21,202.81,-2.57,-9.03,66.98
arabica,2004-07-22,206.02,1.58,-7.59,67.75
arabica,2004-07-23,199.78,-3.03,-10.39,65.37
arabica,2004-07-26,198.19,-0.80,-11.11,64.41
arabica,2004-07-27,196.36,-0.92,-11.93,64.08
arabica,2004-07-28,196.12,-0.12,-12.03,64.22
arabica,2004-07-29,197.22,0.56,-11.54,64.94
arabica,2004-07-30,194.78,-1.24,-12.64,64.12
arabica,2004-08-02,194.79,0.01,0.01,63.78
arabica,2004-08-03,196.93,1.10,1.10,64.50
arabica,2004-08-04,196.45,-0.24,0.86,64.31
arabica,2004-08-05,195.69,-0.39,0.47,63.76
arabica,2004-08-06,197.33,0.84,1.31,65.08
arabica,2004-08-09,198.36,0.52,1.84,65.25
arabica,2004-08-10,196.70,-0.84,0.99,64.94
arabica,2004-08-11,196.84,0.07,1.06,64.82
arabica,2004-08-12,193.29,-1.80,-0.76,63.69
arabica,2004-08-13,195.29,1.03,0.26,64.64
arabica,2004-08-16,201.40,3.13,3.40,66.95
arabica,2004-08-17,202.71,0.65,4.07,67.66
arabica,2004-08-18,196.35,-3.14,0.81,65.78
arabica,2004-08-19,196.76,0.21,1.02,65.85
arabica,2004-08-20,198.24,0.75,1.78,66.84
arabica,2004-08-23,204.66,3.24,5.07,69.05
arabica,2004-08-24,203.37,-0.63,4.41,68.80
arabica,2004-08-25,203.98,0.30,4.72,69.10
arabica,2004-08-26,205.06,0.53,5.28,69.37
arabica,2004-08-27,204.04,-0.50,4.75,69.05
arabica,2004-08-30,199.09,-2.43,2.21,67.58
arabica,2004-08-31,200.31,0.61,2.84,68.39
arabica,2004-09-01,204.39,2.04,2.04,69.69
arabica,2004-09-02,206.15,0.86,2.92,70.12
arabica,2004-09-03,201.73,-2.14,0.71,68.90
arabica,2004-09-06,199.84,-0.94,-0.23,68.60
arabica,2004-09-08,200.22,0.19,-0.04,69.02
arabica,2004-09-09,205.26,2.52,2.47,70.78
arabica,2004-09-10,205.55,0.14,2.62,70.81
arabica,2004-09-13,212.47,3.37,6.07,72.99
arabica,2004-09-14,214.99,1.19,7.33,73.91
arabica,2004-09-15,213.56,-0.67,6.61,73.59
arabica,2004-09-16,218.63,2.37,9.15,75.78
arabica,2004-09-17,220.02,0.64,9.84,76.69
arabica,2004-09-20,220.94,0.42,10.30,76.82
arabica,2004-09-21,230.80,4.46,15.22,80.44
arabica,2004-09-22,237.92,3.08,18.78,82.55
arabica,2004-09-23,233.57,-1.83,16.60,81.07
arabica,2004-09-24,238.33,2.04,18.98,83.04
arabica,2004-09-27,246.69,3.51,23.15,85.87
arabica,2004-09-28,230.04,-6.75,14.84,80.24
arabica,2004-09-29,232.52,1.08,16.08,81.47
arabica,2004-09-30,231.06,-0.63,15.35,80.82
arabica,2004-10-01,221.32,-4.22,-4.22,77.96
arabica,2004-10-04,207.56,-6.22,-10.17,73.45
arabica,2004-10-05,214.08,3.14,-7.35,75.65
arabica,2004-10-06,216.81,1.28,-6.17,76.29
arabica,2004-10-07,218.94,0.98,-5.25,76.80
arabica,2004-10-08,219.77,0.38,-4.89,77.69
arabica,2004-10-11,212.33,-3.39,-8.11,75.29
arabica,2004-10-13,205.57,-3.18,-11.03,72.39
arabica,2004-10-14,206.75,0.57,-10.52,71.99
arabica,2004-10-15,214.59,3.79,-7.13,75.11
arabica,2004-10-18,210.74,-1.79,-8.79,73.71
arabica,2004-10-19,211.29,0.26,-8.56,73.39
arabica,2004-10-20,215.89,2.18,-6.57,75.17
arabica,2004-10-21,219.70,1.76,-4.92,76.90
arabica,2004-10-22,218.22,-0.67,-5.56,76.01
arabica,2004-10-25,218.84,0.28,-5.29,75.91
arabica,2004-10-26,219.91,0.49,-4.83,76.73
arabica,2004-10-27,226.11,2.82,-2.14,79.00
arabica,2004-10-28,225.64,-0.21,-2.35,78.70
arabica,2004-10-29,214.97,-4.73,-6.96,75.19
arabica,2004-11-01,213.75,-0.57,-0.57,74.92
arabica,2004-11-03,224.18,4.88,4.28,79.24
arabica,2004-11-04,224.54,0.16,4.45,79.63
arabica,2004-11-05,226.74,0.98,5.48,80.40
arabica,2004-11-08,229.82,1.36,6.91,81.04
arabica,2004-11-09,230.77,0.41,7.35,81.66
arabica,2004-11-10,238.34,3.28,10.87,84.31
arabica,2004-11-11,234.47,-1.62,9.07,83.17
arabica,2004-11-12,233.98,-0.21,8.84,83.86
arabica,2004-11-16,247.59,5.82,15.17,88.90
arabica,2004-11-17,247.97,0.15,15.35,89.78
arabica,2004-11-18,249.14,0.47,15.90,89.72
arabica,2004-11-19,247.45,-0.68,15.11,88.82
arabica,2004-11-22,250.74,1.33,16.64,91.01
arabica,2004-11-23,253.89,1.26,18.10,92.52
arabica,2004-11-24,248.87,-1.98,15.77,90.33
arabica,2004-11-25,246.44,-0.98,14.64,89.78
arabica,2004-11-26,246.53,0.04,14.68,90.17
arabica,2004-11-29,255.56,3.66,18.88,93.00
arabica,2004-11-30,256.87,0.51,19.49,94.51
arabica,2004-12-01,254.15,-1.06,-1.06,93.75
arabica,2004-12-02,260.79,2.61,1.53,95.42
arabica,2004-12-03,256.35,-1.70,-0.20,94.63
arabica,2004-12-06,254.37,-0.77,-0.97,93.55
arabica,2004-12-07,256.11,0.68,-0.30,93.20
arabica,2004-12-08,262.92,2.66,2.36,95.30
arabica,2004-12-09,262.75,-0.06,2.29,94.48
arabica,2004-12-10,264.10,0.51,2.81,95.17
arabica,2004-12-13,250.51,-5.15,-2.48,90.63
arabica,2004-12-14,253.64,1.25,-1.26,91.73
arabica,2004-12-15,266.11,4.92,3.60,97.66
arabica,2004-12-16,270.98,1.83,5.49,98.93
arabica,2004-12-17,279.03,2.97,8.63,101.99
arabica,2004-12-20,282.01,1.07,9.79,105.38
arabica,2004-12-21,283.42,0.50,10.34,104.93
arabica,2004-12-22,270.92,-4.41,5.47,100.12
arabica,2004-12-23,283.81,4.76,10.49,105.04
arabica,2004-12-27,284.92,0.39,10.92,105.92
arabica,2004-12-28,286.13,0.42,11.39,106.37
arabica,2004-12-29,293.04,2.41,14.08,109.88
arabica,2004-12-30,287.57,-1.87,11.95,108.11
arabica,2005-01-03,282.71,-1.69,-1.69,105.72
arabica,2005-01-04,278.12,-1.62,-3.29,103.01
arabica,2005-01-05,280.43,0.83,-2.48,103.56
arabica,2005-01-06,276.45,-1.42,-3.87,101.52
arabica,2005-01-07,280.42,1.44,-2.49,103.44
arabica,2005-01-10,278.01,-0.86,-3.32,102.85
arabica,2005-01-11,271.28,-2.42,-5.66,99.70
arabica,2005-01-12,280.31,3.33,-2.52,103.78
arabica,2005-01-13,285.50,1.85,-0.72,105.66
arabica,2005-01-14,283.67,-0.64,-1.36,104.98
arabica,2005-01-17,284.26,0.21,-1.15,105.21
arabica,2005-01-18,295.62,4.00,2.80,108.76
arabica,2005-01-19,293.83,-0.61,2.18,108.42
arabica,2005-01-20,290.49,-1.14,1.02,106.88
arabica,2005-01-21,288.76,-0.60,0.41,107.43
arabica,2005-01-24,284.80,-1.37,-0.96,106.23
arabica,2005-01-25,287.16,0.83,-0.14,106.83
arabica,2005-01-26,291.44,1.49,1.35,109.40
arabica,2005-01-27,287.64,-1.30,0.02,107.89
arabica,2005-01-28,285.30,-0.81,-0.79,107.78
arabica,2005-01-31,286.28,0.34,-0.45,109.64
arabica,2005-02-01,285.22,-0.37,-0.37,109.28
arabica,2005-02-02,285.79,0.20,-0.17,109.29
arabica,2005-02-03,288.33,0.89,0.72,110.77
arabica,2005-02-04,296.74,2.92,3.65,113.52
arabica,2005-02-09,308.17,3.85,7.65,118.30
arabica,2005-02-10,312.85,1.52,9.28,119.45
arabica,2005-02-11,314.33,0.47,9.80,120.71
arabica,2005-02-14,307.77,-2.09,7.51,119.29
arabica,2005-02-15,314.21,2.09,9.76,121.55
arabica,2005-02-16,310.26,-1.26,8.38,120.21
arabica,2005-02-17,307.44,-0.91,7.39,119.96
arabica,2005-02-18,307.17,-0.09,7.30,119.34
arabica,2005-02-21,306.29,-0.29,6.99,118.81
arabica,2005-02-22,300.57,-1.87,4.99,115.65
arabica,2005-02-23,318.05,5.82,11.10,122.61
arabica,2005-02-24,311.22,-2.15,8.71,118.24
arabica,2005-02-25,303.74,-2.40,6.10,116.02
arabica,2005-02-28,313.13,3.09,9.38,120.90
arabica,2005-03-01,313.20,0.02,0.02,119.63
arabica,2005-03-02,315.98,0.89,0.91,119.55
arabica,2005-03-03,317.54,0.49,1.41,118.40
arabica,2005-03-04,317.41,-0.04,1.37,119.50
arabica,2005-03-07,324.94,2.37,3.77,121.29
arabica,2005-03-08,335.60,3.28,7.18,124.57
arabica,2005-03-09,334.06,-0.46,6.68,123.54
arabica,2005-03-10,348.50,4.32,11.30,128.41
arabica,2005-03-11,344.81,-1.06,10.12,126.77
arabica,2005-03-14,347.12,0.67,10.85,126.09
arabica,2005-03-15,345.27,-0.53,10.26,124.83
arabica,2005-03-16,347.99,0.79,11.13,125.90
arabica,2005-03-17,349.13,0.33,11.50,128.45
arabica,2005-03-18,343.03,-1.75,9.55,126.25
arabica,2005-03-21,340.39,-0.77,8.71,124.82
arabica,2005-03-22,342.25,0.55,9.30,126.85
arabica,2005-03-23,334.77,-2.19,6.91,121.73
arabica,2005-03-24,323.86,-3.26,3.43,118.20
arabica,2005-03-28,337.69,4.27,7.84,124.01
arabica,2005-03-29,341.64,1.17,9.10,126.63
arabica,2005-03-30,352.01,3.04,12.42,131.54
arabica,2005-03-31,357.48,1.55,14.16,133.99
arabica,2005-04-01,349.00,-2.37,-2.37,131.20
arabica,2005-04-04,342.77,-1.79,-4.11,129.79
arabica,2005-04-05,343.53,0.22,-3.90,130.82
arabica,2005-04-06,345.43,0.55,-3.37,132.81
arabica,2005-04-07,337.07,-2.42,-5.71,129.84
arabica,2005-04-08,322.38,-4.36,-9.82,124.66
arabica,2005-04-11,319.51,-0.89,-10.62,123.55
arabica,2005-04-12,320.25,0.23,-10.41,124.42
arabica,2005-04-13,312.04,-2.56,-12.71,121.75
arabica,2005-04-14,303.06,-2.88,-15.22,117.60
arabica,2005-04-15,320.38,5.72,-10.38,122.33
arabica,2005-04-18,319.90,-0.15,-10.51,122.71
arabica,2005-04-19,349.63,9.29,-2.20,135.78
arabica,2005-04-20,351.57,0.55,-1.65,137.22
arabica,2005-04-22,353.85,0.65,-1.02,139.48
arabica,2005-04-25,348.45,-1.53,-2.53,138.11
arabica,2005-04-26,352.16,1.06,-1.49,138.86
arabica,2005-04-27,352.22,0.02,-1.47,139.99
arabica,2005-04-28,345.50,-1.91,-3.35,135.33
arabica,2005-04-29,339.25,-1.81,-5.10,134.14
arabica,2005-05-02,332.24,-2.07,-2.07,132.32
arabica,2005-05-03,330.52,-0.52,-2.57,132.58
arabica,2005-05-04,340.23,2.94,0.29,137.86
arabica,2005-05-05,337.32,-0.86,-0.57,136.84
arabica,2005-05-06,340.53,0.95,0.38,138.31
arabica,2005-05-09,332.40,-2.39,-2.02,135.73
arabica,2005-05-10,324.06,-2.51,-4.48,130.99
arabica,2005-05-11,332.70,2.67,-1.93,135.46
arabica,2005-05-12,324.58,-2.44,-4.32,131.30
arabica,2005-05-13,325.71,0.35,-3.99,131.71
arabica,2005-05-16,316.47,-2.84,-6.71,127.76
arabica,2005-05-17,319.60,0.99,-5.79,128.77
arabica,2005-05-18,322.34,0.86,-4.98,131.03
arabica,2005-05-19,310.36,-3.72,-8.52,126.78
arabica,2005-05-20,312.15,0.58,-7.99,127.88
arabica,2005-05-23,317.78,1.80,-6.33,130.88
arabica,2005-05-24,325.40,2.40,-4.08,133.96
arabica,2005-05-25,324.21,-0.37,-4.43,134.53
arabica,2005-05-27,319.69,-1.39,-5.77,134.10
arabica,2005-05-30,318.23,-0.46,-6.20,134.22
arabica,2005-05-31,309.13,-2.86,-8.88,128.32
arabica,2005-06-01,309.24,0.04,0.04,126.58
arabica,2005-06-02,321.34,3.91,3.95,133.12
arabica,2005-06-03,333.57,3.81,7.91,137.44
arabica,2005-06-06,324.19,-2.81,4.87,132.16
arabica,2005-06-07,331.53,2.26,7.25,134.60
arabica,2005-06-08,319.04,-3.77,3.21,129.59
arabica,2005-06-09,301.04,-5.64,-2.62,120.51
arabica,2005-06-10,299.52,-0.50,-3.11,121.12
arabica,2005-06-13,301.06,0.51,-2.61,122.93
arabica,2005-06-14,300.45,-0.20,-2.81,123.39
arabica,2005-06-15,303.29,0.95,-1.89,124.56
arabica,2005-06-16,302.44,-0.28,-2.16,125.70
arabica,2005-06-17,300.34,-0.69,-2.84,125.77
arabica,2005-06-20,301.68,0.45,-2.41,126.02
arabica,2005-06-21,293.62,-2.67,-5.02,123.73
arabica,2005-06-22,300.23,2.25,-2.88,126.04
arabica,2005-06-23,295.33,-1.63,-4.46,123.11
arabica,2005-06-24,286.13,-3.12,-7.44,120.22
arabica,2005-06-27,277.71,-2.94,-10.16,116.93
arabica,2005-06-28,274.52,-1.15,-11.20,115.98
arabica,2005-06-29,270.72,-1.38,-12.43,114.96
arabica,2005-06-30,272.74,0.75,-11.77,116.86
arabica,2005-07-01,261.06,-4.28,-4.28,110.76
arabica,2005-07-04,262.82,0.67,-3.64,111.08
arabica,2005-07-05,261.25,-0.60,-4.21,109.91
arabica,2005-07-06,264.03,1.06,-3.19,110.20
arabica,2005-07-07,264.01,-0.01,-3.20,111.07
arabica,2005-07-08,262.06,-0.74,-3.92,110.81
arabica,2005-07-11,258.70,-1.28,-5.15,110.51
arabica,2005-07-12,260.66,0.76,-4.43,111.25
arabica,2005-07-13,260.35,-0.12,-4.54,110.55
arabica,2005-07-14,265.87,2.12,-2.52,113.76
arabica,2005-07-15,259.81,-2.28,-4.74,111.13
arabica,2005-07-18,245.59,-5.47,-9.95,105.04
arabica,2005-07-19,240.12,-2.23,-11.96,102.53
arabica,2005-07-20,243.30,1.32,-10.79,103.75
arabica,2005-07-21,242.76,-0.22,-10.99,103.00
arabica,2005-07-22,246.99,1.74,-9.44,103.00
arabica,2005-07-25,250.99,1.62,-7.97,101.95
arabica,2005-07-26,251.81,0.33,-7.67,102.74
arabica,2005-07-27,247.58,-1.68,-9.22,101.51
arabica,2005-07-28,255.74,3.30,-6.23,106.25
arabica,2005-07-29,262.24,2.54,-3.85,109.73
arabica,2005-08-01,254.95,-2.78,-2.78,107.71
arabica,2005-08-02,266.19,4.41,1.51,113.66
arabica,2005-08-03,264.38,-0.68,0.82,114.40
arabica,2005-08-04,264.72,0.13,0.95,114.90
arabica,2005-08-05,261.60,-1.18,-0.24,113.25
arabica,2005-08-08,256.21,-2.06,-2.30,110.01
arabica,2005-08-09,257.61,0.55,-1.77,112.25
arabica,2005-08-10,259.74,0.83,-0.95,113.97
arabica,2005-08-11,265.79,2.33,1.35,113.30
arabica,2005-08-12,263.48,-0.87,0.47,110.99
arabica,2005-08-15,238.80,-9.37,-8.94,102.49
arabica,2005-08-16,246.10,3.06,-6.15,104.41
arabica,2005-08-17,247.77,0.68,-5.52,105.25
arabica,2005-08-18,242.53,-2.11,-7.52,101.86
arabica,2005-08-19,250.24,3.18,-4.58,102.14
arabica,2005-08-22,252.97,1.09,-3.53,106.07
arabica,2005-08-23,257.27,1.70,-1.90,106.75
arabica,2005-08-24,253.39,-1.51,-3.37,103.89
arabica,2005-08-25,247.20,-2.44,-5.74,103.08
arabica,2005-08-26,243.23,-1.61,-7.25,101.22
arabica,2005-08-29,243.04,-0.08,-7.32,101.90
arabica,2005-08-30,247.57,1.86,-5.59,103.85
arabica,2005-08-31,254.12,2.65,-3.10,107.77
arabica,2005-09-01,260.43,2.48,2.48,110.26
arabica,2005-09-02,255.68,-1.82,0.61,109.69
arabica,2005-09-05,254.80,-0.34,0.27,108.98
arabica,2005-09-06,248.91,-2.31,-2.05,107.06
arabica,2005-09-08,238.16,-4.32,-6.28,102.61
arabica,2005-09-09,236.16,-0.84,-7.07,102.24
arabica,2005-09-12,225.38,-4.56,-11.31,97.06
arabica,2005-09-13,224.09,-0.57,-11.82,96.26
arabica,2005-09-14,232.62,3.81,-8.46,99.92
arabica,2005-09-15,226.94,-2.44,-10.70,98.84
arabica,2005-09-16,219.25,-3.39,-13.72,95.37
arabica,2005-09-19,210.92,-3.80,-17.00,91.86
arabica,2005-09-20,226.58,7.42,-10.84,98.51
arabica,2005-09-21,220.37,-2.74,-13.28,96.87
arabica,2005-09-22,229.16,3.99,-9.82,100.69
arabica,2005-09-23,224.80,-1.90,-11.54,99.20
arabica,2005-09-26,211.59,-5.88,-16.74,94.00
arabica,2005-09-27,214.64,1.44,-15.54,95.01
arabica,2005-09-28,225.24,4.94,-11.36,100.78
arabica,2005-09-29,225.84,0.27,-11.13,102.00
arabica,2005-09-30,226.97,0.50,-10.68,101.78
arabica,2005-10-03,227.38,0.18,0.18,101.96
arabica,2005-10-04,227.47,0.04,0.22,100.60
arabica,2005-10-05,229.05,0.69,0.92,100.99
arabica,2005-10-06,230.10,0.46,1.38,100.39
arabica,2005-10-07,231.18,0.47,1.85,102.75
arabica,2005-10-10,240.49,4.03,5.96,107.41
arabica,2005-10-11,244.67,1.74,7.80,109.52
arabica,2005-10-13,245.49,0.34,8.16,108.77
arabica,2005-10-14,245.65,0.07,8.23,109.37
arabica,2005-10-17,252.63,2.84,11.31,112.93
arabica,2005-10-18,252.86,0.09,11.41,112.83
arabica,2005-10-19,251.97,-0.35,11.01,111.99
arabica,2005-10-20,256.91,1.96,13.19,114.18
arabica,2005-10-21,253.18,-1.45,11.55,111.73
arabica,2005-10-24,252.12,-0.42,11.08,111.51
arabica,2005-10-25,254.97,1.13,12.34,112.67
arabica,2005-10-26,250.88,-1.60,10.53,110.09
arabica,2005-10-27,250.62,-0.10,10.42,109.39
arabica,2005-10-28,246.20,-1.76,8.47,108.75
arabica,2005-10-31,243.34,-1.16,7.21,108.05
arabica,2005-11-01,245.32,0.81,0.81,109.22
arabica,2005-11-03,259.29,5.69,6.55,116.74
arabica,2005-11-04,257.63,-0.64,5.87,116.42
arabica,2005-11-07,255.35,-0.88,4.94,115.91
arabica,2005-11-08,266.93,4.53,9.69,121.61
arabica,2005-11-09,262.45,-1.68,7.85,120.44
arabica,2005-11-10,262.14,-0.12,7.73,120.86
arabica,2005-11-11,260.98,-0.44,7.25,120.66
arabica,2005-11-14,242.23,-7.18,-0.46,109.61
arabica,2005-11-16,244.91,1.11,0.65,111.12
arabica,2005-11-17,246.10,0.49,1.13,112.38
arabica,2005-11-18,245.38,-0.29,0.84,110.09
arabica,2005-11-21,252.97,3.09,3.96,113.79
arabica,2005-11-22,256.62,1.44,5.46,114.21
arabica,2005-11-23,253.53,-1.20,4.19,113.13
arabica,2005-11-24,254.95,0.56,4.77,113.66
arabica,2005-11-25,252.74,-0.87,3.86,113.13
arabica,2005-11-28,249.57,-1.25,2.56,113.29
arabica,2005-11-29,245.16,-1.77,0.75,112.00
arabica,2005-11-30,243.77,-0.57,0.18,110.50
arabica,2005-12-01,241.45,-0.95,-0.95,108.71
arabica,2005-12-02,238.70,-1.14,-2.08,108.06
arabica,2005-12-05,237.86,-0.35,-2.42,108.32
arabica,2005-12-06,237.54,-0.13,-2.56,109.11
arabica,2005-12-07,235.27,-0.96,-3.49,107.18
arabica,2005-12-08,236.42,0.49,-3.02,106.30
arabica,2005-12-09,240.06,1.54,-1.52,106.55
arabica,2005-12-12,247.68,3.17,1.60,109.59
arabica,2005-12-13,244.04,-1.47,0.11,107.74
arabica,2005-12-14,235.96,-3.31,-3.20,103.45
arabica,2005-12-15,242.23,2.66,-0.63,105.32
arabica,2005-12-16,244.82,1.07,0.43,104.76
arabica,2005-12-19,256.26,4.67,5.12,107.58
arabica,2005-12-20,257.72,0.57,5.72,109.85
arabica,2005-12-21,253.75,-1.54,4.09,109.99
arabica,2005-12-22,256.32,1.01,5.15,110.01
arabica,2005-12-23,256.82,0.20,5.35,110.80
arabica,2005-12-26,256.34,-0.19,5.16,110.11
arabica,2005-12-27,259.97,1.42,6.65,111.20
arabica,2005-12-28,264.06,1.57,8.32,112.46
arabica,2005-12-29,267.40,1.26,9.69,113.89
arabica,2006-01-02,264.48,-1.09,-1.09,113.03
arabica,2006-01-03,264.87,0.15,-0.95,113.63
arabica,2006-01-04,270.16,2.00,1.03,117.97
arabica,2006-01-05,284.10,5.16,6.25,124.17
arabica,2006-01-06,296.86,4.49,11.02,130.09
arabica,2006-01-09,295.83,-0.35,10.63,131.48
arabica,2006-01-10,288.58,-2.45,7.92,127.52
arabica,2006-01-11,289.58,0.35,8.29,126.79
arabica,2006-01-12,290.11,0.18,8.49,128.09
arabica,2006-01-13,295.55,1.88,10.53,129.85
arabica,2006-01-16,297.61,0.70,11.30,130.88
arabica,2006-01-17,303.81,2.08,13.62,131.46
arabica,2006-01-18,303.02,-0.26,13.32,130.44
arabica,2006-01-19,296.10,-2.28,10.73,127.19
arabica,2006-01-20,300.22,1.39,12.27,131.79
arabica,2006-01-23,297.95,-0.76,11.42,131.95
arabica,2006-01-24,297.07,-0.30,11.10,132.38
arabica,2006-01-25,302.60,1.86,13.16,134.67
arabica,2006-01-26,300.16,-0.81,12.25,134.54
arabica,2006-01-27,296.59,-1.19,10.92,133.84
arabica,2006-01-30,292.44,-1.40,9.36,131.97
arabica,2006-01-31,285.40,-2.41,6.73,128.85
arabica,2006-02-01,284.46,-0.33,-0.33,127.90
arabica,2006-02-02,285.15,0.24,-0.09,128.10
arabica,2006-02-03,284.68,-0.16,-0.25,128.87
arabica,2006-02-06,276.99,-2.70,-2.95,126.77
arabica,2006-02-07,276.16,-0.30,-3.24,126.27
arabica,2006-02-08,274.13,-0.74,-3.95,125.40
arabica,2006-02-09,274.48,0.13,-3.83,126.49
arabica,2006-02-10,277.64,1.15,-2.72,128.18
arabica,2006-02-13,269.37,-2.98,-5.62,125.12
arabica,2006-02-14,261.71,-2.84,-8.30,122.41
arabica,2006-02-15,261.31,-0.15,-8.44,122.28
arabica,2006-02-16,253.15,-3.12,-11.30,119.64
arabica,2006-02-17,259.37,2.46,-9.12,122.06
arabica,2006-02-20,260.86,0.57,-8.60,123.22
arabica,2006-02-21,265.37,1.73,-7.02,123.08
arabica,2006-02-22,261.82,-1.34,-8.26,122.29
arabica,2006-02-23,264.45,1.00,-7.34,123.46
arabica,2006-02-24,264.34,-0.04,-7.38,123.52
arabica,2006-03-01,264.51,0.06,0.06,125.01
arabica,2006-03-02,260.26,-1.61,-1.54,123.23
arabica,2006-03-03,263.29,1.16,-0.40,124.66
arabica,2006-03-06,257.46,-2.21,-2.60,120.19
arabica,2006-03-07,258.27,0.31,-2.30,119.07
arabica,2006-03-08,261.44,1.23,-1.10,119.60
arabica,2006-03-09,262.74,0.50,-0.61,121.58
arabica,2006-03-10,259.25,-1.33,-1.93,121.20
arabica,2006-03-13,254.24,-1.93,-3.82,119.14
arabica,2006-03-14,252.62,-0.64,-4.43,118.82
arabica,2006-03-15,257.83,2.06,-2.46,121.56
arabica,2006-03-16,250.42,-2.87,-5.27,118.68
arabica,2006-03-17,244.38,-2.41,-7.55,114.95
arabica,2006-03-20,247.70,1.36,-6.29,115.27
arabica,2006-03-21,253.88,2.49,-3.96,116.78
arabica,2006-03-22,247.04,-2.69,-6.54,114.79
arabica,2006-03-23,249.97,1.19,-5.44,115.62
arabica,2006-03-24,248.55,-0.57,-5.97,115.39
arabica,2006-03-27,248.75,0.08,-5.90,114.58
arabica,2006-03-28,253.05,1.73,-4.27,114.55
arabica,2006-03-29,248.71,-1.72,-5.91,112.34
arabica,2006-03-30,257.27,3.44,-2.67,117.53
arabica,2006-03-31,250.47,-2.64,-5.25,115.69
arabica,2006-04-03,254.40,1.57,1.57,118.93
arabica,2006-04-04,249.19,-2.05,-0.51,116.72
arabica,2006-04-05,250.84,0.66,0.15,117.54
arabica,2006-04-06,251.55,0.28,0.43,118.10
arabica,2006-04-07,251.66,0.04,0.48,117.05
arabica,2006-04-10,251.08,-0.23,0.24,116.40
arabica,2006-04-11,244.99,-2.43,-2.19,114.48
arabica,2006-04-12,245.28,0.12,-2.07,114.99
arabica,2006-04-13,245.07,-0.09,-2.16,114.62
arabica,2006-04-17,247.23,0.88,-1.29,115.74
arabica,2006-04-18,252.61,2.18,0.85,119.33
arabica,2006-04-19,250.07,-1.01,-0.16,118.29
arabica,2006-04-20,256.17,2.44,2.28,120.83
arabica,2006-04-24,251.16,-1.96,0.28,118.81
arabica,2006-04-25,242.34,-3.51,-3.25,113.93
arabica,2006-04-26,247.38,2.08,-1.23,116.80
arabica,2006-04-27,243.50,-1.57,-2.78,115.68
arabica,2006-04-28,244.20,0.29,-2.50,117.01
arabica,2006-05-02,248.49,1.76,1.76,120.63
arabica,2006-05-03,244.47,-1.62,0.11,117.82
arabica,2006-05-04,239.32,-2.11,-2.00,115.56
arabica,2006-05-05,237.56,-0.74,-2.72,115.60
arabica,2006-05-08,237.46,-0.04,-2.76,114.71
arabica,2006-05-09,237.42,-0.02,-2.78,115.20
arabica,2006-05-10,237.01,-0.17,-2.94,115.05
arabica,2006-05-11,229.41,-3.21,-6.06,109.19
arabica,2006-05-12,229.48,0.03,-6.03,107.03
arabica,2006-05-15,231.11,0.71,-5.36,105.72
arabica,2006-05-16,231.11,0.00,-5.36,108.20
arabica,2006-05-17,229.56,-0.67,-6.00,104.16
arabica,2006-05-18,232.56,1.31,-4.77,106.92
arabica,2006-05-19,232.10,-0.20,-4.95,105.12
arabica,2006-05-22,232.04,-0.03,-4.98,101.37
arabica,2006-05-23,235.46,1.47,-3.58,102.69
arabica,2006-05-24,237.70,0.95,-2.66,99.04
arabica,2006-05-25,231.95,-2.42,-5.02,101.11
arabica,2006-05-26,231.09,-0.37,-5.37,103.16
arabica,2006-05-29,232.40,0.57,-4.83,102.15
arabica,2006-05-30,234.10,0.73,-4.14,101.34
arabica,2006-05-31,235.18,0.46,-3.69,101.24
arabica,2006-06-01,236.71,0.65,0.65,105.06
arabica,2006-06-02,238.74,0.86,1.51,104.85
arabica,2006-06-05,230.97,-3.25,-1.79,102.61
arabica,2006-06-06,227.40,-1.55,-3.31,100.75
arabica,2006-06-07,227.43,0.01,-3.30,101.53
arabica,2006-06-08,228.52,0.48,-2.83,100.58
arabica,2006-06-09,227.81,-0.31,-3.13,100.75
arabica,2006-06-12,228.05,0.11,-3.03,99.59
arabica,2006-06-13,228.55,0.22,-2.82,99.24
arabica,2006-06-14,228.57,0.01,-2.81,100.16
arabica,2006-06-16,225.61,-1.30,-4.07,100.49
arabica,2006-06-19,219.55,-2.69,-6.65,97.45
arabica,2006-06-20,219.15,-0.18,-6.82,97.57
arabica,2006-06-21,218.16,-0.45,-7.24,97.74
arabica,2006-06-22,219.09,0.43,-6.84,97.63
arabica,2006-06-23,218.07,-0.47,-7.28,97.79
arabica,2006-06-26,217.47,-0.28,-7.53,97.48
arabica,2006-06-27,218.26,0.36,-7.19,97.53
arabica,2006-06-28,218.92,0.30,-6.91,98.61
arabica,2006-06-29,217.88,-0.48,-7.36,100.27
arabica,2006-06-30,218.57,0.32,-7.06,100.96
arabica,2006-07-03,221.87,1.51,1.51,101.77
arabica,2006-07-04,221.41,-0.21,1.30,102.08
arabica,2006-07-05,220.63,-0.35,0.94,100.29
arabica,2006-07-06,221.89,0.57,1.52,102.02
arabica,2006-07-07,219.02,-1.29,0.21,100.38
arabica,2006-07-10,220.96,0.89,1.09,101.36
arabica,2006-07-11,219.16,-0.81,0.27,100.30
arabica,2006-07-12,220.71,0.71,0.98,100.32
arabica,2006-07-13,221.78,0.48,1.47,99.90
arabica,2006-07-14,218.57,-1.45,0.00,98.77
arabica,2006-07-17,217.10,-0.67,-0.67,98.46
arabica,2006-07-18,216.94,-0.07,-0.75,98.93
arabica,2006-07-19,217.05,0.05,-0.70,99.70
arabica,2006-07-20,214.98,-0.95,-1.64,98.03
arabica,2006-07-21,214.42,-0.26,-1.90,97.51
arabica,2006-07-24,213.24,-0.55,-2.44,97.28
arabica,2006-07-25,214.60,0.64,-1.82,97.41
arabica,2006-07-26,214.36,-0.11,-1.93,97.88
arabica,2006-07-27,214.80,0.21,-1.72,98.04
arabica,2006-07-28,218.48,1.71,-0.04,100.50
arabica,2006-07-31,219.38,0.41,0.37,100.82
arabica,2006-08-01,216.76,-1.19,-1.19,98.93
arabica,2006-08-02,225.18,3.88,2.64,103.25
arabica,2006-08-03,230.36,2.30,5.01,105.82
arabica,2006-08-04,228.06,-1.00,3.96,104.42
arabica,2006-08-07,235.21,3.14,7.22,107.65
arabica,2006-08-08,234.16,-0.45,6.74,107.51
arabica,2006-08-09,240.37,2.65,9.57,110.87
arabica,2006-08-10,235.28,-2.12,7.25,108.92
arabica,2006-08-11,232.07,-1.36,5.78,107.19
arabica,2006-08-14,225.99,-2.62,3.01,104.53
arabica,2006-08-15,228.12,0.94,3.98,106.55
arabica,2006-08-16,233.82,2.50,6.58,109.36
arabica,2006-08-17,229.98,-1.64,4.83,107.42
arabica,2006-08-18,230.53,0.24,5.08,107.37
arabica,2006-08-21,239.51,3.90,9.18,112.34
arabica,2006-08-22,244.09,1.91,11.26,114.17
arabica,2006-08-23,239.83,-1.75,9.32,111.45
arabica,2006-08-24,239.55,-0.12,9.19,111.21
arabica,2006-08-25,238.20,-0.56,8.58,110.43
arabica,2006-08-28,230.76,-3.12,5.19,107.83
arabica,2006-08-29,231.69,0.40,5.61,108.37
arabica,2006-08-30,232.34,0.28,5.91,108.67
arabica,2006-08-31,233.08,0.32,6.24,108.66
arabica,2006-09-01,233.03,-0.02,-0.02,108.95
arabica,2006-09-04,232.27,-0.33,-0.35,109.35
arabica,2006-09-05,240.45,3.52,3.16,112.78
arabica,2006-09-06,240.97,0.22,3.39,111.97
arabica,2006-09-08,229.91,-4.59,-1.36,106.49
arabica,2006-09-11,229.57,-0.15,-1.51,105.50
arabica,2006-09-12,228.32,-0.54,-2.04,105.32
arabica,2006-09-13,230.99,1.17,-0.90,107.04
arabica,2006-09-14,228.51,-1.07,-1.96,105.65
arabica,2006-09-15,227.92,-0.26,-2.21,105.91
arabica,2006-09-18,226.59,-0.58,-2.78,105.54
arabica,2006-09-19,228.53,0.86,-1.95,105.65
arabica,2006-09-20,228.34,-0.08,-2.03,104.89
arabica,2006-09-21,235.14,2.98,0.88,106.45
arabica,2006-09-22,237.79,1.13,2.02,107.75
arabica,2006-09-25,238.91,0.47,2.50,107.67
arabica,2006-09-26,237.10,-0.76,1.72,108.12
arabica,2006-09-27,237.52,0.18,1.90,108.61
arabica,2006-09-28,239.80,0.96,2.88,110.40
arabica,2006-09-29,237.78,-0.84,2.02,109.53
arabica,2006-10-02,228.99,-3.70,-3.70,106.11
arabica,2006-10-03,232.83,1.68,-2.08,107.10
arabica,2006-10-04,233.84,0.43,-1.66,108.16
arabica,2006-10-05,234.45,0.26,-1.40,108.59
arabica,2006-10-06,232.58,-0.80,-2.19,107.53
arabica,2006-10-09,232.88,0.13,-2.06,108.01
arabica,2006-10-10,231.04,-0.79,-2.83,107.31
arabica,2006-10-11,232.54,0.65,-2.20,107.76
arabica,2006-10-13,231.36,-0.51,-2.70,108.26
arabica,2006-10-16,228.88,-1.07,-3.74,107.46
arabica,2006-10-17,231.30,1.06,-2.73,108.49
arabica,2006-10-18,230.56,-0.32,-3.04,107.84
arabica,2006-10-19,230.22,-0.15,-3.18,107.53
arabica,2006-10-20,230.88,0.29,-2.90,107.84
arabica,2006-10-23,240.75,4.27,1.25,112.61
arabica,2006-10-24,241.69,0.39,1.64,112.41
arabica,2006-10-25,241.55,-0.06,1.59,112.56
arabica,2006-10-26,242.43,0.36,1.96,113.39
arabica,2006-10-27,242.89,0.19,2.15,113.82
arabica,2006-10-30,243.10,0.09,2.24,113.07
arabica,2006-10-31,242.78,-0.13,2.10,113.29
arabica,2006-11-01,244.58,0.74,0.74,114.08
arabica,2006-11-03,256.23,4.76,5.54,119.73
arabica,2006-11-06,257.67,0.56,6.13,120.58
arabica,2006-11-07,258.40,0.28,6.43,120.86
arabica,2006-11-08,261.80,1.32,7.83,122.05
arabica,2006-11-09,267.92,2.34,10.36,125.14
arabica,2006-11-10,265.19,-1.02,9.23,123.23
arabica,2006-11-13,265.34,0.06,9.29,122.33
arabica,2006-11-14,268.04,1.02,10.40,124.73
arabica,2006-11-16,273.82,2.16,12.79,127.12
arabica,2006-11-17,262.38,-4.18,8.07,121.47
arabica,2006-11-20,271.32,3.41,11.76,125.20
arabica,2006-11-21,273.28,0.72,12.56,126.34
arabica,2006-11-22,272.87,-0.15,12.39,125.98
arabica,2006-11-23,273.61,0.27,12.70,126.20
arabica,2006-11-24,273.71,0.04,12.74,126.14
arabica,2006-11-27,279.39,2.08,15.08,127.52
arabica,2006-11-28,285.54,2.20,17.61,130.50
arabica,2006-11-29,284.78,-0.27,17.30,131.29
arabica,2006-11-30,286.74,0.69,18.11,132.51
arabica,2006-12-01,289.46,0.95,0.95,133.52
arabica,2006-12-04,286.75,-0.94,0.00,132.51
arabica,2006-12-05,289.82,1.07,1.07,134.67
arabica,2006-12-06,288.27,-0.53,0.53,134.33
arabica,2006-12-07,288.54,0.09,0.63,134.64
arabica,2006-12-08,290.35,0.63,1.26,135.68
arabica,2006-12-11,295.14,1.65,2.93,138.05
arabica,2006-12-12,293.38,-0.60,2.32,136.33
arabica,2006-12-13,295.82,0.83,3.17,137.85
arabica,2006-12-14,295.04,-0.26,2.89,137.35
arabica,2006-12-15,290.53,-1.53,1.32,135.32
arabica,2006-12-18,290.69,0.06,1.38,135.27
arabica,2006-12-19,287.68,-1.04,0.33,133.56
arabica,2006-12-20,293.20,1.92,2.25,135.87
arabica,2006-12-21,290.11,-1.05,1.18,134.50
arabica,2006-12-22,290.32,0.07,1.25,135.22
arabica,2006-12-26,293.34,1.04,2.30,136.82
arabica,2006-12-27,293.46,0.04,2.34,136.75
arabica,2006-12-28,293.80,0.12,2.46,137.55
arabica,2007-01-02,292.21,-0.54,-0.54,137.12
arabica,2007-01-03,287.95,-1.46,-1.99,134.55
arabica,2007-01-04,291.39,1.19,-0.82,135.91
arabica,2007-01-05,282.56,-3.03,-3.83,131.30
arabica,2007-01-08,281.01,-0.55,-4.35,130.64
arabica,2007-01-09,282.39,0.49,-3.88,131.35
arabica,2007-01-10,283.28,0.32,-3.58,131.82
arabica,2007-01-11,282.67,-0.22,-3.79,131.78
arabica,2007-01-12,282.05,-0.22,-4.00,131.74
arabica,2007-01-15,282.68,0.22,-3.78,132.09
arabica,2007-01-16,285.05,0.84,-2.98,133.20
arabica,2007-01-17,283.82,-0.43,-3.40,133.00
arabica,2007-01-18,282.37,-0.51,-3.89,132.26
arabica,2007-01-19,281.16,-0.43,-4.30,131.94
arabica,2007-01-22,279.65,-0.54,-4.82,130.92
arabica,2007-01-23,276.38,-1.17,-5.93,129.57
arabica,2007-01-24,278.88,0.90,-5.08,130.99
arabica,2007-01-25,276.64,-0.80,-5.84,129.63
arabica,2007-01-26,275.10,-0.56,-6.36,128.67
arabica,2007-01-29,276.27,0.43,-5.97,129.40
arabica,2007-01-30,275.22,-0.38,-6.32,129.18
arabica,2007-01-31,277.16,0.70,-5.66,130.49
arabica,2007-02-01,274.17,-1.08,-1.08,130.43
arabica,2007-02-02,273.98,-0.07,-1.15,130.15
arabica,2007-02-05,270.58,-1.24,-2.37,129.22
arabica,2007-02-06,270.35,-0.09,-2.46,129.60
arabica,2007-02-07,271.49,0.42,-2.05,129.65
arabica,2007-02-08,268.07,-1.26,-3.28,128.08
arabica,2007-02-09,268.56,0.18,-3.10,127.40
arabica,2007-02-12,267.86,-0.26,-3.36,126.71
arabica,2007-02-13,264.99,-1.07,-4.39,125.71
arabica,2007-02-14,266.75,0.66,-3.76,127.51
arabica,2007-02-15,265.21,-0.58,-4.31,126.71
arabica,2007-02-16,264.30,-0.34,-4.64,126.28
arabica,2007-02-21,261.36,-1.11,-5.70,125.84
arabica,2007-02-22,267.34,2.29,-3.54,128.40
arabica,2007-02-23,265.85,-0.56,-4.08,127.26
arabica,2007-02-26,264.97,-0.33,-4.40,127.15
arabica,2007-02-27,266.21,0.47,-3.95,125.57
arabica,2007-02-28,265.82,-0.15,-4.09,125.33
arabica,2007-03-01,263.60,-0.84,-0.84,124.40
arabica,2007-03-02,260.96,-1.00,-1.83,122.40
arabica,2007-03-05,258.28,-1.03,-2.84,120.98
arabica,2007-03-06,258.71,0.17,-2.67,122.20
arabica,2007-03-07,257.28,-0.55,-3.21,121.76
arabica,2007-03-08,257.04,-0.09,-3.30,121.99
arabica,2007-03-09,254.93,-0.82,-4.10,121.45
arabica,2007-03-12,254.59,-0.13,-4.22,121.93
arabica,2007-03-13,251.21,-1.33,-5.50,119.40
arabica,2007-03-14,249.85,-0.54,-6.01,119.15
arabica,2007-03-15,250.31,0.18,-5.83,119.77
arabica,2007-03-16,249.90,-0.16,-5.99,119.40
arabica,2007-03-19,250.06,0.06,-5.93,120.28
arabica,2007-03-20,247.01,-1.22,-7.08,118.93
arabica,2007-03-21,251.36,1.76,-5.44,122.02
arabica,2007-03-22,248.00,-1.34,-6.70,120.33
arabica,2007-03-23,252.51,1.82,-5.01,122.46
arabica,2007-03-26,253.78,0.50,-4.53,123.19
arabica,2007-03-27,249.70,-1.61,-6.06,121.04
arabica,2007-03-28,249.29,-0.16,-6.22,120.49
arabica,2007-03-29,246.90,-0.96,-7.12,120.79
arabica,2007-03-30,244.47,-0.98,-8.03,118.62
arabica,2007-04-02,239.10,-2.20,-2.20,116.75
arabica,2007-04-03,246.54,3.11,0.85,121.03
arabica,2007-04-04,245.08,-0.59,0.25,120.49
arabica,2007-04-05,246.20,0.46,0.71,121.16
arabica,2007-04-09,240.96,-2.13,-1.44,118.99
arabica,2007-04-10,241.18,0.09,-1.35,118.92
arabica,2007-04-11,241.56,0.16,-1.19,118.53
arabica,2007-04-12,250.13,3.55,2.32,122.97
arabica,2007-04-13,244.01,-2.45,-0.19,120.74
arabica,2007-04-16,236.60,-3.04,-3.22,116.15
arabica,2007-04-17,241.13,1.91,-1.37,118.43
arabica,2007-04-18,240.04,-0.45,-1.81,118.07
arabica,2007-04-19,239.20,-0.35,-2.16,117.89
arabica,2007-04-20,237.09,-0.88,-3.02,116.96
arabica,2007-04-23,237.52,0.18,-2.84,116.66
arabica,2007-04-24,233.31,-1.77,-4.56,114.65
arabica,2007-04-25,231.52,-0.77,-5.30,114.56
arabica,2007-04-26,230.87,-0.28,-5.56,113.90
arabica,2007-04-27,228.63,-0.97,-6.48,112.51
arabica,2007-04-30,226.84,-0.78,-7.21,111.42
arabica,2007-05-02,225.74,-0.48,-0.48,111.53
arabica,2007-05-03,225.34,-0.18,-0.66,111.17
arabica,2007-05-04,227.51,0.96,0.30,111.80
arabica,2007-05-07,225.50,-0.88,-0.59,111.58
arabica,2007-05-08,225.42,-0.04,-0.63,111.48
arabica,2007-05-09,228.02,1.15,0.52,112.94
arabica,2007-05-10,228.33,0.14,0.66,112.87
arabica,2007-05-11,226.21,-0.93,-0.28,112.09
arabica,2007-05-14,229.49,1.45,1.17,114.23
arabica,2007-05-15,227.77,-0.75,0.41,114.92
arabica,2007-05-16,230.74,1.30,1.72,118.15
arabica,2007-05-17,237.05,2.73,4.50,121.44
arabica,2007-05-18,235.82,-0.52,3.96,120.26
arabica,2007-05-21,236.75,0.39,4.37,122.10
arabica,2007-05-22,236.05,-0.30,4.06,121.43
arabica,2007-05-23,237.28,0.52,4.60,121.62
arabica,2007-05-24,241.00,1.57,6.24,122.34
arabica,2007-05-25,238.71,-0.95,5.23,122.29
arabica,2007-05-28,238.64,-0.03,5.20,122.82
arabica,2007-05-29,235.13,-1.47,3.65,120.58
arabica,2007-05-30,236.44,0.56,4.23,121.75
arabica,2007-05-31,235.38,-0.45,3.76,122.21
arabica,2007-06-01,243.81,3.58,3.58,127.99
arabica,2007-06-04,239.13,-1.92,1.59,124.03
arabica,2007-06-05,244.26,2.15,3.77,125.58
arabica,2007-06-06,243.73,-0.22,3.55,124.86
arabica,2007-06-08,239.49,-1.74,1.75,121.88
arabica,2007-06-11,243.66,1.74,3.52,125.56
arabica,2007-06-12,240.25,-1.40,2.07,123.46
arabica,2007-06-13,244.06,1.59,3.69,125.48
arabica,2007-06-14,242.52,-0.63,3.03,125.85
arabica,2007-06-15,242.63,0.05,3.08,126.83
arabica,2007-06-18,240.83,-0.74,2.32,126.35
arabica,2007-06-19,238.79,-0.85,1.45,125.35
arabica,2007-06-20,243.48,1.96,3.44,126.22
arabica,2007-06-21,239.69,-1.56,1.83,125.03
arabica,2007-06-22,241.39,0.71,2.55,124.24
arabica,2007-06-25,232.34,-3.75,-1.29,119.09
arabica,2007-06-26,236.57,1.82,0.51,121.13
arabica,2007-06-27,239.17,1.10,1.61,123.10
arabica,2007-06-28,239.27,0.04,1.65,124.49
arabica,2007-06-29,240.86,0.66,2.33,124.80
arabica,2007-07-02,239.41,-0.60,-0.60,125.02
arabica,2007-07-03,238.04,-0.57,-1.17,124.57
arabica,2007-07-04,239.33,0.54,-0.64,125.30
arabica,2007-07-05,240.03,0.29,-0.34,125.41
arabica,2007-07-06,237.77,-0.94,-1.28,124.94
arabica,2007-07-09,233.72,-1.70,-2.96,123.08
arabica,2007-07-10,240.68,2.98,-0.07,127.14
arabica,2007-07-11,237.93,-1.14,-1.22,125.76
arabica,2007-07-12,238.14,0.09,-1.13,127.08
arabica,2007-07-13,234.53,-1.52,-2.63,125.96
arabica,2007-07-16,238.01,1.48,-1.18,127.21
arabica,2007-07-17,237.71,-0.13,-1.31,127.80
arabica,2007-07-18,239.50,0.75,-0.56,128.76
arabica,2007-07-19,240.42,0.38,-0.18,129.68
arabica,2007-07-20,239.19,-0.51,-0.69,128.87
arabica,2007-07-23,237.09,-0.88,-1.57,128.71
arabica,2007-07-24,241.50,1.86,0.27,129.77
arabica,2007-07-25,239.88,-0.67,-0.41,128.49
arabica,2007-07-26,236.96,-1.22,-1.62,122.90
arabica,2007-07-27,240.62,1.54,-0.10,127.04
arabica,2007-07-30,238.95,-0.69,-0.79,127.44
arabica,2007-07-31,240.48,0.64,-0.16,127.78
arabica,2007-08-01,239.73,-0.31,-0.31,126.71
arabica,2007-08-02,243.45,1.55,1.24,129.84
arabica,2007-08-03,245.53,0.85,2.10,129.23
arabica,2007-08-06,249.22,1.50,3.63,130.76
arabica,2007-08-07,247.21,-0.81,2.80,129.63
arabica,2007-08-08,250.94,1.51,4.35,133.06
arabica,2007-08-09,253.55,1.04,5.43,131.65
arabica,2007-08-10,256.72,1.25,6.75,131.52
arabica,2007-08-13,259.20,0.97,7.78,133.40
arabica,2007-08-14,260.24,0.40,8.22,131.10
arabica,2007-08-15,261.33,0.42,8.67,128.67
arabica,2007-08-16,260.02,-0.50,8.13,124.29
arabica,2007-08-17,261.11,0.42,8.58,128.95
arabica,2007-08-20,261.71,0.23,8.83,128.99
arabica,2007-08-21,262.32,0.23,9.08,128.97
arabica,2007-08-22,261.87,-0.17,8.89,130.22
arabica,2007-08-23,261.41,-0.18,8.70,131.49
arabica,2007-08-24,258.30,-1.19,7.41,133.01
arabica,2007-08-27,251.49,-2.64,4.58,128.90
arabica,2007-08-28,253.80,0.92,5.54,126.71
arabica,2007-08-29,251.20,-1.02,4.46,127.77
arabica,2007-08-30,252.12,0.37,4.84,127.72
arabica,2007-08-31,252.06,-0.02,4.82,128.41
arabica,2007-09-03,251.19,-0.35,-0.35,128.55
arabica,2007-09-04,254.51,1.32,0.97,130.58
arabica,2007-09-05,251.71,-1.10,-0.14,127.83
arabica,2007-09-06,251.94,0.09,-0.05,128.54
arabica,2007-09-10,258.33,2.54,2.49,132.75
arabica,2007-09-11,254.98,-1.30,1.16,132.46
arabica,2007-09-12,252.69,-0.90,0.25,132.37
arabica,2007-09-13,250.10,-1.02,-0.78,131.36
arabica,2007-09-14,253.01,1.16,0.38,133.09
arabica,2007-09-17,262.85,3.89,4.28,136.90
arabica,2007-09-18,266.42,1.36,5.70,141.94
arabica,2007-09-19,266.47,0.02,5.72,142.58
arabica,2007-09-20,267.21,0.28,6.01,141.98
arabica,2007-09-21,262.61,-1.72,4.19,140.58
arabica,2007-09-24,268.49,2.24,6.52,143.50
arabica,2007-09-25,269.38,0.33,6.87,144.83
arabica,2007-09-26,259.91,-3.52,3.11,140.72
arabica,2007-09-27,261.75,0.71,3.84,142.03
arabica,2007-09-28,260.25,-0.57,3.25,141.90
arabica,2007-10-01,269.87,3.70,3.70,149.10
arabica,2007-10-02,268.43,-0.53,3.14,147.08
arabica,2007-10-03,270.78,0.88,4.05,147.24
arabica,2007-10-04,269.25,-0.57,3.46,147.54
arabica,2007-10-05,269.48,0.09,3.55,149.38
arabica,2007-10-08,271.44,0.73,4.30,149.31
arabica,2007-10-09,262.23,-3.39,0.76,145.44
arabica,2007-10-10,262.17,-0.02,0.74,145.25
arabica,2007-10-11,269.67,2.86,3.62,149.32
arabica,2007-10-15,255.68,-5.19,-1.76,140.87
arabica,2007-10-16,254.63,-0.41,-2.16,140.29
arabica,2007-10-17,256.25,0.64,-1.54,140.72
arabica,2007-10-18,249.69,-2.56,-4.06,139.81
arabica,2007-10-19,249.30,-0.16,-4.21,138.04
arabica,2007-10-22,247.84,-0.59,-4.77,136.32
arabica,2007-10-23,247.24,-0.24,-5.00,137.51
arabica,2007-10-24,246.13,-0.45,-5.43,136.13
arabica,2007-10-25,241.96,-1.69,-7.03,134.87
arabica,2007-10-26,242.37,0.17,-6.87,137.01
arabica,2007-10-29,243.30,0.38,-6.51,138.47
arabica,2007-10-30,240.95,-0.97,-7.42,137.53
arabica,2007-10-31,239.75,-0.50,-7.88,138.10
arabica,2007-11-01,244.55,2.00,2.00,139.90
arabica,2007-11-05,238.91,-2.31,-0.35,136.60
arabica,2007-11-06,240.09,0.49,0.14,138.30
arabica,2007-11-07,244.12,1.68,1.82,140.30
arabica,2007-11-08,244.38,0.11,1.93,140.05
arabica,2007-11-09,244.47,0.04,1.97,140.02
arabica,2007-11-12,243.45,-0.42,1.54,137.00
arabica,2007-11-13,245.14,0.69,2.25,138.73
arabica,2007-11-14,246.72,0.64,2.91,142.28
arabica,2007-11-16,247.23,0.21,3.12,141.52
arabica,2007-11-19,242.36,-1.97,1.09,137.16
arabica,2007-11-20,245.38,1.25,2.35,139.26
arabica,2007-11-21,245.61,0.09,2.44,138.29
arabica,2007-11-22,245.69,0.03,2.48,138.03
arabica,2007-11-23,246.53,0.34,2.83,136.66
arabica,2007-11-26,247.34,0.33,3.17,135.60
arabica,2007-11-27,247.38,0.02,3.18,134.74
arabica,2007-11-28,252.48,2.06,5.31,140.73
arabica,2007-11-29,251.42,-0.42,4.87,140.15
arabica,2007-11-30,253.16,0.69,5.59,141.19
arabica,2007-12-03,253.65,0.19,0.19,141.39
arabica,2007-12-04,258.21,1.80,1.99,142.74
arabica,2007-12-05,260.93,1.05,3.07,145.20
arabica,2007-12-06,253.84,-2.72,0.27,142.93
arabica,2007-12-07,257.25,1.34,1.62,146.25
arabica,2007-12-10,258.20,0.37,1.99,146.20
arabica,2007-12-11,260.48,0.88,2.89,148.17
arabica,2007-12-12,263.05,0.99,3.91,148.36
arabica,2007-12-13,261.07,-0.75,3.12,146.42
arabica,2007-12-14,262.10,0.39,3.53,145.86
arabica,2007-12-17,264.49,0.91,4.48,145.88
arabica,2007-12-18,266.26,0.67,5.17,146.78
arabica,2007-12-19,268.95,1.01,6.24,149.33
arabica,2007-12-20,267.85,-0.41,5.80,148.39
arabica,2007-12-21,265.87,-0.74,5.02,148.20
arabica,2007-12-26,258.34,-2.83,2.05,145.79
arabica,2007-12-27,260.98,1.02,3.09,148.20
arabica,2007-12-28,261.51,0.20,3.30,147.33
arabica,2008-01-02,261.25,-0.10,-0.10,147.43
arabica,2008-01-03,265.92,1.79,1.69,151.78
arabica,2008-01-04,261.55,-1.64,0.02,149.03
arabica,2008-01-07,261.63,0.03,0.05,148.32
arabica,2008-01-08,268.48,2.62,2.67,152.46
arabica,2008-01-09,267.72,-0.28,2.37,151.42
arabica,2008-01-10,269.70,0.74,3.13,153.50
arabica,2008-01-11,269.88,0.07,3.20,154.48
arabica,2008-01-14,269.24,-0.24,2.96,155.27
arabica,2008-01-15,269.31,0.03,2.98,153.72
arabica,2008-01-16,267.54,-0.66,2.31,150.90
arabica,2008-01-17,268.25,0.27,2.58,150.11
arabica,2008-01-18,268.64,0.15,2.73,150.50
arabica,2008-01-21,267.23,-0.52,2.19,146.03
arabica,2008-01-22,269.63,0.90,3.11,150.46
arabica,2008-01-23,268.11,-0.56,2.52,146.91
arabica,2008-01-24,269.38,0.47,3.01,151.00
arabica,2008-01-25,268.61,-0.29,2.72,150.31
arabica,2008-01-28,269.30,0.26,2.98,150.95
arabica,2008-01-29,268.51,-0.29,2.68,150.76
arabica,2008-01-30,271.65,1.17,3.88,152.61
arabica,2008-01-31,270.92,-0.27,3.60,154.02
arabica,2008-02-01,271.41,0.18,0.18,155.45
arabica,2008-02-06,272.67,0.46,0.65,155.54
arabica,2008-02-07,274.51,0.67,1.33,156.15
arabica,2008-02-08,279.57,1.84,3.19,158.04
arabica,2008-02-11,280.36,0.28,3.48,159.57
arabica,2008-02-12,280.12,-0.09,3.40,160.07
arabica,2008-02-13,282.05,0.69,4.11,161.82
arabica,2008-02-14,288.44,2.27,6.47,164.82
arabica,2008-02-15,287.54,-0.31,6.13,163.93
arabica,2008-02-18,281.67,-2.04,3.97,162.25
arabica,2008-02-19,290.12,3.00,7.09,167.41
arabica,2008-02-20,287.43,-0.93,6.09,166.72
arabica,2008-02-21,289.28,0.64,6.78,169.07
arabica,2008-02-22,293.17,1.34,8.21,171.64
arabica,2008-02-25,294.97,0.61,8.88,172.90
arabica,2008-02-26,288.34,-2.25,6.43,171.22
arabica,2008-02-27,291.05,0.94,7.43,174.18
arabica,2008-02-28,294.32,1.12,8.64,176.34
arabica,2008-02-29,291.51,-0.95,7.60,172.39
arabica,2008-03-03,291.79,0.10,0.10,174.62
arabica,2008-03-04,287.13,-1.60,-1.50,170.30
arabica,2008-03-05,283.00,-1.44,-2.92,169.26
arabica,2008-03-06,268.03,-5.29,-8.05,159.54
arabica,2008-03-07,266.96,-0.40,-8.42,158.53
arabica,2008-03-10,265.32,-0.61,-8.98,155.52
arabica,2008-03-11,269.09,1.42,-7.69,159.70
arabica,2008-03-12,273.88,1.78,-6.05,163.61
arabica,2008-03-13,280.76,2.51,-3.69,165.83
arabica,2008-03-14,269.56,-3.99,-7.53,157.27
arabica,2008-03-17,249.03,-7.62,-14.57,144.53
arabica,2008-03-18,254.17,2.06,-12.81,150.57
arabica,2008-03-19,244.90,-3.65,-15.99,142.30
arabica,2008-03-20,242.73,-0.89,-16.73,140.14
arabica,2008-03-24,247.36,1.91,-15.15,141.59
arabica,2008-03-25,255.59,3.33,-12.32,147.57
arabica,2008-03-26,256.34,0.29,-12.06,148.61
arabica,2008-03-27,258.13,0.70,-11.45,148.61
arabica,2008-03-28,252.23,-2.29,-13.47,144.63
arabica,2008-03-31,249.69,-1.01,-14.35,142.43
arabica,2008-04-01,252.01,0.93,0.93,144.42
arabica,2008-04-02,255.47,1.37,2.31,147.93
arabica,2008-04-03,257.19,0.67,3.00,149.79
arabica,2008-04-04,254.57,-1.02,1.95,148.96
arabica,2008-04-07,256.52,0.77,2.74,150.54
arabica,2008-04-08,254.72,-0.70,2.01,150.36
arabica,2008-04-09,265.05,4.06,6.15,156.93
arabica,2008-04-10,251.94,-4.95,0.90,149.52
arabica,2008-04-11,250.79,-0.46,0.44,148.39
arabica,2008-04-14,256.24,2.17,2.62,151.89
arabica,2008-04-15,260.40,1.62,4.29,154.72
arabica,2008-04-16,258.47,-0.74,3.52,155.33
arabica,2008-04-17,265.92,2.88,6.50,160.39
arabica,2008-04-18,256.19,-3.66,2.60,153.50
arabica,2008-04-22,258.86,1.04,3.67,155.84
arabica,2008-04-23,257.26,-0.62,3.03,155.16
arabica,2008-04-24,252.36,-1.90,1.07,151.11
arabica,2008-04-25,252.63,0.11,1.18,151.55
arabica,2008-04-28,254.91,0.90,2.09,151.01
arabica,2008-04-29,256.58,0.66,2.76,150.40
arabica,2008-04-30,255.26,-0.51,2.23,153.49
arabica,2008-05-02,247.22,-3.15,-3.15,149.83
arabica,2008-05-05,253.74,2.64,-0.60,153.14
arabica,2008-05-06,253.70,-0.02,-0.61,152.83
arabica,2008-05-07,250.67,-1.19,-1.80,148.33
arabica,2008-05-08,254.02,1.34,-0.49,150.04
arabica,2008-05-09,257.70,1.45,0.96,152.85
arabica,2008-05-12,258.31,0.24,1.19,155.14
arabica,2008-05-13,256.33,-0.77,0.42,154.69
arabica,2008-05-14,259.70,1.31,1.74,156.07
arabica,2008-05-15,258.47,-0.47,1.26,156.18
arabica,2008-05-16,259.25,0.30,1.56,157.98
arabica,2008-05-19,254.84,-1.70,-0.16,154.54
arabica,2008-05-20,257.40,1.00,0.84,156.00
arabica,2008-05-21,262.64,2.04,2.89,158.41
arabica,2008-05-23,252.48,-3.87,-1.09,152.01
arabica,2008-05-26,252.75,0.11,-0.98,152.35
arabica,2008-05-27,250.27,-0.98,-1.95,149.77
arabica,2008-05-28,254.17,1.56,-0.43,153.58
arabica,2008-05-29,251.63,-1.00,-1.42,153.71
arabica,2008-05-30,251.50,-0.05,-1.47,154.48
arabica,2008-06-02,256.34,1.92,1.92,157.07
arabica,2008-06-03,249.35,-2.73,-0.85,153.07
arabica,2008-06-04,250.88,0.61,-0.25,154.01
arabica,2008-06-05,256.72,2.33,2.08,157.79
arabica,2008-06-06,255.62,-0.43,1.64,156.44
arabica,2008-06-09,248.63,-2.73,-1.14,152.91
arabica,2008-06-10,253.66,2.02,0.86,154.01
arabica,2008-06-11,251.94,-0.68,0.17,153.43
arabica,2008-06-12,255.01,1.22,1.40,155.97
arabica,2008-06-13,254.94,-0.03,1.37,155.83
arabica,2008-06-16,254.24,-0.27,1.09,156.46
arabica,2008-06-17,257.22,1.17,2.27,159.96
arabica,2008-06-18,250.06,-2.78,-0.57,155.61
arabica,2008-06-19,252.09,0.81,0.23,157.16
arabica,2008-06-20,260.43,3.31,3.55,162.16
arabica,2008-06-23,254.61,-2.23,1.24,157.85
arabica,2008-06-24,257.84,1.27,2.52,160.95
arabica,2008-06-25,259.68,0.71,3.25,163.22
arabica,2008-06-26,264.81,1.98,5.29,165.20
arabica,2008-06-27,262.65,-0.82,4.43,164.57
arabica,2008-06-30,264.18,0.58,5.04,165.42
arabica,2008-07-01,265.25,0.41,0.41,165.26
arabica,2008-07-02,266.50,0.47,0.88,166.25
arabica,2008-07-03,262.39,-1.54,-0.68,162.88
arabica,2008-07-04,261.27,-0.43,-1.10,162.48
arabica,2008-07-07,250.59,-4.09,-5.14,156.52
arabica,2008-07-08,251.27,0.27,-4.89,155.73
arabica,2008-07-09,250.46,-0.32,-5.19,155.76
arabica,2008-07-10,250.16,-0.12,-5.31,155.38
arabica,2008-07-11,251.86,0.68,-4.66,157.31
arabica,2008-07-14,254.03,0.86,-3.84,159.37
arabica,2008-07-15,250.92,-1.22,-5.02,158.01
arabica,2008-07-16,250.36,-0.22,-5.23,156.77
arabica,2008-07-17,245.77,-1.83,-6.97,153.70
arabica,2008-07-18,247.27,0.61,-6.40,155.62
arabica,2008-07-21,246.64,-0.25,-6.64,156.20
arabica,2008-07-22,245.73,-0.37,-6.98,155.52
arabica,2008-07-23,243.77,-0.80,-7.73,153.90
arabica,2008-07-24,242.95,-0.34,-8.04,153.86
arabica,2008-07-25,245.61,1.09,-7.03,156.14
arabica,2008-07-28,241.55,-1.65,-8.57,153.37
arabica,2008-07-29,243.42,0.77,-7.86,155.14
arabica,2008-07-30,244.77,0.55,-7.35,156.71
arabica,2008-07-31,249.38,1.88,-5.60,159.65
arabica,2008-08-01,245.62,-1.51,-1.51,157.25
arabica,2008-08-04,240.88,-1.93,-3.41,154.11
arabica,2008-08-05,244.64,1.56,-1.90,155.32
arabica,2008-08-06,243.91,-0.30,-2.19,154.67
arabica,2008-08-07,248.08,1.71,-0.52,155.93
arabica,2008-08-08,242.58,-2.22,-2.73,150.86
arabica,2008-08-11,244.93,0.97,-1.78,151.57
arabica,2008-08-12,248.69,1.54,-0.28,153.14
arabica,2008-08-13,244.31,-1.76,-2.03,151.28
arabica,2008-08-14,244.87,0.23,-1.81,150.50
arabica,2008-08-15,243.77,-0.45,-2.25,148.82
arabica,2008-08-18,244.68,0.37,-1.88,149.28
arabica,2008-08-19,247.62,1.20,-0.71,152.19
arabica,2008-08-20,248.41,0.32,-0.39,153.43
arabica,2008-08-21,253.81,2.17,1.78,157.64
arabica,2008-08-22,253.40,-0.16,1.61,155.65
arabica,2008-08-25,250.66,-1.08,0.51,153.50
arabica,2008-08-26,258.13,2.98,3.51,158.26
arabica,2008-08-27,258.61,0.19,3.70,159.44
arabica,2008-08-28,260.24,0.63,4.35,159.46
arabica,2008-08-29,258.25,-0.76,3.56,158.15
arabica,2008-09-01,257.62,-0.24,-0.24,156.42
arabica,2008-09-02,257.89,0.10,-0.14,155.07
arabica,2008-09-03,256.89,-0.39,-0.53,153.09
arabica,2008-09-04,265.58,3.38,2.84,154.50
arabica,2008-09-05,260.97,-1.74,1.05,151.99
arabica,2008-09-08,262.63,0.64,1.70,151.28
arabica,2008-09-09,259.82,-1.07,0.61,146.63
arabica,2008-09-10,262.34,0.97,1.58,146.97
arabica,2008-09-11,263.46,0.43,2.02,145.16
arabica,2008-09-12,262.83,-0.24,1.77,147.57
arabica,2008-09-15,262.25,-0.22,1.55,144.57
arabica,2008-09-16,259.62,-1.00,0.53,142.65
arabica,2008-09-17,262.27,1.02,1.56,140.40
arabica,2008-09-18,263.58,0.50,2.06,136.57
arabica,2008-09-19,261.65,-0.73,1.32,142.98
arabica,2008-09-22,262.57,0.35,1.67,146.44
arabica,2008-09-23,261.42,-0.44,1.23,142.85
arabica,2008-09-24,262.42,0.38,1.61,141.85
arabica,2008-09-25,265.05,1.00,2.63,145.55
arabica,2008-09-26,260.36,-1.77,0.82,140.51
arabica,2008-09-29,261.92,0.60,1.42,133.16
arabica,2008-09-30,261.72,-0.08,1.34,137.46
arabica,2008-10-01,261.72,0.00,0.00,136.45
arabica,2008-10-02,262.10,0.15,0.15,129.69
arabica,2008-10-03,261.32,-0.30,-0.15,127.85
arabica,2008-10-06,250.86,-4.00,-4.15,114.03
arabica,2008-10-07,255.79,1.97,-2.27,110.64
arabica,2008-10-08,262.05,2.45,0.13,114.93
arabica,2008-10-09,257.45,-1.76,-1.63,117.67
arabica,2008-10-10,259.94,0.97,-0.68,112.33
arabica,2008-10-13,258.58,-0.52,-1.20,120.83
arabica,2008-10-14,257.80,-0.30,-1.50,122.65
arabica,2008-10-15,256.51,-0.50,-1.99,118.48
arabica,2008-10-16,254.63,-0.73,-2.71,117.61
arabica,2008-10-17,257.84,1.26,-1.48,121.91
arabica,2008-10-20,256.50,-0.52,-1.99,121.16
arabica,2008-10-21,258.44,0.76,-1.25,115.58
arabica,2008-10-22,260.67,0.86,-0.40,109.53
arabica,2008-10-23,259.56,-0.43,-0.83,112.37
arabica,2008-10-24,255.85,-1.43,-2.24,109.95
arabica,2008-10-27,250.34,-2.15,-4.35,111.56
arabica,2008-10-28,250.89,0.22,-4.14,114.77
arabica,2008-10-29,254.16,1.30,-2.89,118.76
arabica,2008-10-30,251.30,-1.13,-3.98,119.50
arabica,2008-10-31,253.13,0.73,-3.28,117.41
arabica,2008-11-03,254.14,0.40,0.40,117.17
arabica,2008-11-04,256.97,1.11,1.52,121.73
arabica,2008-11-05,256.44,-0.21,1.31,121.07
arabica,2008-11-06,257.33,0.35,1.66,116.92
arabica,2008-11-07,255.24,-0.81,0.83,118.16
arabica,2008-11-10,257.69,0.96,1.80,117.56
arabica,2008-11-11,259.07,0.54,2.35,116.59
arabica,2008-11-12,261.51,0.94,3.31,114.05
arabica,2008-11-13,263.19,0.64,3.97,110.58
arabica,2008-11-14,261.42,-0.67,3.27,115.16
arabica,2008-11-17,259.75,-0.64,2.62,114.08
arabica,2008-11-18,261.12,0.53,3.16,112.31
arabica,2008-11-19,267.29,2.36,5.59,112.07
arabica,2008-11-20,260.73,-2.45,3.00,108.64
arabica,2008-11-21,268.26,2.89,5.98,108.87
arabica,2008-11-24,266.39,-0.70,5.24,114.43
arabica,2008-11-25,264.38,-0.75,4.44,113.71
arabica,2008-11-26,265.97,0.60,5.07,117.32
arabica,2008-11-27,264.76,-0.45,4.59,116.07
arabica,2008-11-28,264.04,-0.27,4.31,114.20
arabica,2008-12-01,264.80,0.29,0.29,114.21
arabica,2008-12-02,265.38,0.22,0.51,110.99
arabica,2008-12-03,266.03,0.24,0.75,107.53
arabica,2008-12-04,263.24,-1.05,-0.30,104.01
arabica,2008-12-05,262.26,-0.37,-0.67,105.54
arabica,2008-12-08,266.18,1.49,0.81,106.47
arabica,2008-12-09,266.54,0.14,0.95,107.82
arabica,2008-12-10,265.04,-0.56,0.38,109.12
arabica,2008-12-11,262.56,-0.94,-0.56,111.97
arabica,2008-12-12,262.75,0.07,-0.49,111.10
arabica,2008-12-15,262.09,-0.25,-0.74,110.17
arabica,2008-12-16,262.38,0.11,-0.63,110.71
arabica,2008-12-17,262.66,0.11,-0.52,111.86
arabica,2008-12-18,262.52,-0.05,-0.58,111.28
arabica,2008-12-19,262.51,-0.00,-0.58,111.00
arabica,2008-12-22,256.36,-2.34,-2.91,107.26
arabica,2008-12-23,256.76,0.16,-2.76,107.57
arabica,2008-12-29,255.21,-0.60,-3.34,105.68
arabica,2008-12-30,253.55,-0.65,-3.97,108.54
arabica,2009-01-05,248.38,-2.04,-2.04,110.15
arabica,2009-01-06,254.17,2.33,0.24,116.59
arabica,2009-01-07,256.54,0.93,1.18,113.92
arabica,2009-01-08,260.06,1.37,2.57,113.17
arabica,2009-01-09,264.54,1.72,4.33,116.49
arabica,2009-01-12,265.72,0.45,4.80,115.83
arabica,2009-01-13,267.34,0.61,5.44,114.84
arabica,2009-01-14,268.36,0.38,5.84,114.44
arabica,2009-01-15,268.73,0.14,5.99,112.82
arabica,2009-01-16,269.16,0.16,6.16,115.22
arabica,2009-01-19,267.94,-0.45,5.68,114.90
arabica,2009-01-20,270.01,0.77,6.49,113.88
arabica,2009-01-21,270.18,0.06,6.56,114.87
arabica,2009-01-22,271.85,0.62,7.22,116.67
arabica,2009-01-23,274.48,0.97,8.25,117.30
arabica,2009-01-26,278.00,1.28,9.64,120.34
arabica,2009-01-27,280.48,0.89,10.62,120.43
arabica,2009-01-28,280.92,0.16,10.79,123.48
arabica,2009-01-29,276.71,-1.50,9.13,120.57
arabica,2009-01-30,274.64,-0.75,8.32,118.63
arabica,2009-02-02,280.68,2.20,2.20,120.72
arabica,2009-02-03,279.58,-0.39,1.80,120.51
arabica,2009-02-04,272.89,-2.39,-0.64,118.18
arabica,2009-02-05,274.49,0.59,-0.05,119.97
arabica,2009-02-06,272.60,-0.69,-0.74,121.26
arabica,2009-02-09,275.20,0.95,0.20,123.02
arabica,2009-02-10,270.85,-1.58,-1.38,120.27
arabica,2009-02-11,273.27,0.89,-0.50,119.33
arabica,2009-02-12,267.06,-2.27,-2.76,116.72
arabica,2009-02-13,265.92,-0.43,-3.18,117.46
arabica,2009-02-16,264.77,-0.43,-3.59,116.13
arabica,2009-02-17,262.42,-0.89,-4.45,112.82
arabica,2009-02-18,261.83,-0.22,-4.66,111.47
arabica,2009-02-19,263.21,0.53,-4.16,111.96
arabica,2009-02-20,263.66,0.17,-4.00,110.36
arabica,2009-02-25,268.54,1.85,-2.22,113.07
arabica,2009-02-26,265.90,-0.98,-3.18,113.44
arabica,2009-02-27,265.25,-0.24,-3.42,111.87
arabica,2009-03-02,262.45,-1.06,-1.06,107.43
arabica,2009-03-03,260.68,-0.67,-1.72,108.08
arabica,2009-03-04,261.94,0.48,-1.25,110.43
arabica,2009-03-05,262.22,0.11,-1.14,110.18
arabica,2009-03-06,258.99,-1.23,-2.36,109.05
arabica,2009-03-09,258.52,-0.18,-2.54,108.85
arabica,2009-03-10,255.59,-1.13,-3.64,108.81
arabica,2009-03-11,256.63,0.41,-3.25,109.21
arabica,2009-03-12,260.08,1.34,-1.95,112.93
arabica,2009-03-13,259.55,-0.20,-2.15,112.94
arabica,2009-03-16,258.64,-0.35,-2.49,113.59
arabica,2009-03-17,257.49,-0.44,-2.93,112.69
arabica,2009-03-18,263.59,2.37,-0.63,117.15
arabica,2009-03-19,264.81,0.46,-0.17,117.80
arabica,2009-03-20,266.37,0.59,0.42,117.66
arabica,2009-03-23,266.39,0.01,0.43,118.66
arabica,2009-03-24,266.46,0.03,0.46,118.85
arabica,2009-03-25,266.49,0.01,0.47,118.55
arabica,2009-03-26,267.30,0.30,0.77,119.33
arabica,2009-03-27,266.77,-0.20,0.57,116.39
arabica,2009-03-30,265.80,-0.36,0.21,114.03
arabica,2009-03-31,267.69,0.71,0.92,115.48
arabica,2009-04-01,264.85,-1.06,-1.06,116.11
arabica,2009-04-02,266.01,0.44,-0.63,119.02
arabica,2009-04-03,265.70,-0.12,-0.74,120.45
arabica,2009-04-06,263.90,-0.68,-1.42,118.98
arabica,2009-04-07,265.81,0.72,-0.70,119.84
arabica,2009-04-08,263.93,-0.71,-1.40,119.75
arabica,2009-04-09,263.58,-0.13,-1.54,121.35
arabica,2009-04-13,254.78,-3.34,-4.82,117.41
arabica,2009-04-14,254.87,0.04,-4.79,116.12
arabica,2009-04-15,257.46,1.02,-3.82,117.19
arabica,2009-04-16,256.73,-0.28,-4.09,117.98
arabica,2009-04-17,255.29,-0.56,-4.63,116.52
arabica,2009-04-20,254.62,-0.26,-4.88,113.47
arabica,2009-04-22,258.68,1.59,-3.37,117.47
arabica,2009-04-23,262.84,1.61,-1.81,118.45
arabica,2009-04-24,264.56,0.65,-1.17,120.75
arabica,2009-04-27,257.60,-2.63,-3.77,116.03
arabica,2009-04-28,256.81,-0.31,-4.06,116.89
arabica,2009-04-29,256.80,-0.00,-4.07,118.07
arabica,2009-04-30,257.27,0.18,-3.89,117.58
arabica,2009-05-04,259.37,0.82,0.82,122.00
arabica,2009-05-05,265.24,2.26,3.10,123.48
arabica,2009-05-06,264.35,-0.34,2.75,125.17
arabica,2009-05-07,264.31,-0.02,2.74,125.27
arabica,2009-05-08,264.50,0.07,2.81,127.90
arabica,2009-05-11,266.85,0.89,3.72,129.60
arabica,2009-05-12,267.93,0.40,4.14,129.44
arabica,2009-05-13,268.69,0.28,4.44,127.58
arabica,2009-05-14,269.01,0.12,4.56,129.21
arabica,2009-05-15,268.86,-0.06,4.50,127.42
arabica,2009-05-18,268.91,0.02,4.52,129.53
arabica,2009-05-19,270.72,0.67,5.23,133.03
arabica,2009-05-20,270.34,-0.14,5.08,133.30
arabica,2009-05-21,271.91,0.58,5.69,133.62
arabica,2009-05-22,269.85,-0.76,4.89,133.13
arabica,2009-05-25,269.11,-0.27,4.60,132.89
arabica,2009-05-26,270.93,0.68,5.31,134.26
arabica,2009-05-27,269.32,-0.59,4.68,133.66
arabica,2009-05-28,270.62,0.48,5.19,134.71
arabica,2009-05-29,269.62,-0.37,4.80,136.86
arabica,2009-06-01,276.12,2.41,2.41,141.38
arabica,2009-06-02,274.84,-0.46,1.94,142.85
arabica,2009-06-03,268.67,-2.24,-0.35,136.87
arabica,2009-06-04,270.84,0.81,0.45,139.46
arabica,2009-06-05,265.97,-1.80,-1.35,135.91
arabica,2009-06-08,261.07,-1.84,-3.17,132.79
arabica,2009-06-09,261.75,0.26,-2.92,135.20
arabica,2009-06-10,261.80,0.02,-2.90,134.19
arabica,2009-06-12,256.49,-2.03,-4.87,133.24
arabica,2009-06-15,249.40,-2.76,-7.50,127.70
arabica,2009-06-16,253.34,1.58,-6.04,128.79
arabica,2009-06-17,248.09,-2.07,-7.99,126.45
arabica,2009-06-18,251.12,1.22,-6.86,127.15
arabica,2009-06-19,248.46,-1.06,-7.85,125.93
arabica,2009-06-22,250.79,0.94,-6.98,123.91
arabica,2009-06-23,247.78,-1.20,-8.10,125.01
arabica,2009-06-24,248.52,0.30,-7.83,125.20
arabica,2009-06-25,248.17,-0.14,-7.96,127.53
arabica,2009-06-26,248.11,-0.02,-7.98,127.96
arabica,2009-06-29,249.42,0.53,-7.49,126.99
arabica,2009-06-30,248.74,-0.27,-7.74,126.65
arabica,2009-07-01,247.78,-0.39,-0.39,128.45
arabica,2009-07-02,245.53,-0.91,-1.29,125.79
arabica,2009-07-03,245.64,0.04,-1.25,125.84
arabica,2009-07-06,247.20,0.64,-0.62,126.12
arabica,2009-07-07,246.84,-0.15,-0.76,123.85
arabica,2009-07-08,246.89,0.02,-0.74,122.83
arabica,2009-07-09,247.30,0.17,-0.58,124.14
arabica,2009-07-10,246.04,-0.51,-1.09,123.02
arabica,2009-07-13,245.94,-0.04,-1.13,124.21
arabica,2009-07-14,247.10,0.47,-0.66,125.49
arabica,2009-07-15,248.93,0.74,0.08,128.65
arabica,2009-07-16,247.05,-0.76,-0.68,128.01
arabica,2009-07-17,245.26,-0.72,-1.40,127.21
arabica,2009-07-20,246.92,0.68,-0.73,129.75
arabica,2009-07-21,246.84,-0.03,-0.76,129.44
arabica,2009-07-22,246.91,0.03,-0.74,129.68
arabica,2009-07-23,250.64,1.51,0.76,132.69
arabica,2009-07-24,248.46,-0.87,-0.11,130.97
arabica,2009-07-27,249.00,0.22,0.10,132.80
arabica,2009-07-28,247.05,-0.78,-0.68,131.27
arabica,2009-07-29,248.76,0.69,0.01,130.65
arabica,2009-07-30,249.14,0.15,0.16,132.94
arabica,2009-07-31,251.35,0.89,1.05,134.77
arabica,2009-08-03,254.55,1.27,1.27,138.72
arabica,2009-08-04,256.21,0.65,1.93,140.54
arabica,2009-08-05,256.57,0.14,2.08,141.67
arabica,2009-08-06,260.49,1.53,3.64,141.80
arabica,2009-08-07,261.40,0.35,4.00,143.31
arabica,2009-08-10,260.02,-0.53,3.45,140.63
arabica,2009-08-11,260.55,0.20,3.66,141.37
arabica,2009-08-12,261.31,0.29,3.96,142.48
arabica,2009-08-13,258.32,-1.14,2.77,141.00
arabica,2009-08-14,254.58,-1.45,1.29,137.39
arabica,2009-08-17,253.58,-0.39,0.89,135.75
arabica,2009-08-18,252.97,-0.24,0.64,137.11
arabica,2009-08-19,252.98,0.00,0.65,137.12
arabica,2009-08-20,251.11,-0.74,-0.10,136.25
arabica,2009-08-21,250.35,-0.30,-0.40,136.73
arabica,2009-08-24,251.02,0.27,-0.13,136.05
arabica,2009-08-25,250.18,-0.33,-0.47,134.72
arabica,2009-08-26,257.01,2.73,2.25,138.11
arabica,2009-08-27,253.33,-1.43,0.79,135.83
arabica,2009-08-28,253.08,-0.10,0.69,134.47
arabica,2009-08-31,252.50,-0.23,0.46,133.67
arabica,2009-09-01,251.12,-0.55,-0.55,131.82
arabica,2009-09-02,250.89,-0.09,-0.64,133.10
arabica,2009-09-03,249.37,-0.61,-1.24,133.64
arabica,2009-09-04,249.38,0.00,-1.24,135.53
arabica,2009-09-08,249.40,0.01,-1.23,136.51
arabica,2009-09-09,252.34,1.18,-0.06,137.44
arabica,2009-09-10,249.82,-1.00,-1.06,137.19
arabica,2009-09-11,251.71,0.76,-0.31,137.77
arabica,2009-09-14,257.02,2.11,1.79,141.76
arabica,2009-09-15,259.49,0.96,2.77,143.68
arabica,2009-09-16,257.76,-0.67,2.08,143.20
arabica,2009-09-17,261.93,1.62,3.73,144.95
arabica,2009-09-18,260.56,-0.52,3.19,144.04
arabica,2009-09-21,261.31,0.29,3.49,143.89
arabica,2009-09-22,264.11,1.07,4.60,146.89
arabica,2009-09-23,259.06,-1.91,2.60,144.97
arabica,2009-09-24,250.63,-3.25,-0.74,138.93
arabica,2009-09-25,251.36,0.29,-0.45,139.80
arabica,2009-09-28,250.57,-0.31,-0.76,139.83
arabica,2009-09-29,249.43,-0.45,-1.22,139.11
arabica,2009-09-30,252.89,1.39,0.15,142.71
arabica,2009-10-01,249.56,-1.32,-1.32,139.58
arabica,2009-10-02,256.04,2.60,1.25,144.01
arabica,2009-10-05,255.17,-0.34,0.90,144.90
arabica,2009-10-06,261.46,2.47,3.39,149.23
arabica,2009-10-07,262.76,0.50,3.90,149.63
arabica,2009-10-08,263.62,0.33,4.24,151.59
arabica,2009-10-09,260.17,-1.31,2.88,149.78
arabica,2009-10-13,261.62,0.56,3.45,151.49
arabica,2009-10-14,262.00,0.15,3.60,153.85
arabica,2009-10-15,261.88,-0.05,3.55,154.14
arabica,2009-10-16,269.54,2.93,6.58,157.62
arabica,2009-10-19,270.36,0.30,6.91,158.01
arabica,2009-10-20,267.52,-1.05,5.79,153.39
arabica,2009-10-21,269.58,0.77,6.60,156.28
arabica,2009-10-22,267.64,-0.72,5.83,154.26
arabica,2009-10-23,259.28,-3.12,2.53,151.36
arabica,2009-10-26,258.41,-0.34,2.18,148.51
arabica,2009-10-27,263.01,1.78,4.00,151.24
arabica,2009-10-28,260.02,-1.14,2.82,148.16
arabica,2009-10-29,263.53,1.35,4.21,152.24
arabica,2009-10-30,262.96,-0.22,3.98,149.75
arabica,2009-11-03,270.44,2.84,2.84,154.98
arabica,2009-11-04,274.35,1.45,4.33,158.77
arabica,2009-11-05,275.96,0.59,4.94,160.26
arabica,2009-11-06,275.07,-0.32,4.61,160.02
arabica,2009-11-09,274.09,-0.36,4.23,161.14
arabica,2009-11-10,265.29,-3.21,0.89,154.51
arabica,2009-11-11,266.71,0.54,1.43,154.88
arabica,2009-11-12,265.46,-0.47,0.95,152.74
arabica,2009-11-13,268.07,0.98,1.94,155.67
arabica,2009-11-16,273.86,2.16,4.15,160.15
arabica,2009-11-17,271.98,-0.69,3.43,158.40
arabica,2009-11-18,275.36,1.24,4.72,161.22
arabica,2009-11-19,270.17,-1.88,2.74,155.81
arabica,2009-11-20,269.89,-0.10,2.64,155.64
arabica,2009-11-23,276.31,2.38,5.08,159.90
arabica,2009-11-24,274.60,-0.62,4.43,158.27
arabica,2009-11-25,276.28,0.61,5.07,160.07
arabica,2009-11-26,276.07,-0.08,4.99,157.75
arabica,2009-11-27,273.50,-0.93,4.01,156.91
arabica,2009-11-30,277.48,1.46,5.52,158.20
arabica,2009-12-01,278.55,0.39,0.39,161.76
arabica,2009-12-02,278.76,0.08,0.46,161.88
arabica,2009-12-03,279.29,0.19,0.65,163.43
arabica,2009-12-04,275.37,-1.40,-0.76,159.63
arabica,2009-12-07,279.26,1.41,0.64,162.17
arabica,2009-12-08,282.71,1.24,1.88,160.82
arabica,2009-12-09,284.49,0.63,2.53,160.64
arabica,2009-12-10,284.92,0.15,2.68,161.34
arabica,2009-12-11,284.07,-0.30,2.37,161.86
arabica,2009-12-14,285.08,0.36,2.74,163.65
arabica,2009-12-15,286.95,0.66,3.41,163.69
arabica,2009-12-16,289.40,0.85,4.30,165.37
arabica,2009-12-17,288.81,-0.20,4.08,161.34
arabica,2009-12-18,284.76,-1.40,2.62,159.71
arabica,2009-12-21,284.77,0.00,2.63,159.62
arabica,2009-12-22,283.08,-0.59,2.02,158.86
arabica,2009-12-23,282.71,-0.13,1.88,160.90
arabica,2009-12-28,273.23,-3.35,-1.53,156.94
arabica,2009-12-29,272.51,-0.26,-1.79,156.35
arabica,2009-12-30,272.77,0.10,-1.70,156.50
arabica,2010-01-04,276.59,1.40,1.40,160.81
arabica,2010-01-05,278.67,0.75,2.16,160.99
arabica,2010-01-06,277.24,-0.51,1.64,159.42
arabica,2010-01-07,276.91,-0.12,1.52,158.69
arabica,2010-01-08,281.62,1.70,3.24,162.78
arabica,2010-01-11,279.43,-0.78,2.44,160.96
arabica,2010-01-12,280.85,0.51,2.96,160.67
arabica,2010-01-13,281.55,0.25,3.22,159.97
arabica,2010-01-14,281.46,-0.03,3.19,159.47
arabica,2010-01-15,276.47,-1.77,1.36,156.02
arabica,2010-01-18,278.04,0.57,1.93,157.35
arabica,2010-01-19,284.76,2.42,4.40,160.70
arabica,2010-01-20,283.13,-0.57,3.80,158.00
arabica,2010-01-21,283.14,0.00,3.80,157.30
arabica,2010-01-22,286.80,1.29,5.14,158.01
arabica,2010-01-25,284.08,-0.95,4.15,156.00
arabica,2010-01-26,282.47,-0.57,3.56,153.85
arabica,2010-01-27,279.91,-0.91,2.62,150.57
arabica,2010-01-28,281.20,0.46,3.09,150.61
arabica,2010-01-29,280.67,-0.19,2.90,148.89
arabica,2010-02-01,281.01,0.12,0.12,151.16
arabica,2010-02-02,279.26,-0.62,-0.50,152.60
arabica,2010-02-03,279.32,0.02,-0.48,151.56
arabica,2010-02-04,280.08,0.27,-0.21,148.74
arabica,2010-02-05,276.76,-1.19,-1.39,146.43
arabica,2010-02-08,279.29,0.91,-0.49,156.55
arabica,2010-02-09,279.79,0.18,-0.31,151.48
arabica,2010-02-10,280.62,0.30,-0.02,151.77
arabica,2010-02-11,281.26,0.23,0.21,152.12
arabica,2010-02-12,282.58,0.47,0.68,151.68
arabica,2010-02-17,281.14,-0.51,0.17,153.97
arabica,2010-02-18,280.69,-0.16,0.01,154.06
arabica,2010-02-19,280.80,0.04,0.05,155.57
arabica,2010-02-22,272.17,-3.07,-3.03,150.45
arabica,2010-02-23,271.80,-0.14,-3.16,148.85
arabica,2010-02-24,279.06,2.67,-0.57,152.83
arabica,2010-02-25,273.96,-1.83,-2.39,149.62
arabica,2010-02-26,276.72,1.01,-1.41,153.22
arabica,2010-03-01,277.39,0.24,0.24,154.27
arabica,2010-03-02,277.19,-0.07,0.17,155.55
arabica,2010-03-03,276.82,-0.13,0.04,154.65
arabica,2010-03-04,274.68,-0.77,-0.74,153.28
arabica,2010-03-05,277.24,0.93,0.19,155.23
arabica,2010-03-08,276.95,-0.10,0.08,154.89
arabica,2010-03-09,280.86,1.41,1.50,157.79
arabica,2010-03-10,278.57,-0.82,0.67,157.30
arabica,2010-03-11,279.86,0.46,1.13,158.11
arabica,2010-03-12,278.64,-0.44,0.69,158.14
arabica,2010-03-15,277.54,-0.39,0.30,157.43
arabica,2010-03-16,276.48,-0.38,-0.09,156.73
arabica,2010-03-17,279.04,0.93,0.84,158.10
arabica,2010-03-18,282.26,1.15,2.00,158.04
arabica,2010-03-19,280.15,-0.75,1.24,155.55
arabica,2010-03-22,280.66,0.18,1.42,155.92
arabica,2010-03-23,280.87,0.07,1.50,158.06
arabica,2010-03-24,280.35,-0.19,1.31,155.75
arabica,2010-03-25,283.62,1.17,2.49,156.78
arabica,2010-03-26,284.01,0.14,2.63,155.70
arabica,2010-03-29,284.69,0.24,2.88,158.34
arabica,2010-03-30,285.31,0.22,3.10,158.94
arabica,2010-03-31,279.82,-1.92,1.12,157.11
arabica,2010-04-01,280.65,0.30,0.30,158.65
arabica,2010-04-05,284.51,1.38,1.68,161.47
arabica,2010-04-06,285.93,0.50,2.18,163.02
arabica,2010-04-07,284.97,-0.34,1.84,160.46
arabica,2010-04-08,279.96,-1.76,0.05,157.46
arabica,2010-04-09,279.08,-0.31,-0.26,157.32
arabica,2010-04-12,283.69,1.65,1.38,161.46
arabica,2010-04-13,283.32,-0.13,1.25,161.25
arabica,2010-04-14,282.73,-0.21,1.04,161.84
arabica,2010-04-15,282.52,-0.07,0.96,161.16
arabica,2010-04-16,278.16,-1.54,-0.59,158.04
arabica,2010-04-19,279.03,0.31,-0.28,158.99
arabica,2010-04-20,279.39,0.13,-0.15,159.38
arabica,2010-04-22,280.71,0.47,0.32,159.22
arabica,2010-04-23,281.33,0.22,0.54,159.76
arabica,2010-04-26,283.18,0.66,1.20,162.28
arabica,2010-04-27,282.20,-0.35,0.85,159.89
arabica,2010-04-28,284.83,0.93,1.79,162.67
arabica,2010-04-29,283.67,-0.41,1.38,163.78
arabica,2010-04-30,283.65,-0.01,1.37,163.30
arabica,2010-05-03,288.52,1.72,1.72,166.77
arabica,2010-05-04,288.29,-0.08,1.64,163.71
arabica,2010-05-05,288.56,0.09,1.73,160.58
arabica,2010-05-06,287.07,-0.52,1.21,154.84
arabica,2010-05-07,287.67,0.21,1.42,155.58
arabica,2010-05-10,283.92,-1.30,0.10,160.13
arabica,2010-05-11,285.10,0.42,0.51,159.72
arabica,2010-05-12,287.10,0.70,1.22,161.75
arabica,2010-05-13,288.97,0.65,1.88,162.61
arabica,2010-05-14,285.50,-1.20,0.65,158.17
arabica,2010-05-17,286.75,0.44,1.09,158.42
arabica,2010-05-18,287.46,0.25,1.34,157.77
arabica,2010-05-19,288.08,0.22,1.56,156.82
arabica,2010-05-20,291.71,1.26,2.84,156.66
arabica,2010-05-21,292.61,0.31,3.16,157.23
arabica,2010-05-24,292.07,-0.18,2.97,156.69
arabica,2010-05-25,292.44,0.13,3.10,156.55
arabica,2010-05-26,293.63,0.41,3.52,158.21
arabica,2010-05-27,293.71,0.03,3.55,160.85
arabica,2010-05-28,294.28,0.19,3.75,162.67
arabica,2010-05-31,295.22,0.32,4.08,162.21
arabica,2010-06-01,296.79,0.53,0.53,161.39
arabica,2010-06-02,297.10,0.10,0.64,162.71
arabica,2010-06-04,295.91,-0.40,0.23,159.26
arabica,2010-06-07,294.81,-0.37,-0.14,156.90
arabica,2010-06-08,293.91,-0.31,-0.44,158.10
arabica,2010-06-09,294.90,0.34,-0.11,159.66
arabica,2010-06-10,297.56,0.90,0.79,164.58
arabica,2010-06-11,304.45,2.32,3.13,167.65
arabica,2010-06-14,312.00,2.48,5.68,172.56
arabica,2010-06-15,312.46,0.15,5.84,174.26
arabica,2010-06-16,307.95,-1.44,4.31,172.04
arabica,2010-06-17,308.46,0.17,4.48,172.32
arabica,2010-06-18,312.71,1.38,5.92,176.47
arabica,2010-06-21,309.53,-1.02,4.85,174.48
arabica,2010-06-22,309.64,0.04,4.88,173.76
arabica,2010-06-23,309.91,0.09,4.98,173.04
arabica,2010-06-24,318.58,2.80,7.91,178.08
arabica,2010-06-25,315.60,-0.94,6.90,177.40
arabica,2010-06-28,315.91,0.10,7.01,177.18
arabica,2010-06-29,307.68,-2.61,4.22,169.99
arabica,2010-06-30,309.84,0.70,4.95,171.75
arabica,2010-07-01,310.00,0.05,0.05,172.70
arabica,2010-07-02,303.31,-2.16,-2.11,170.78
arabica,2010-07-05,303.37,0.02,-2.09,170.72
arabica,2010-07-06,292.83,-3.47,-5.49,164.33
arabica,2010-07-07,300.95,2.77,-2.87,170.41
arabica,2010-07-08,299.80,-0.38,-3.24,169.95
arabica,2010-07-09,300.54,0.25,-3.00,170.76
arabica,2010-07-12,300.98,0.15,-2.86,170.53
arabica,2010-07-13,299.55,-0.48,-3.32,170.88
arabica,2010-07-14,301.32,0.59,-2.75,170.52
arabica,2010-07-15,307.63,2.09,-0.71,173.60
arabica,2010-07-16,307.74,0.04,-0.68,172.69
arabica,2010-07-19,297.29,-3.40,-4.05,166.36
arabica,2010-07-20,290.59,-2.25,-6.21,163.81
arabica,2010-07-21,291.05,0.16,-6.06,163.05
arabica,2010-07-22,298.10,2.42,-3.79,169.38
arabica,2010-07-23,305.92,2.62,-1.27,173.92
arabica,2010-07-26,305.05,-0.28,-1.55,172.83
arabica,2010-07-27,300.59,-1.46,-2.99,169.83
arabica,2010-07-28,305.78,1.73,-1.31,172.76
arabica,2010-07-29,312.14,2.08,0.74,177.25
arabica,2010-07-30,317.39,1.68,2.44,180.85
arabica,2010-08-02,307.62,-3.08,-3.08,175.68
arabica,2010-08-03,301.51,-1.99,-5.00,171.41
arabica,2010-08-04,309.82,2.76,-2.39,176.14
arabica,2010-08-05,310.46,0.21,-2.18,177.00
arabica,2010-08-06,307.70,-0.89,-3.05,174.83
arabica,2010-08-09,308.98,0.42,-2.65,176.36
arabica,2010-08-10,308.56,-0.14,-2.78,175.42
arabica,2010-08-11,310.12,0.51,-2.29,175.21
arabica,2010-08-12,318.81,2.80,0.45,180.12
arabica,2010-08-13,317.98,-0.26,0.19,179.45
arabica,2010-08-16,321.55,1.12,1.31,183.01
arabica,2010-08-17,317.23,-1.34,-0.05,180.86
arabica,2010-08-18,317.87,0.20,0.15,181.43
arabica,2010-08-19,319.96,0.66,0.81,182.21
arabica,2010-08-20,328.10,2.54,3.37,186.52
arabica,2010-08-23,325.23,-0.87,2.47,183.95
arabica,2010-08-24,304.11,-6.49,-4.18,172.30
arabica,2010-08-25,299.77,-1.43,-5.55,169.74
arabica,2010-08-26,308.78,3.01,-2.71,175.24
arabica,2010-08-27,315.02,2.02,-0.75,179.70
arabica,2010-08-30,324.04,2.86,2.10,184.11
arabica,2010-08-31,323.31,-0.23,1.87,184.12
arabica,2010-09-01,329.60,1.95,1.95,188.66
arabica,2010-09-02,334.11,1.37,3.34,192.91
arabica,2010-09-03,334.24,0.04,3.38,192.87
arabica,2010-09-06,333.43,-0.24,3.13,193.07
arabica,2010-09-08,334.43,0.30,3.44,193.99
arabica,2010-09-09,332.19,-0.67,2.75,192.80
arabica,2010-09-10,330.45,-0.52,2.21,192.12
arabica,2010-09-13,332.09,0.50,2.72,193.64
arabica,2010-09-14,334.71,0.79,3.53,196.08
arabica,2010-09-15,331.60,-0.93,2.56,192.12
arabica,2010-09-16,333.07,0.44,3.02,194.32
arabica,2010-09-17,329.15,-1.18,1.81,191.59
arabica,2010-09-20,315.92,-4.02,-2.29,182.72
arabica,2010-09-21,326.82,3.45,1.09,190.57
arabica,2010-09-22,321.73,-1.56,-0.49,186.84
arabica,2010-09-23,323.53,0.56,0.07,188.32
arabica,2010-09-24,322.12,-0.44,-0.37,188.27
arabica,2010-09-27,322.44,0.10,-0.27,188.67
arabica,2010-09-28,328.76,1.96,1.69,192.26
arabica,2010-09-29,323.58,-1.58,0.08,189.78
arabica,2010-09-30,318.81,-1.47,-1.39,188.42
arabica,2010-10-01,320.30,0.47,0.47,190.77
arabica,2010-10-04,309.39,-3.41,-2.95,182.96
arabica,2010-10-05,308.72,-0.22,-3.16,184.86
arabica,2010-10-06,308.25,-0.15,-3.31,183.48
arabica,2010-10-07,309.42,0.38,-2.95,183.52
arabica,2010-10-08,315.93,2.10,-0.90,189.41
arabica,2010-10-11,313.13,-0.89,-1.78,187.95
arabica,2010-10-13,321.88,2.79,0.96,194.84
arabica,2010-10-14,324.01,0.66,1.63,194.95
arabica,2010-10-15,319.42,-1.42,0.19,191.85
arabica,2010-10-18,321.82,0.75,0.94,193.40
arabica,2010-10-19,330.71,2.76,3.73,196.15
arabica,2010-10-20,334.46,1.13,4.91,199.68
arabica,2010-10-21,338.55,1.22,6.19,199.73
arabica,2010-10-22,336.47,-0.61,5.54,197.23
arabica,2010-10-25,342.79,1.88,7.52,201.64
arabica,2010-10-26,345.10,0.67,8.25,202.40
arabica,2010-10-27,347.22,0.61,8.91,201.87
arabica,2010-10-28,344.93,-0.66,8.19,201.36
arabica,2010-10-29,350.41,1.59,9.91,205.88
arabica,2010-11-01,336.35,-4.01,-4.01,197.62
arabica,2010-11-03,330.10,-1.86,-5.80,194.29
arabica,2010-11-04,350.72,6.25,0.09,209.26
arabica,2010-11-05,348.19,-0.72,-0.63,207.38
arabica,2010-11-08,353.66,1.57,0.93,208.53
arabica,2010-11-09,368.89,4.31,5.27,217.12
arabica,2010-11-10,364.66,-1.15,4.07,214.13
arabica,2010-11-11,361.23,-0.94,3.09,210.38
arabica,2010-11-12,355.36,-1.63,1.41,206.24
arabica,2010-11-16,352.30,-0.86,0.54,202.47
arabica,2010-11-17,352.42,0.03,0.57,204.18
arabica,2010-11-18,363.14,3.04,3.63,211.99
arabica,2010-11-19,363.36,0.06,3.70,211.50
arabica,2010-11-22,356.24,-1.96,1.66,206.16
arabica,2010-11-23,356.01,-0.06,1.60,205.78
arabica,2010-11-24,357.89,0.53,2.13,207.72
arabica,2010-11-25,358.15,0.07,2.21,208.10
arabica,2010-11-26,358.91,0.21,2.43,207.58
arabica,2010-11-29,361.56,0.74,3.18,209.85
arabica,2010-11-30,361.14,-0.12,3.06,210.58
arabica,2010-12-01,360.73,-0.11,-0.11,211.20
arabica,2010-12-02,360.94,0.06,-0.06,212.07
arabica,2010-12-03,364.29,0.93,0.87,216.19
arabica,2010-12-06,368.04,1.03,1.91,219.20
arabica,2010-12-07,367.92,-0.03,1.88,218.87
arabica,2010-12-08,363.42,-1.22,0.63,214.66
arabica,2010-12-09,365.23,0.50,1.13,213.71
arabica,2010-12-10,372.82,2.08,3.23,217.64
arabica,2010-12-13,380.73,2.12,5.42,224.36
arabica,2010-12-14,384.49,0.99,6.47,227.10
arabica,2010-12-15,388.64,1.08,7.61,228.75
arabica,2010-12-16,382.76,-1.51,5.99,224.89
arabica,2010-12-17,398.44,4.10,10.33,232.32
arabica,2010-12-20,398.91,0.12,10.46,233.69
arabica,2010-12-21,407.55,2.17,12.85,240.16
arabica,2010-12-22,407.30,-0.06,12.78,240.15
arabica,2010-12-23,409.28,0.49,13.33,241.60
arabica,2010-12-27,409.88,0.15,13.50,242.67
arabica,2010-12-28,410.77,0.22,13.74,242.92
arabica,2010-12-29,411.79,0.25,14.03,245.26
arabica,2010-12-30,413.34,0.38,14.45,248.40
arabica,2011-01-03,412.99,-0.08,-0.08,250.30
arabica,2011-01-04,413.08,0.02,-0.06,248.24
arabica,2011-01-05,415.75,0.65,0.58,248.36
arabica,2011-01-06,415.61,-0.03,0.55,246.36
arabica,2011-01-07,418.03,0.58,1.13,248.24
arabica,2011-01-10,424.99,1.66,2.82,251.62
arabica,2011-01-11,425.42,0.10,2.92,252.17
arabica,2011-01-12,444.70,4.53,7.59,265.33
arabica,2011-01-13,442.95,-0.39,7.16,265.24
arabica,2011-01-14,438.28,-1.05,6.03,259.95
arabica,2011-01-17,436.17,-0.48,5.52,259.16
arabica,2011-01-18,435.42,-0.17,5.34,259.64
arabica,2011-01-19,431.01,-1.01,4.27,257.78
arabica,2011-01-20,430.54,-0.11,4.16,257.35
arabica,2011-01-21,442.48,2.77,7.05,264.64
arabica,2011-01-24,436.13,-1.44,5.51,260.84
arabica,2011-01-25,430.32,-1.33,4.11,257.37
arabica,2011-01-26,446.96,3.87,8.13,267.48
arabica,2011-01-27,447.10,0.03,8.17,266.29
arabica,2011-01-28,453.68,1.47,9.76,269.25
arabica,2011-01-31,458.60,1.08,10.95,273.95
arabica,2011-02-01,460.91,0.50,0.50,276.99
arabica,2011-02-02,466.36,1.18,1.69,279.59
arabica,2011-02-03,472.62,1.34,3.06,283.01
arabica,2011-02-04,475.30,0.57,3.64,283.59
arabica,2011-02-07,479.54,0.89,4.57,285.44
arabica,2011-02-08,477.67,-0.39,4.16,286.54
arabica,2011-02-09,487.13,1.98,6.22,293.27
arabica,2011-02-10,489.10,0.40,6.65,292.70
arabica,2011-02-11,489.74,0.13,6.79,293.79
arabica,2011-02-14,497.76,1.64,8.54,298.24
arabica,2011-02-15,500.91,0.63,9.23,299.95
arabica,2011-02-16,502.24,0.27,9.52,300.38
arabica,2011-02-17,505.33,0.62,10.19,303.87
arabica,2011-02-18,513.03,1.52,11.87,308.31
arabica,2011-02-21,512.99,-0.01,11.86,307.55
arabica,2011-02-22,519.36,1.24,13.25,310.43
arabica,2011-02-23,516.51,-0.55,12.63,308.37
arabica,2011-02-24,513.41,-0.60,11.95,308.54
arabica,2011-02-25,515.88,0.48,12.49,310.03
arabica,2011-02-28,523.80,1.54,14.22,314.97
arabica,2011-03-01,521.46,-0.45,-0.45,313.38
arabica,2011-03-02,522.19,0.14,-0.31,314.57
arabica,2011-03-03,527.27,0.97,0.66,319.17
arabica,2011-03-04,526.85,-0.08,0.58,319.89
arabica,2011-03-09,551.60,4.70,5.31,332.89
arabica,2011-03-10,539.76,-2.15,3.05,324.96
arabica,2011-03-11,532.10,-1.42,1.58,319.39
arabica,2011-03-14,530.31,-0.34,1.24,319.08
arabica,2011-03-15,515.18,-2.85,-1.65,309.05
arabica,2011-03-16,516.25,0.21,-1.44,308.39
arabica,2011-03-17,524.28,1.56,0.09,310.96
arabica,2011-03-18,530.08,1.11,1.20,317.42
arabica,2011-03-21,530.29,0.04,1.24,318.11
arabica,2011-03-22,519.97,-1.95,-0.73,312.67
arabica,2011-03-23,521.79,0.35,-0.38,314.14
arabica,2011-03-24,519.01,-0.53,-0.91,312.84
arabica,2011-03-25,521.73,0.52,-0.40,314.29
arabica,2011-03-28,516.77,-0.95,-1.34,310.93
arabica,2011-03-29,514.28,-0.48,-1.82,310.93
arabica,2011-03-30,512.47,-0.35,-2.16,314.59
arabica,2011-03-31,516.09,0.71,-1.47,316.42
arabica,2011-04-01,508.81,-1.41,-1.41,315.64
arabica,2011-04-04,503.02,-1.14,-2.53,312.63
arabica,2011-04-05,515.36,2.45,-0.14,320.30
arabica,2011-04-06,512.70,-0.52,-0.66,317.66
arabica,2011-04-07,517.60,0.96,0.29,326.77
arabica,2011-04-08,519.86,0.44,0.73,330.28
arabica,2011-04-11,513.83,-1.16,-0.44,325.00
arabica,2011-04-12,513.05,-0.15,-0.59,322.06
arabica,2011-04-13,521.46,1.64,1.04,327.76
arabica,2011-04-14,523.35,0.36,1.41,331.23
arabica,2011-04-15,530.17,1.30,2.73,335.97
arabica,2011-04-18,527.19,-0.56,2.15,331.57
arabica,2011-04-19,534.48,1.38,3.56,339.14
arabica,2011-04-20,535.36,0.16,3.73,340.78
arabica,2011-04-25,527.84,-1.40,2.28,335.56
arabica,2011-04-26,536.84,1.71,4.02,343.25
arabica,2011-04-27,537.14,0.06,4.08,341.91
arabica,2011-04-28,542.70,1.04,5.16,342.83
arabica,2011-04-29,543.08,0.07,5.23,345.25
arabica,2011-05-02,550.14,1.30,1.30,349.07
arabica,2011-05-03,555.19,0.92,2.23,349.39
arabica,2011-05-04,540.31,-2.68,-0.51,336.64
arabica,2011-05-05,533.74,-1.22,-1.72,328.46
arabica,2011-05-06,531.86,-0.35,-2.07,328.92
arabica,2011-05-09,533.00,0.21,-1.86,329.01
arabica,2011-05-10,528.80,-0.79,-2.63,329.47
arabica,2011-05-11,520.99,-1.48,-4.07,321.60
arabica,2011-05-12,530.11,1.75,-2.39,326.62
arabica,2011-05-13,529.84,-0.05,-2.44,324.46
arabica,2011-05-16,514.44,-2.91,-5.27,315.22
arabica,2011-05-17,519.70,1.02,-4.31,320.40
arabica,2011-05-18,530.79,2.13,-2.26,329.27
arabica,2011-05-19,527.20,-0.68,-2.92,326.03
arabica,2011-05-20,517.37,-1.86,-4.73,320.35
arabica,2011-05-23,523.90,1.26,-3.53,321.02
arabica,2011-05-24,527.73,0.73,-2.83,324.96
arabica,2011-05-25,533.64,1.12,-1.74,327.59
arabica,2011-05-26,533.84,0.04,-1.70,330.14
arabica,2011-05-27,530.68,-0.59,-2.28,331.47
arabica,2011-05-30,532.02,0.25,-2.04,333.97
arabica,2011-05-31,531.42,-0.11,-2.15,336.34
arabica,2011-06-01,520.74,-2.01,-2.01,326.28
arabica,2011-06-02,519.03,-0.33,-2.33,328.91
arabica,2011-06-03,530.76,2.26,-0.12,336.78
arabica,2011-06-06,518.47,-2.32,-2.44,327.52
arabica,2011-06-07,528.56,1.95,-0.54,334.95
arabica,2011-06-08,523.11,-1.03,-1.56,330.46
arabica,2011-06-09,529.48,1.22,-0.37,333.22
arabica,2011-06-10,524.86,-0.87,-1.23,328.65
arabica,2011-06-13,528.25,0.65,-0.60,332.65
arabica,2011-06-14,528.38,0.02,-0.57,333.99
arabica,2011-06-15,518.45,-1.88,-2.44,324.03
arabica,2011-06-16,527.65,1.77,-0.71,327.74
arabica,2011-06-17,508.12,-3.70,-4.38,318.17
arabica,2011-06-20,501.56,-1.29,-5.62,314.46
arabica,2011-06-21,500.51,-0.21,-5.82,314.98
arabica,2011-06-22,498.12,-0.48,-6.27,313.48
arabica,2011-06-24,501.97,0.77,-5.54,312.95
arabica,2011-06-27,503.40,0.28,-5.27,315.41
arabica,2011-06-28,501.29,-0.42,-5.67,317.68
arabica,2011-06-29,500.53,-0.15,-5.81,318.40
arabica,2011-06-30,501.58,0.21,-5.62,321.12
arabica,2011-07-01,469.84,-6.33,-6.33,301.76
arabica,2011-07-04,469.46,-0.08,-6.40,302.29
arabica,2011-07-05,473.99,0.96,-5.50,302.87
arabica,2011-07-06,472.39,-0.34,-5.82,301.08
arabica,2011-07-07,478.75,1.35,-4.55,307.68
arabica,2011-07-08,470.79,-1.66,-6.14,301.02
arabica,2011-07-11,460.12,-2.27,-8.27,291.03
arabica,2011-07-12,466.54,1.40,-6.99,295.09
arabica,2011-07-13,478.10,2.48,-4.68,303.55
arabica,2011-07-14,465.21,-2.70,-7.25,294.81
arabica,2011-07-15,456.28,-1.92,-9.03,289.70
arabica,2011-07-18,452.22,-0.89,-9.84,286.39
arabica,2011-07-19,450.55,-0.37,-10.17,287.52
arabica,2011-07-20,447.67,-0.64,-10.75,286.97
arabica,2011-07-21,444.42,-0.73,-11.40,285.80
arabica,2011-07-22,446.17,0.39,-11.05,286.92
arabica,2011-07-25,444.41,-0.39,-11.40,288.02
arabica,2011-07-26,446.22,0.41,-11.04,290.50
arabica,2011-07-27,438.13,-1.81,-12.65,281.04
arabica,2011-07-28,443.73,1.28,-11.53,282.81
arabica,2011-07-29,439.00,-1.07,-12.48,282.68
arabica,2011-08-01,439.88,0.20,0.20,281.61
arabica,2011-08-02,445.87,1.36,1.56,284.36
arabica,2011-08-03,443.39,-0.56,1.00,283.86
arabica,2011-08-04,437.46,-1.34,-0.35,276.52
arabica,2011-08-05,444.06,1.51,1.15,279.99
arabica,2011-08-08,442.85,-0.27,0.88,274.72
arabica,2011-08-09,444.12,0.29,1.17,276.02
arabica,2011-08-10,445.40,0.29,1.46,275.45
arabica,2011-08-11,456.32,2.45,3.95,282.20
arabica,2011-08-12,453.54,-0.61,3.31,281.18
arabica,2011-08-15,454.32,0.17,3.49,285.73
arabica,2011-08-16,459.65,1.17,4.70,289.09
arabica,2011-08-17,477.31,3.84,8.73,301.52
arabica,2011-08-18,479.47,0.45,9.22,299.30
arabica,2011-08-19,485.28,1.21,10.54,303.49
arabica,2011-08-22,482.05,-0.67,9.81,300.72
arabica,2011-08-23,485.75,0.77,10.65,303.60
arabica,2011-08-24,500.41,3.02,13.99,310.81
arabica,2011-08-25,503.85,0.69,14.77,312.95
arabica,2011-08-26,508.15,0.85,15.75,316.60
arabica,2011-08-29,508.88,0.14,15.92,319.65
arabica,2011-08-30,512.98,0.81,16.85,323.03
arabica,2011-08-31,513.37,0.08,16.94,322.07
arabica,2011-09-01,527.54,2.76,2.76,327.66
arabica,2011-09-02,532.07,0.86,3.64,325.23
arabica,2011-09-05,523.78,-1.56,2.03,317.44
arabica,2011-09-06,512.39,-2.17,-0.19,308.11
arabica,2011-09-08,519.61,1.41,1.22,313.58
arabica,2011-09-09,498.43,-4.08,-2.91,296.51
arabica,2011-09-12,513.07,2.94,-0.06,299.17
arabica,2011-09-13,513.38,0.06,0.00,299.70
arabica,2011-09-14,509.28,-0.80,-0.80,296.09
arabica,2011-09-15,507.20,-0.41,-1.20,296.96
arabica,2011-09-16,511.84,0.91,-0.30,295.86
arabica,2011-09-19,516.14,0.84,0.54,290.95
arabica,2011-09-20,519.44,0.64,1.18,289.55
arabica,2011-09-21,516.01,-0.66,0.51,279.83
arabica,2011-09-22,504.98,-2.14,-1.63,264.80
arabica,2011-09-23,500.57,-0.87,-2.49,271.75
arabica,2011-09-26,507.43,1.37,-1.16,276.83
arabica,2011-09-27,513.02,1.10,-0.07,283.59
arabica,2011-09-28,503.76,-1.80,-1.87,275.73
arabica,2011-09-29,500.68,-0.61,-2.47,270.35
arabica,2011-09-30,492.38,-1.66,-4.09,261.90
arabica,2011-10-03,480.12,-2.49,-2.49,254.03
arabica,2011-10-04,488.18,1.68,-0.85,258.43
arabica,2011-10-05,495.02,1.40,0.54,269.62
arabica,2011-10-06,500.86,1.18,1.72,280.28
arabica,2011-10-07,495.62,-1.05,0.66,280.64
arabica,2011-10-10,482.41,-2.67,-2.02,272.55
arabica,2011-10-11,480.32,-0.43,-2.45,273.22
arabica,2011-10-13,495.21,3.10,0.57,282.82
arabica,2011-10-14,492.98,-0.45,0.12,284.63
arabica,2011-10-17,483.67,-1.89,-1.77,274.19
arabica,2011-10-18,481.24,-0.50,-2.26,273.28
arabica,2011-10-19,495.60,2.98,0.65,279.37
arabica,2011-10-20,489.74,-1.18,-0.54,273.14
arabica,2011-10-21,505.10,3.14,2.58,283.76
arabica,2011-10-24,507.51,0.48,3.07,289.51
arabica,2011-10-25,492.41,-2.98,0.01,279.14
arabica,2011-10-26,494.13,0.35,0.36,280.59
arabica,2011-10-27,490.49,-0.74,-0.38,287.85
arabica,2011-10-28,490.32,-0.03,-0.42,291.86
arabica,2011-10-31,468.03,-4.55,-4.95,276.29
arabica,2011-11-01,459.10,-1.91,-1.91,265.38
arabica,2011-11-03,467.70,1.87,-0.07,268.64
arabica,2011-11-04,473.34,1.21,1.13,272.19
arabica,2011-11-07,489.66,3.45,4.62,279.64
arabica,2011-11-08,488.32,-0.27,4.34,280.32
arabica,2011-11-09,493.28,1.02,5.39,279.48
arabica,2011-11-10,492.07,-0.25,5.14,279.43
arabica,2011-11-11,493.53,0.30,5.45,282.99
arabica,2011-11-14,489.86,-0.74,4.66,277.54
arabica,2011-11-16,495.92,1.24,5.96,279.86
arabica,2011-11-17,497.99,0.42,6.40,279.77
arabica,2011-11-18,500.47,0.50,6.93,280.69
arabica,2011-11-21,502.34,0.37,7.33,278.15
arabica,2011-11-22,503.89,0.31,7.66,279.01
arabica,2011-11-23,507.79,0.77,8.50,272.57
arabica,2011-11-24,506.77,-0.20,8.28,268.42
arabica,2011-11-25,505.68,-0.22,8.04,268.26
arabica,2011-11-28,504.69,-0.20,7.83,271.92
arabica,2011-11-29,499.88,-0.95,6.81,270.79
arabica,2011-11-30,504.24,0.87,7.74,278.74
arabica,2011-12-01,509.17,0.98,0.98,282.56
arabica,2011-12-02,500.42,-1.72,-0.76,279.25
arabica,2011-12-05,508.97,1.71,0.94,284.66
arabica,2011-12-06,505.00,-0.78,0.15,281.33
arabica,2011-12-07,492.25,-2.52,-2.38,274.84
arabica,2011-12-08,482.91,-1.90,-4.23,265.92
arabica,2011-12-09,490.06,1.48,-2.81,271.35
arabica,2011-12-12,489.18,-0.18,-2.99,265.28
arabica,2011-12-13,498.30,1.86,-1.18,268.77
arabica,2011-12-14,483.83,-2.90,-4.05,258.18
arabica,2011-12-15,484.61,0.16,-3.89,260.40
arabica,2011-12-16,486.30,0.35,-3.56,262.02
arabica,2011-12-19,481.46,-1.00,-4.52,257.74
arabica,2011-12-20,486.99,1.15,-3.42,264.24
arabica,2011-12-21,486.71,-0.06,-3.48,262.24
arabica,2011-12-22,489.69,0.61,-2.89,264.41
arabica,2011-12-23,488.63,-0.22,-3.10,262.85
arabica,2011-12-26,488.62,-0.00,-3.10,262.84
arabica,2011-12-27,487.66,-0.20,-3.29,262.04
arabica,2011-12-28,492.44,0.98,-2.34,262.77
arabica,2011-12-29,485.19,-1.47,-3.78,259.60
arabica,2012-01-02,480.14,-1.04,-1.04,256.76
arabica,2012-01-03,479.88,-0.05,-1.09,262.23
arabica,2012-01-04,481.49,0.34,-0.76,263.25
arabica,2012-01-05,476.49,-1.04,-1.79,259.25
arabica,2012-01-06,481.91,1.14,-0.68,259.93
arabica,2012-01-09,488.41,1.35,0.66,265.73
arabica,2012-01-10,491.50,0.63,1.30,272.60
arabica,2012-01-11,504.65,2.68,4.01,280.20
arabica,2012-01-12,501.74,-0.58,3.41,281.08
arabica,2012-01-13,492.34,-1.87,1.47,274.59
arabica,2012-01-16,487.57,-0.97,0.49,273.15
arabica,2012-01-17,485.66,-0.39,0.10,273.30
arabica,2012-01-18,492.43,1.39,1.49,279.00
arabica,2012-01-19,494.29,0.38,1.88,279.74
arabica,2012-01-20,494.23,-0.01,1.86,280.97
arabica,2012-01-23,481.96,-2.48,-0.67,275.57
arabica,2012-01-24,481.72,-0.05,-0.72,274.48
arabica,2012-01-25,481.63,-0.02,-0.73,273.65
arabica,2012-01-26,479.82,-0.38,-1.11,275.44
arabica,2012-01-27,472.90,-1.44,-2.53,271.47
arabica,2012-01-30,471.16,-0.37,-2.89,269.39
arabica,2012-01-31,469.04,-0.45,-3.33,268.79
arabica,2012-02-01,462.54,-1.39,-1.39,266.90
arabica,2012-02-02,462.13,-0.09,-1.47,268.37
arabica,2012-02-03,463.39,0.27,-1.20,269.88
arabica,2012-02-06,459.52,-0.84,-2.03,266.08
arabica,2012-02-07,463.56,0.88,-1.17,268.89
arabica,2012-02-08,464.01,0.10,-1.07,269.78
arabica,2012-02-09,468.82,1.04,-0.05,272.89
arabica,2012-02-10,466.24,-0.55,-0.60,270.28
arabica,2012-02-13,460.29,-1.28,-1.87,268.23
arabica,2012-02-14,450.86,-2.05,-3.88,262.13
arabica,2012-02-15,427.51,-5.18,-8.85,247.98
arabica,2012-02-16,417.33,-2.38,-11.02,242.50
arabica,2012-02-17,419.23,0.46,-10.62,244.73
arabica,2012-02-22,413.03,-1.48,-11.94,242.11
arabica,2012-02-23,418.49,1.32,-10.78,244.59
arabica,2012-02-24,419.86,0.33,-10.49,246.11
arabica,2012-02-27,416.51,-0.80,-11.20,243.86
arabica,2012-02-28,417.99,0.36,-10.88,245.59
arabica,2012-02-29,413.60,-1.05,-11.82,241.03
arabica,2012-03-01,417.60,0.97,0.97,243.92
arabica,2012-03-02,412.59,-1.20,-0.24,238.08
arabica,2012-03-05,413.66,0.26,0.01,238.28
arabica,2012-03-06,395.32,-4.43,-4.42,224.61
arabica,2012-03-07,392.68,-0.67,-5.06,222.23
arabica,2012-03-08,393.17,0.12,-4.94,222.13
arabica,2012-03-09,386.34,-1.74,-6.59,216.56
arabica,2012-03-12,383.17,-0.82,-7.36,212.28
arabica,2012-03-13,388.86,1.48,-5.98,216.04
arabica,2012-03-14,387.15,-0.44,-6.40,214.01
arabica,2012-03-15,387.43,0.07,-6.33,214.76
arabica,2012-03-16,382.59,-1.25,-7.50,212.31
arabica,2012-03-19,382.73,0.04,-7.46,212.15
arabica,2012-03-20,381.69,-0.27,-7.72,209.61
arabica,2012-03-21,387.47,1.51,-6.32,213.01
arabica,2012-03-22,370.42,-4.40,-10.44,203.08
arabica,2012-03-23,370.58,0.04,-10.40,204.74
arabica,2012-03-26,373.36,0.75,-9.73,205.71
arabica,2012-03-27,385.88,3.35,-6.70,212.84
arabica,2012-03-28,379.18,-1.74,-8.32,207.43
arabica,2012-03-29,371.96,-1.90,-10.07,203.70
arabica,2012-03-30,381.84,2.66,-7.68,209.00
arabica,2012-04-02,386.44,1.20,1.20,210.83
arabica,2012-04-03,383.30,-0.81,0.38,209.23
arabica,2012-04-04,386.25,0.77,1.15,211.41
arabica,2012-04-05,382.57,-0.95,0.19,209.51
arabica,2012-04-09,375.75,-1.78,-1.59,206.45
arabica,2012-04-10,375.94,0.05,-1.55,205.32
arabica,2012-04-11,379.67,0.99,-0.57,207.02
arabica,2012-04-12,378.94,-0.19,-0.76,207.41
arabica,2012-04-13,379.92,0.26,-0.50,206.70
arabica,2012-04-16,373.24,-1.76,-2.25,202.74
arabica,2012-04-17,370.05,-0.85,-3.09,199.59
arabica,2012-04-18,372.66,0.71,-2.40,198.54
arabica,2012-04-19,376.98,1.16,-1.27,199.88
arabica,2012-04-20,380.78,1.01,-0.28,203.30
arabica,2012-04-23,380.05,-0.19,-0.47,202.05
arabica,2012-04-24,389.20,2.41,1.93,206.69
arabica,2012-04-25,378.73,-2.69,-0.81,201.13
arabica,2012-04-26,377.20,-0.40,-1.22,200.10
arabica,2012-04-27,379.61,0.64,-0.58,201.28
arabica,2012-04-30,383.41,1.00,0.41,201.16
arabica,2012-05-02,387.85,1.16,1.16,201.90
arabica,2012-05-03,374.43,-3.46,-2.34,195.53
arabica,2012-05-04,375.21,0.21,-2.14,195.42
arabica,2012-05-07,378.93,0.99,-1.17,197.26
arabica,2012-05-08,380.45,0.40,-0.77,196.41
arabica,2012-05-09,380.83,0.10,-0.67,194.10
arabica,2012-05-10,390.53,2.55,1.86,200.58
arabica,2012-05-11,384.95,-1.43,0.40,197.21
arabica,2012-05-14,388.76,0.99,1.40,195.65
arabica,2012-05-15,388.30,-0.12,1.28,194.15
arabica,2012-05-16,390.01,0.44,1.72,194.91
arabica,2012-05-17,388.07,-0.50,1.22,194.13
arabica,2012-05-18,393.56,1.41,2.65,194.83
arabica,2012-05-21,389.37,-1.06,1.55,190.68
arabica,2012-05-22,390.62,0.32,1.88,187.71
arabica,2012-05-23,376.73,-3.56,-1.74,184.40
arabica,2012-05-24,379.17,0.65,-1.11,186.23
arabica,2012-05-25,380.18,0.27,-0.84,190.28
arabica,2012-05-28,381.25,0.28,-0.56,192.36
arabica,2012-05-29,376.05,-1.36,-1.92,189.26
arabica,2012-05-30,376.59,0.14,-1.78,186.71
arabica,2012-05-31,366.37,-2.71,-4.44,181.64
arabica,2012-06-01,368.07,0.46,0.46,179.90
arabica,2012-06-04,363.28,-1.30,-0.84,177.12
arabica,2012-06-05,358.40,-1.34,-2.18,177.25
arabica,2012-06-06,353.26,-1.43,-3.58,174.10
arabica,2012-06-08,356.08,0.80,-2.81,175.84
arabica,2012-06-11,354.31,-0.50,-3.29,172.83
arabica,2012-06-12,351.24,-0.87,-4.13,170.26
arabica,2012-06-13,354.12,0.82,-3.34,170.91
arabica,2012-06-14,348.43,-1.61,-4.90,169.39
arabica,2012-06-15,350.31,0.54,-4.38,171.64
arabica,2012-06-18,350.37,0.02,-4.37,170.17
arabica,2012-06-19,360.12,2.78,-1.71,177.40
arabica,2012-06-20,349.51,-2.95,-4.60,171.75
arabica,2012-06-21,362.85,3.82,-0.96,176.74
arabica,2012-06-22,356.14,-1.85,-2.79,172.47
arabica,2012-06-25,361.71,1.56,-1.27,175.08
arabica,2012-06-26,374.42,3.51,2.20,180.53
arabica,2012-06-27,373.63,-0.21,1.98,179.37
arabica,2012-06-28,377.17,0.95,2.95,181.07
arabica,2012-06-29,382.73,1.47,4.47,190.41
arabica,2012-07-02,389.27,1.71,1.71,195.71
arabica,2012-07-03,399.63,2.66,4.42,198.33
arabica,2012-07-04,399.96,0.08,4.50,196.93
arabica,2012-07-05,403.02,0.77,5.30,198.83
arabica,2012-07-06,396.91,-1.52,3.70,195.43
arabica,2012-07-09,407.44,2.65,6.46,200.61
arabica,2012-07-10,407.67,0.06,6.52,199.84
arabica,2012-07-11,416.57,2.18,8.84,204.60
arabica,2012-07-12,412.26,-1.03,7.72,202.29
arabica,2012-07-13,418.98,1.63,9.47,205.68
arabica,2012-07-16,413.38,-1.34,8.01,203.03
arabica,2012-07-17,412.81,-0.14,7.86,203.66
arabica,2012-07-18,409.63,-0.77,7.03,202.39
arabica,2012-07-19,421.42,2.88,10.11,209.04
arabica,2012-07-20,418.99,-0.58,9.47,206.91
arabica,2012-07-23,418.21,-0.19,9.27,205.11
arabica,2012-07-24,401.88,-3.90,5.00,196.42
arabica,2012-07-25,407.26,1.34,6.41,200.03
arabica,2012-07-26,404.22,-0.75,5.61,199.81
arabica,2012-07-27,402.65,-0.39,5.20,198.94
arabica,2012-07-30,411.08,2.09,7.41,201.51
arabica,2012-07-31,403.97,-1.73,5.55,197.35
arabica,2012-08-01,402.68,-0.32,-0.32,197.10
arabica,2012-08-02,398.31,-1.09,-1.40,194.30
arabica,2012-08-03,403.74,1.36,-0.06,199.08
arabica,2012-08-06,402.18,-0.39,-0.44,198.31
arabica,2012-08-07,396.85,-1.33,-1.76,195.69
arabica,2012-08-08,392.72,-1.04,-2.78,194.22
arabica,2012-08-09,385.18,-1.92,-4.65,190.97
arabica,2012-08-10,374.30,-2.82,-7.34,185.66
arabica,2012-08-13,377.30,0.80,-6.60,186.60
arabica,2012-08-14,376.27,-0.27,-6.86,185.63
arabica,2012-08-15,368.30,-2.12,-8.83,182.15
arabica,2012-08-16,362.79,-1.50,-10.19,179.69
arabica,2012-08-17,363.71,0.25,-9.97,180.50
arabica,2012-08-20,368.05,1.19,-8.89,182.39
arabica,2012-08-21,369.10,0.29,-8.63,183.00
arabica,2012-08-22,365.54,-0.96,-9.51,180.96
arabica,2012-08-23,363.29,-0.62,-10.07,179.49
arabica,2012-08-24,366.57,0.90,-9.26,181.11
arabica,2012-08-27,370.08,0.96,-8.39,182.12
arabica,2012-08-28,373.89,1.03,-7.45,183.01
arabica,2012-08-29,376.05,0.58,-6.91,183.53
arabica,2012-08-30,369.52,-1.74,-8.53,180.61
arabica,2012-08-31,378.57,2.45,-6.29,186.49
arabica,2012-09-03,375.58,-0.79,-0.79,184.83
arabica,2012-09-04,377.45,0.50,-0.30,184.94
arabica,2012-09-05,367.11,-2.74,-3.03,180.04
arabica,2012-09-06,366.12,-0.27,-3.29,180.35
arabica,2012-09-10,388.79,6.19,2.70,191.99
arabica,2012-09-11,391.95,0.81,3.53,194.13
arabica,2012-09-12,389.78,-0.55,2.96,192.20
arabica,2012-09-13,398.84,2.32,5.35,197.35
arabica,2012-09-14,400.20,0.34,5.71,198.81
arabica,2012-09-17,393.68,-1.63,3.99,194.03
arabica,2012-09-18,386.85,-1.73,2.19,191.32
arabica,2012-09-19,391.88,1.30,3.52,193.62
arabica,2012-09-20,383.39,-2.17,1.27,189.52
arabica,2012-09-21,391.38,2.08,3.38,193.37
arabica,2012-09-24,376.95,-3.69,-0.43,186.06
arabica,2012-09-25,389.62,3.36,2.92,192.03
arabica,2012-09-26,382.49,-1.83,1.04,187.96
arabica,2012-09-27,393.64,2.92,3.98,193.91
arabica,2012-09-28,386.85,-1.72,2.19,190.66
arabica,2012-10-01,396.50,2.49,2.49,195.61
arabica,2012-10-02,403.02,1.64,4.18,198.83
arabica,2012-10-03,394.68,-2.07,2.02,195.19
arabica,2012-10-04,382.93,-2.98,-1.01,189.67
arabica,2012-10-05,379.04,-1.02,-2.02,186.72
arabica,2012-10-08,375.31,-0.98,-2.98,184.97
arabica,2012-10-09,377.79,0.66,-2.34,185.55
arabica,2012-10-10,372.34,-1.44,-3.75,182.52
arabica,2012-10-11,370.04,-0.62,-4.35,181.48
arabica,2012-10-15,369.68,-0.10,-4.44,181.75
arabica,2012-10-16,376.28,1.79,-2.73,184.81
arabica,2012-10-17,372.28,-1.06,-3.77,183.30
arabica,2012-10-18,361.51,-2.89,-6.55,178.26
arabica,2012-10-19,372.55,3.05,-3.70,183.70
arabica,2012-10-22,372.58,0.01,-3.69,184.08
arabica,2012-10-23,370.20,-0.64,-4.30,182.63
arabica,2012-10-24,367.55,-0.72,-4.99,181.32
arabica,2012-10-25,369.11,0.42,-4.59,182.18
arabica,2012-10-26,364.53,-1.24,-5.77,179.84
arabica,2012-10-29,370.65,1.68,-4.19,182.32
arabica,2012-10-30,364.58,-1.64,-5.76,179.51
arabica,2012-10-31,366.33,0.48,-5.30,180.46
arabica,2012-11-01,363.81,-0.69,-0.69,179.04
arabica,2012-11-05,361.62,-0.60,-1.29,177.70
arabica,2012-11-06,359.62,-0.55,-1.83,176.80
arabica,2012-11-07,359.56,-0.02,-1.85,176.69
arabica,2012-11-08,360.31,0.21,-1.64,176.45
arabica,2012-11-09,358.19,-0.59,-2.22,174.90
arabica,2012-11-12,364.84,1.86,-0.41,177.80
arabica,2012-11-13,357.46,-2.02,-2.42,172.35
arabica,2012-11-14,353.91,-0.99,-3.39,171.22
arabica,2012-11-16,352.90,-0.29,-3.67,169.66
arabica,2012-11-19,354.19,0.37,-3.31,170.37
arabica,2012-11-20,354.60,0.12,-3.20,170.07
arabica,2012-11-21,354.15,-0.13,-3.32,169.13
arabica,2012-11-22,354.23,0.02,-3.30,168.92
arabica,2012-11-23,351.99,-0.63,-3.91,168.98
arabica,2012-11-26,346.60,-1.53,-5.39,166.48
arabica,2012-11-27,348.39,0.52,-4.90,167.41
arabica,2012-11-28,350.51,0.61,-4.32,167.87
arabica,2012-11-29,351.02,0.15,-4.18,167.31
arabica,2012-11-30,346.73,-1.22,-5.35,163.01
arabica,2012-12-03,347.23,0.14,0.14,163.86
arabica,2012-12-04,348.04,0.23,0.38,164.40
arabica,2012-12-05,343.00,-1.45,-1.08,163.41
arabica,2012-12-06,350.03,2.05,0.95,168.37
arabica,2012-12-07,349.65,-0.11,0.84,167.54
arabica,2012-12-10,342.55,-2.03,-1.21,164.85
arabica,2012-12-11,345.30,0.80,-0.41,166.01
arabica,2012-12-12,344.62,-0.20,-0.61,166.16
arabica,2012-12-13,344.22,-0.12,-0.72,165.33
arabica,2012-12-14,339.79,-1.29,-2.00,162.74
arabica,2012-12-17,337.34,-0.72,-2.71,160.94
arabica,2012-12-18,335.98,-0.40,-3.10,160.83
arabica,2012-12-19,337.77,0.53,-2.58,163.09
arabica,2012-12-20,336.50,-0.38,-2.95,163.19
arabica,2012-12-21,334.96,-0.46,-3.39,161.58
arabica,2012-12-26,338.32,1.00,-2.43,164.63
arabica,2012-12-27,336.29,-0.60,-3.01,164.52
arabica,2012-12-28,333.66,-0.78,-3.77,163.16
arabica,2013-01-02,335.86,0.66,0.66,164.24
arabica,2013-01-03,334.94,-0.27,0.38,164.51
arabica,2013-01-04,338.03,0.92,1.31,165.86
arabica,2013-01-07,340.04,0.59,1.91,167.42
arabica,2013-01-08,338.68,-0.40,1.50,166.02
arabica,2013-01-09,336.91,-0.52,0.97,165.31
arabica,2013-01-10,338.25,0.40,1.38,166.62
arabica,2013-01-11,341.04,0.82,2.21,167.50
arabica,2013-01-14,343.23,0.64,2.87,168.91
arabica,2013-01-15,346.65,1.00,3.89,170.26
arabica,2013-01-16,345.06,-0.46,3.42,168.81
arabica,2013-01-17,347.78,0.79,4.23,170.23
arabica,2013-01-18,350.40,0.75,5.02,171.35
arabica,2013-01-21,348.63,-0.51,4.49,170.73
arabica,2013-01-22,345.88,-0.79,3.66,169.22
arabica,2013-01-23,344.76,-0.32,3.33,169.16
arabica,2013-01-24,337.26,-2.18,1.08,166.06
arabica,2013-01-25,338.89,0.48,1.57,166.94
arabica,2013-01-28,338.56,-0.10,1.47,169.11
arabica,2013-01-29,339.21,0.19,1.66,170.80
arabica,2013-01-30,339.41,0.06,1.72,170.56
arabica,2013-01-31,336.18,-0.95,0.76,169.19
arabica,2013-02-01,336.27,0.03,0.03,169.23
arabica,2013-02-04,333.67,-0.77,-0.75,167.42
arabica,2013-02-05,329.95,-1.11,-1.85,166.14
arabica,2013-02-06,329.55,-0.12,-1.97,165.69
arabica,2013-02-07,325.66,-1.18,-3.13,165.14
arabica,2013-02-08,322.39,-1.00,-4.10,163.48
arabica,2013-02-13,318.83,-1.10,-5.16,162.17
arabica,2013-02-14,317.82,-0.32,-5.46,162.23
arabica,2013-02-15,313.83,-1.26,-6.65,159.55
arabica,2013-02-18,311.47,-0.75,-7.35,158.67
arabica,2013-02-19,309.04,-0.78,-8.07,158.08
arabica,2013-02-20,311.78,0.89,-7.26,158.75
arabica,2013-02-21,307.78,-1.28,-8.45,155.84
arabica,2013-02-22,310.21,0.79,-7.73,157.31
arabica,2013-02-25,308.91,-0.42,-8.11,156.25
arabica,2013-02-26,310.91,0.65,-7.52,156.71
arabica,2013-02-27,311.53,0.20,-7.33,157.90
arabica,2013-02-28,309.42,-0.68,-7.96,156.59
arabica,2013-03-01,311.25,0.59,0.59,157.04
arabica,2013-03-04,312.58,0.43,1.02,158.03
arabica,2013-03-05,302.91,-3.09,-2.10,154.07
arabica,2013-03-06,305.10,0.72,-1.40,154.95
arabica,2013-03-07,309.79,1.54,0.12,157.97
arabica,2013-03-08,305.23,-1.47,-1.35,156.53
arabica,2013-03-11,308.61,1.11,-0.26,157.61
arabica,2013-03-12,309.95,0.43,0.17,157.98
arabica,2013-03-13,307.29,-0.86,-0.69,155.82
arabica,2013-03-14,308.03,0.24,-0.45,155.80
arabica,2013-03-15,300.21,-2.54,-2.98,151.39
arabica,2013-03-18,296.14,-1.36,-4.29,148.89
arabica,2013-03-19,293.61,-0.85,-5.11,147.77
arabica,2013-03-20,295.95,0.80,-4.35,148.57
arabica,2013-03-21,293.50,-0.83,-5.15,146.24
arabica,2013-03-22,299.60,2.08,-3.17,148.76
arabica,2013-03-25,300.61,0.34,-2.85,149.33
arabica,2013-03-26,306.39,1.92,-0.98,151.90
arabica,2013-03-27,301.56,-1.58,-2.54,150.18
arabica,2013-03-28,300.97,-0.20,-2.73,148.85
arabica,2013-04-01,307.24,2.08,2.08,152.10
arabica,2013-04-02,305.56,-0.55,1.53,151.12
arabica,2013-04-03,309.47,1.28,2.82,152.90
arabica,2013-04-04,309.10,-0.12,2.70,153.40
arabica,2013-04-05,310.62,0.49,3.21,156.25
arabica,2013-04-08,299.35,-3.63,-0.54,150.43
arabica,2013-04-09,300.80,0.48,-0.06,151.54
arabica,2013-04-10,304.61,1.27,1.21,154.00
arabica,2013-04-11,301.33,-1.08,0.12,152.42
arabica,2013-04-12,300.46,-0.29,-0.17,152.52
arabica,2013-04-15,294.73,-1.91,-2.07,147.74
arabica,2013-04-16,295.94,0.41,-1.67,148.41
arabica,2013-04-17,297.43,0.50,-1.18,148.72
arabica,2013-04-18,302.87,1.83,0.63,150.08
arabica,2013-04-19,308.41,1.83,2.47,153.44
arabica,2013-04-22,303.82,-1.49,0.95,150.40
arabica,2013-04-23,295.65,-2.69,-1.77,146.14
arabica,2013-04-24,294.92,-0.25,-2.01,146.22
arabica,2013-04-25,293.89,-0.35,-2.35,146.36
arabica,2013-04-26,291.76,-0.72,-3.06,145.95
arabica,2013-04-29,292.66,0.31,-2.76,146.26
arabica,2013-04-30,292.30,-0.12,-2.88,146.01
arabica,2013-05-02,302.11,3.36,3.36,150.23
arabica,2013-05-03,303.14,0.34,3.71,150.74
arabica,2013-05-06,305.77,0.87,4.61,151.74
arabica,2013-05-07,303.97,-0.59,3.99,151.53
arabica,2013-05-08,304.79,0.27,4.27,152.02
arabica,2013-05-09,309.36,1.50,5.84,153.68
arabica,2013-05-10,307.82,-0.50,5.31,151.86
arabica,2013-05-13,312.07,1.38,6.76,155.26
arabica,2013-05-14,308.55,-1.13,5.56,153.05
arabica,2013-05-15,304.46,-1.33,4.16,150.28
arabica,2013-05-16,300.71,-1.23,2.88,148.13
arabica,2013-05-17,298.56,-0.71,2.14,146.50
arabica,2013-05-20,296.37,-0.73,1.39,145.35
arabica,2013-05-21,292.61,-1.27,0.11,143.58
arabica,2013-05-22,285.37,-2.47,-2.37,139.14
arabica,2013-05-23,287.56,0.77,-1.62,139.93
arabica,2013-05-24,283.75,-1.32,-2.93,138.35
arabica,2013-05-27,286.73,1.05,-1.91,139.46
arabica,2013-05-28,281.97,-1.66,-3.53,136.02
arabica,2013-05-29,282.28,0.11,-3.43,133.78
arabica,2013-05-31,284.37,0.74,-2.71,132.45
arabica,2013-06-03,288.29,1.38,1.38,135.47
arabica,2013-06-04,285.84,-0.85,0.52,133.76
arabica,2013-06-05,287.83,0.70,1.22,135.01
arabica,2013-06-06,292.84,1.74,2.98,138.00
arabica,2013-06-07,288.49,-1.49,1.45,135.06
arabica,2013-06-10,292.92,1.54,3.01,136.37
arabica,2013-06-11,292.28,-0.22,2.78,136.77
arabica,2013-06-12,279.81,-4.27,-1.60,130.02
arabica,2013-06-13,281.40,0.57,-1.04,131.37
arabica,2013-06-14,283.88,0.88,-0.17,132.96
arabica,2013-06-17,285.18,0.46,0.28,131.30
arabica,2013-06-18,283.12,-0.72,-0.44,130.05
arabica,2013-06-19,285.84,0.96,0.52,129.63
arabica,2013-06-20,282.28,-1.25,-0.73,124.96
arabica,2013-06-21,282.81,0.19,-0.55,126.03
arabica,2013-06-24,288.25,1.92,1.36,129.43
arabica,2013-06-25,284.39,-1.34,0.01,127.82
arabica,2013-06-26,281.15,-1.14,-1.13,127.80
arabica,2013-06-27,283.28,0.76,-0.38,129.83
arabica,2013-06-28,284.27,0.35,-0.04,128.17
arabica,2013-07-01,287.39,1.10,1.10,128.87
arabica,2013-07-02,288.06,0.23,1.33,128.08
arabica,2013-07-03,285.07,-1.04,0.28,125.64
arabica,2013-07-04,285.58,0.18,0.46,126.36
arabica,2013-07-05,288.75,1.11,1.58,127.65
arabica,2013-07-08,287.47,-0.44,1.13,127.31
arabica,2013-07-09,285.03,-0.85,0.27,125.90
arabica,2013-07-10,286.00,0.34,0.61,125.99
arabica,2013-07-11,288.67,0.93,1.55,127.84
arabica,2013-07-12,281.29,-2.56,-1.05,124.14
arabica,2013-07-15,288.45,2.55,1.47,127.91
arabica,2013-07-16,290.11,0.58,2.05,129.75
arabica,2013-07-17,290.10,-0.00,2.05,130.03
arabica,2013-07-18,297.55,2.57,4.67,133.55
arabica,2013-07-19,290.25,-2.45,2.10,129.63
arabica,2013-07-22,292.16,0.66,2.78,130.66
arabica,2013-07-23,290.43,-0.59,2.17,130.59
arabica,2013-07-24,281.93,-2.93,-0.82,125.30
arabica,2013-07-25,288.88,2.47,1.62,128.73
arabica,2013-07-26,285.21,-1.27,0.33,126.65
arabica,2013-07-29,284.31,-0.32,0.01,125.30
arabica,2013-07-30,285.72,0.50,0.51,125.26
arabica,2013-07-31,285.74,0.01,0.52,125.43
arabica,2013-08-01,279.82,-2.07,-2.07,121.50
arabica,2013-08-02,284.36,1.62,-0.48,124.77
arabica,2013-08-05,288.60,1.49,1.00,125.48
arabica,2013-08-06,283.53,-1.76,-0.77,123.33
arabica,2013-08-07,287.03,1.23,0.45,124.26
arabica,2013-08-08,289.10,0.72,1.18,126.57
arabica,2013-08-09,290.12,0.35,1.53,127.69
arabica,2013-08-12,290.81,0.24,1.77,127.16
arabica,2013-08-13,282.97,-2.70,-0.97,122.55
arabica,2013-08-14,293.51,3.72,2.72,126.35
arabica,2013-08-15,291.62,-0.64,2.06,124.46
arabica,2013-08-16,291.74,0.04,2.10,121.97
arabica,2013-08-19,289.76,-0.68,1.41,120.03
arabica,2013-08-20,283.52,-2.15,-0.78,118.43
arabica,2013-08-21,284.06,0.19,-0.59,116.61
arabica,2013-08-22,283.68,-0.13,-0.72,116.36
arabica,2013-08-23,281.61,-0.73,-1.45,119.53
arabica,2013-08-26,283.26,0.59,-0.87,118.62
arabica,2013-08-27,284.79,0.54,-0.33,120.11
arabica,2013-08-28,285.16,0.13,-0.20,121.66
arabica,2013-08-29,281.96,-1.12,-1.32,118.57
arabica,2013-08-30,284.84,1.02,-0.31,119.53
arabica,2013-09-02,283.81,-0.36,-0.36,119.50
arabica,2013-09-03,279.79,-1.42,-1.77,118.55
arabica,2013-09-04,285.01,1.87,0.06,120.97
arabica,2013-09-05,281.57,-1.21,-1.15,121.32
arabica,2013-09-06,280.10,-0.52,-1.66,121.42
arabica,2013-09-09,279.41,-0.25,-1.91,122.71
arabica,2013-09-10,277.84,-0.56,-2.46,121.54
arabica,2013-09-11,281.77,1.41,-1.08,123.97
arabica,2013-09-12,279.62,-0.76,-1.83,123.02
arabica,2013-09-13,280.62,0.36,-1.48,123.03
arabica,2013-09-16,276.82,-1.35,-2.82,121.57
arabica,2013-09-17,271.16,-2.04,-4.80,120.04
arabica,2013-09-18,268.17,-1.10,-5.85,122.34
arabica,2013-09-19,270.07,0.71,-5.19,122.65
arabica,2013-09-20,269.58,-0.18,-5.36,121.49
arabica,2013-09-23,265.31,-1.58,-6.86,120.60
arabica,2013-09-24,266.64,0.50,-6.39,121.37
arabica,2013-09-25,266.63,-0.00,-6.39,119.72
arabica,2013-09-26,264.18,-0.92,-7.25,117.62
arabica,2013-09-27,261.87,-0.87,-8.06,115.92
arabica,2013-09-30,261.95,0.03,-8.04,118.21
arabica,2013-10-01,258.78,-1.21,-1.21,116.41
arabica,2013-10-02,258.53,-0.10,-1.31,117.62
arabica,2013-10-03,261.71,1.23,-0.09,118.90
arabica,2013-10-04,255.10,-2.53,-2.62,115.38
arabica,2013-10-07,256.14,0.41,-2.22,116.06
arabica,2013-10-08,256.37,0.09,-2.13,116.22
arabica,2013-10-09,256.75,0.15,-1.99,116.39
arabica,2013-10-10,257.13,0.15,-1.84,118.01
arabica,2013-10-11,259.24,0.82,-1.03,119.03
arabica,2013-10-14,258.99,-0.10,-1.13,119.08
arabica,2013-10-15,257.54,-0.56,-1.68,117.92
arabica,2013-10-16,257.09,-0.17,-1.86,118.15
arabica,2013-10-17,258.22,0.44,-1.42,119.43
arabica,2013-10-18,257.92,-0.12,-1.54,118.64
arabica,2013-10-21,255.49,-0.94,-2.47,117.30
arabica,2013-10-22,254.14,-0.53,-2.98,116.90
arabica,2013-10-23,251.98,-0.85,-3.81,115.11
arabica,2013-10-24,249.43,-1.01,-4.78,113.17
arabica,2013-10-25,249.08,-0.14,-4.91,113.79
arabica,2013-10-28,242.34,-2.71,-7.49,111.06
arabica,2013-10-29,244.15,0.75,-6.80,111.94
arabica,2013-10-30,242.40,-0.72,-7.46,110.33
arabica,2013-10-31,242.03,-0.15,-7.60,108.49
arabica,2013-11-01,243.30,0.52,0.52,107.94
arabica,2013-11-04,241.50,-0.74,-0.22,107.52
arabica,2013-11-05,242.68,0.49,0.27,105.88
arabica,2013-11-06,240.97,-0.70,-0.44,105.60
arabica,2013-11-07,244.33,1.39,0.95,105.96
arabica,2013-11-08,241.99,-0.96,-0.02,104.53
arabica,2013-11-11,247.36,2.22,2.20,105.94
arabica,2013-11-12,249.55,0.89,3.11,106.92
arabica,2013-11-13,246.05,-1.40,1.66,105.42
arabica,2013-11-14,248.71,1.08,2.76,107.20
arabica,2013-11-18,245.96,-1.11,1.62,108.45
arabica,2013-11-19,245.97,0.00,1.63,108.07
arabica,2013-11-20,248.64,1.09,2.73,109.15
arabica,2013-11-21,254.10,2.20,4.99,110.15
arabica,2013-11-22,246.65,-2.93,1.91,107.94
arabica,2013-11-25,249.15,1.01,2.94,109.08
arabica,2013-11-26,252.26,1.25,4.23,109.87
arabica,2013-11-27,254.87,1.03,5.31,109.95
arabica,2013-11-28,252.93,-0.76,4.50,109.07
arabica,2013-11-29,257.61,1.85,6.44,110.28
arabica,2013-12-02,256.02,-0.62,-0.62,108.58
arabica,2013-12-03,260.79,1.86,1.23,109.71
arabica,2013-12-04,260.75,-0.02,1.22,109.15
arabica,2013-12-05,261.56,0.31,1.53,110.69
arabica,2013-12-06,259.95,-0.62,0.91,111.47
arabica,2013-12-09,259.69,-0.10,0.81,111.94
arabica,2013-12-10,269.86,3.92,4.76,116.92
arabica,2013-12-11,263.96,-2.19,2.46,112.71
arabica,2013-12-12,263.57,-0.15,2.31,112.49
arabica,2013-12-13,278.77,5.77,8.21,119.39
arabica,2013-12-16,275.84,-1.05,7.08,118.44
arabica,2013-12-17,277.77,0.70,7.83,119.68
arabica,2013-12-18,277.65,-0.04,7.78,118.50
arabica,2013-12-19,277.63,-0.01,7.77,118.14
arabica,2013-12-20,283.55,2.13,10.07,119.09
arabica,2013-12-23,282.81,-0.26,9.78,119.78
arabica,2013-12-26,283.17,0.13,9.92,119.99
arabica,2013-12-27,289.66,2.29,12.44,123.68
arabica,2013-12-30,286.81,-0.98,11.33,121.74
arabica,2014-01-02,281.71,-1.78,-1.78,117.82
arabica,2014-01-03,288.81,2.52,0.70,121.55
arabica,2014-01-06,292.39,1.24,1.95,123.01
arabica,2014-01-07,291.20,-0.41,1.53,122.61
arabica,2014-01-08,298.69,2.57,4.14,124.97
arabica,2014-01-09,293.06,-1.88,2.18,122.26
arabica,2014-01-10,292.01,-0.36,1.81,123.47
arabica,2014-01-13,290.60,-0.48,1.32,123.40
arabica,2014-01-14,289.07,-0.53,0.79,122.69
arabica,2014-01-15,286.32,-0.95,-0.17,121.53
arabica,2014-01-16,290.75,1.55,1.37,123.04
arabica,2014-01-17,288.66,-0.72,0.65,122.89
arabica,2014-01-20,285.86,-0.97,-0.33,122.21
arabica,2014-01-21,286.59,0.26,-0.08,121.33
arabica,2014-01-22,284.89,-0.59,-0.67,120.26
arabica,2014-01-23,287.14,0.79,0.12,119.64
arabica,2014-01-24,285.03,-0.73,-0.62,118.91
arabica,2014-01-27,284.22,-0.28,-0.90,117.35
arabica,2014-01-28,284.06,-0.06,-0.96,117.04
arabica,2014-01-29,288.49,1.56,0.59,118.43
arabica,2014-01-30,294.70,2.15,2.75,121.98
arabica,2014-01-31,303.32,2.93,5.76,125.44
arabica,2014-02-03,324.65,7.03,7.03,133.33
arabica,2014-02-04,339.41,4.55,11.90,140.72
arabica,2014-02-05,351.97,3.70,16.04,146.66
arabica,2014-02-06,346.52,-1.55,14.24,145.41
arabica,2014-02-07,344.69,-0.53,13.64,144.89
arabica,2014-02-10,341.16,-1.02,12.48,141.74
arabica,2014-02-11,341.96,0.23,12.74,142.31
arabica,2014-02-12,344.38,0.71,13.54,142.13
arabica,2014-02-13,338.85,-1.61,11.71,140.83
arabica,2014-02-14,341.38,0.75,12.55,143.20
arabica,2014-02-17,340.42,-0.28,12.23,142.61
arabica,2014-02-18,369.78,8.62,21.91,154.53
arabica,2014-02-19,387.99,4.92,27.91,162.20
arabica,2014-02-20,386.19,-0.46,27.32,162.67
arabica,2014-02-21,388.45,0.59,28.07,164.87
arabica,2014-02-24,410.08,5.57,35.20,174.95
arabica,2014-02-25,405.46,-1.13,33.67,173.35
arabica,2014-02-26,404.16,-0.32,33.25,171.69
arabica,2014-02-27,406.28,0.52,33.94,174.97
arabica,2014-02-28,412.67,1.57,36.05,176.20
arabica,2014-03-05,447.63,8.47,8.47,193.11
arabica,2014-03-06,441.77,-1.31,7.05,190.58
arabica,2014-03-07,447.24,1.24,8.38,190.40
arabica,2014-03-10,472.22,5.59,14.43,200.77
arabica,2014-03-11,485.01,2.71,17.53,205.25
arabica,2014-03-12,483.97,-0.21,17.28,205.07
arabica,2014-03-13,485.62,0.34,17.68,205.33
arabica,2014-03-14,476.82,-1.81,15.55,202.82
arabica,2014-03-17,469.91,-1.45,13.87,200.05
arabica,2014-03-18,464.75,-1.10,12.62,198.52
arabica,2014-03-19,455.77,-1.93,10.44,193.78
arabica,2014-03-20,411.42,-9.73,-0.30,176.57
arabica,2014-03-21,387.29,-5.87,-6.15,166.65
arabica,2014-03-24,397.27,2.58,-3.73,171.16
arabica,2014-03-25,393.57,-0.93,-4.63,170.60
arabica,2014-03-26,393.91,0.09,-4.55,170.53
arabica,2014-03-27,397.58,0.93,-3.66,175.38
arabica,2014-03-28,399.40,0.46,-3.22,176.57
arabica,2014-03-31,396.35,-0.76,-3.95,174.84
arabica,2014-04-01,393.32,-0.76,-0.76,173.57
arabica,2014-04-02,391.08,-0.57,-1.33,172.13
arabica,2014-04-03,392.33,0.32,-1.01,172.23
arabica,2014-04-04,415.34,5.86,4.79,185.09
arabica,2014-04-07,424.29,2.15,7.05,191.38
arabica,2014-04-08,442.29,4.24,11.59,200.58
arabica,2014-04-09,447.57,1.19,12.92,203.63
arabica,2014-04-10,463.25,3.50,16.88,210.47
arabica,2014-04-11,458.44,-1.04,15.67,206.50
arabica,2014-04-14,457.27,-0.26,15.37,206.26
arabica,2014-04-15,438.77,-4.05,10.70,196.14
arabica,2014-04-16,444.12,1.22,12.05,198.18
arabica,2014-04-17,473.80,6.68,19.54,211.52
arabica,2014-04-22,491.28,3.69,23.95,219.13
arabica,2014-04-23,494.95,0.75,24.88,222.65
arabica,2014-04-24,488.05,-1.39,23.14,220.14
arabica,2014-04-25,464.33,-4.86,17.15,207.10
arabica,2014-04-28,466.13,0.39,17.61,209.31
arabica,2014-04-29,471.84,1.22,19.05,212.25
arabica,2014-04-30,470.59,-0.26,18.73,210.65
arabica,2014-05-02,465.84,-1.01,-1.01,209.75
arabica,2014-05-05,469.72,0.83,-0.18,209.04
arabica,2014-05-06,464.03,-1.21,-1.39,208.36
arabica,2014-05-07,467.19,0.68,-0.72,210.45
arabica,2014-05-08,457.59,-2.05,-2.76,206.96
arabica,2014-05-09,428.42,-6.37,-8.96,193.24
arabica,2014-05-12,430.40,0.46,-8.54,193.96
arabica,2014-05-13,422.25,-1.89,-10.27,190.63
arabica,2014-05-14,422.99,0.18,-10.11,191.66
arabica,2014-05-15,443.67,4.89,-5.72,199.67
arabica,2014-05-16,426.71,-3.82,-9.32,192.82
arabica,2014-05-19,421.52,-1.22,-10.43,190.91
arabica,2014-05-20,418.93,-0.61,-10.98,188.88
arabica,2014-05-21,400.16,-4.48,-14.97,181.15
arabica,2014-05-22,403.97,0.95,-14.16,182.30
arabica,2014-05-23,415.03,2.74,-11.81,186.61
arabica,2014-05-26,418.62,0.86,-11.04,188.23
arabica,2014-05-27,413.00,-1.34,-12.24,184.29
arabica,2014-05-28,406.10,-1.67,-13.70,181.86
arabica,2014-05-29,415.00,2.19,-11.81,186.60
arabica,2014-05-30,403.70,-2.72,-14.21,180.22
arabica,2014-06-02,396.77,-1.72,-1.72,174.56
arabica,2014-06-03,400.22,0.87,-0.86,175.61
arabica,2014-06-04,397.59,-0.66,-1.51,174.08
arabica,2014-06-05,401.37,0.95,-0.58,177.28
arabica,2014-06-06,402.05,0.17,-0.41,178.85
arabica,2014-06-09,384.60,-4.34,-4.73,172.54
arabica,2014-06-10,384.16,-0.11,-4.84,172.50
arabica,2014-06-11,401.19,4.43,-0.62,179.42
arabica,2014-06-12,399.06,-0.53,-1.15,178.71
arabica,2014-06-13,399.45,0.10,-1.05,179.13
arabica,2014-06-16,398.10,-0.34,-1.39,178.04
arabica,2014-06-17,391.06,-1.77,-3.13,173.34
arabica,2014-06-18,387.72,-0.85,-3.96,173.87
arabica,2014-06-20,396.18,2.18,-1.86,177.58
arabica,2014-06-23,399.45,0.83,-1.05,180.09
arabica,2014-06-24,399.41,-0.01,-1.06,179.43
arabica,2014-06-25,406.40,1.75,0.67,184.23
arabica,2014-06-26,399.76,-1.63,-0.98,181.87
arabica,2014-06-27,388.37,-2.85,-3.80,176.69
arabica,2014-06-30,401.77,3.45,-0.48,181.63
arabica,2014-07-01,378.89,-5.69,-5.69,171.83
arabica,2014-07-02,381.44,0.67,-5.06,171.51
arabica,2014-07-03,391.18,2.55,-2.64,176.68
arabica,2014-07-04,386.79,-1.12,-3.73,174.62
arabica,2014-07-07,387.79,0.26,-3.48,174.29
arabica,2014-07-08,387.61,-0.05,-3.52,175.07
arabica,2014-07-09,388.74,0.29,-3.24,175.35
arabica,2014-07-10,371.48,-4.44,-7.54,167.26
arabica,2014-07-11,364.29,-1.94,-9.33,163.95
arabica,2014-07-14,369.80,1.51,-7.96,167.11
arabica,2014-07-15,368.06,-0.47,-8.39,165.64
arabica,2014-07-16,367.49,-0.15,-8.53,165.39
arabica,2014-07-17,375.37,2.14,-6.57,166.83
arabica,2014-07-18,387.17,3.14,-3.63,173.62
arabica,2014-07-21,386.86,-0.08,-3.71,174.03
arabica,2014-07-22,379.47,-1.91,-5.55,171.63
arabica,2014-07-23,396.10,4.38,-1.41,178.42
arabica,2014-07-24,399.87,0.95,-0.47,180.12
arabica,2014-07-25,398.04,-0.46,-0.93,178.66
arabica,2014-07-28,403.26,1.31,0.37,181.40
arabica,2014-07-29,403.41,0.04,0.41,180.90
arabica,2014-07-30,416.01,3.12,3.54,185.06
arabica,2014-07-31,431.89,3.82,7.50,190.26
arabica,2014-08-01,464.70,7.60,7.60,205.53
arabica,2014-08-04,438.69,-5.60,1.57,194.20
arabica,2014-08-05,437.34,-0.31,1.26,191.40
arabica,2014-08-06,445.44,1.85,3.14,195.97
arabica,2014-08-07,433.60,-2.66,0.40,188.77
arabica,2014-08-08,416.91,-3.85,-3.47,182.46
arabica,2014-08-11,441.68,5.94,2.27,194.23
arabica,2014-08-12,429.53,-2.75,-0.55,188.47
arabica,2014-08-13,429.96,0.10,-0.45,188.41
arabica,2014-08-14,435.01,1.17,0.72,191.55
arabica,2014-08-15,441.83,1.57,2.30,195.15
arabica,2014-08-18,436.83,-1.13,1.14,193.46
arabica,2014-08-19,416.98,-4.54,-3.45,185.24
arabica,2014-08-20,420.33,0.80,-2.68,185.99
arabica,2014-08-21,422.83,0.59,-2.10,186.60
arabica,2014-08-22,422.18,-0.15,-2.25,185.17
arabica,2014-08-25,427.83,1.34,-0.94,187.15
arabica,2014-08-26,448.44,4.82,3.83,197.90
arabica,2014-08-27,457.56,2.03,5.94,203.09
arabica,2014-08-28,457.83,0.06,6.01,204.12
arabica,2014-08-29,455.54,-0.50,5.48,203.18
arabica,2014-09-01,452.84,-0.59,-0.59,201.98
arabica,2014-09-02,461.74,1.97,1.36,205.77
arabica,2014-09-03,448.50,-2.87,-1.55,200.67
arabica,2014-09-04,448.29,-0.05,-1.59,199.77
arabica,2014-09-05,446.96,-0.30,-1.88,199.27
arabica,2014-09-08,427.30,-4.40,-6.20,188.57
arabica,2014-09-09,427.74,0.10,-6.10,186.95
arabica,2014-09-10,406.62,-4.94,-10.74,177.56
arabica,2014-09-11,421.98,3.78,-7.37,184.11
arabica,2014-09-12,424.00,0.48,-6.92,181.35
arabica,2014-09-15,419.25,-1.12,-7.97,179.01
arabica,2014-09-16,424.26,1.19,-6.87,182.16
arabica,2014-09-17,424.15,-0.03,-6.89,180.11
arabica,2014-09-18,419.53,-1.09,-7.90,177.39
arabica,2014-09-19,412.89,-1.58,-9.36,173.63
arabica,2014-09-22,417.73,1.17,-8.30,174.42
arabica,2014-09-23,425.37,1.83,-6.62,176.65
arabica,2014-09-24,434.56,2.16,-4.61,182.21
arabica,2014-09-25,419.34,-3.50,-7.95,172.57
arabica,2014-09-26,443.94,5.87,-2.55,183.90
arabica,2014-09-29,459.63,3.53,0.90,187.53
arabica,2014-09-30,470.88,2.45,3.37,192.20
arabica,2014-10-01,479.62,1.86,1.86,193.08
arabica,2014-10-02,496.99,3.62,5.54,199.76
arabica,2014-10-03,501.20,0.85,6.44,202.67
arabica,2014-10-06,510.23,1.80,8.36,210.06
arabica,2014-10-07,508.68,-0.30,8.03,211.42
arabica,2014-10-08,504.05,-0.91,7.04,211.70
arabica,2014-10-09,511.05,1.39,8.53,214.01
arabica,2014-10-10,507.07,-0.78,7.69,209.70
arabica,2014-10-13,503.09,-0.78,6.84,210.59
arabica,2014-10-14,507.69,0.91,7.82,211.36
arabica,2014-10-15,498.88,-1.74,5.95,204.63
arabica,2014-10-16,508.38,1.90,7.96,205.91
arabica,2014-10-17,493.18,-2.99,4.74,202.46
arabica,2014-10-20,471.64,-4.37,0.16,191.57
arabica,2014-10-21,462.02,-2.04,-1.88,186.75
arabica,2014-10-22,459.51,-0.54,-2.41,184.69
arabica,2014-10-23,457.21,-0.50,-2.90,182.23
arabica,2014-10-24,446.22,-2.40,-5.24,181.17
arabica,2014-10-27,446.78,0.13,-5.12,176.87
arabica,2014-10-28,448.63,0.41,-4.73,181.49
arabica,2014-10-29,438.83,-2.18,-6.81,178.02
arabica,2014-10-30,439.08,0.06,-6.75,181.96
arabica,2014-10-31,442.90,0.87,-5.94,179.17
arabica,2014-11-03,435.76,-1.61,-1.61,174.10
arabica,2014-11-04,442.75,1.60,-0.03,176.47
arabica,2014-11-05,441.49,-0.28,-0.32,175.68
arabica,2014-11-06,440.54,-0.22,-0.53,172.76
arabica,2014-11-07,451.07,2.39,1.84,175.79
arabica,2014-11-10,449.46,-0.36,1.48,175.91
arabica,2014-11-11,453.57,0.91,2.41,176.97
arabica,2014-11-12,453.99,0.09,2.50,177.34
arabica,2014-11-13,464.89,2.40,4.97,179.08
arabica,2014-11-14,478.06,2.83,7.94,184.29
arabica,2014-11-17,462.71,-3.21,4.47,177.83
arabica,2014-11-18,468.05,1.15,5.68,180.78
arabica,2014-11-19,495.93,5.96,11.97,192.22
arabica,2014-11-20,473.98,-4.43,7.02,184.29
arabica,2014-11-21,466.54,-1.57,5.34,185.58
arabica,2014-11-24,479.06,2.68,8.16,187.86
arabica,2014-11-25,480.16,0.23,8.41,189.19
arabica,2014-11-26,468.61,-2.41,5.80,187.07
arabica,2014-11-27,464.07,-0.97,4.78,184.23
arabica,2014-11-28,448.50,-3.36,1.26,174.72
arabica,2014-12-01,455.46,1.55,1.55,178.40
arabica,2014-12-02,459.18,0.82,2.38,178.39
arabica,2014-12-03,466.72,1.64,4.06,182.67
arabica,2014-12-04,459.55,-1.54,2.46,177.71
arabica,2014-12-05,453.81,-1.25,1.18,174.81
arabica,2014-12-08,447.22,-1.45,-0.29,171.28
arabica,2014-12-09,454.94,1.73,1.44,175.31
arabica,2014-12-10,453.04,-0.42,1.01,173.44
arabica,2014-12-11,452.62,-0.09,0.92,170.74
arabica,2014-12-12,452.87,0.06,0.97,170.32
arabica,2014-12-15,454.43,0.34,1.32,169.12
arabica,2014-12-16,453.18,-0.28,1.04,165.33
arabica,2014-12-17,451.11,-0.46,0.58,166.95
arabica,2014-12-18,458.60,1.66,2.25,172.79
arabica,2014-12-19,459.69,0.24,2.49,173.08
arabica,2014-12-22,457.14,-0.55,1.93,171.73
arabica,2014-12-23,452.20,-1.08,0.82,167.05
arabica,2014-12-26,450.29,-0.42,0.40,168.21
arabica,2014-12-29,457.85,1.68,2.08,169.32
arabica,2014-12-30,454.13,-0.81,1.26,171.05
arabica,2015-01-02,450.59,-0.78,-0.78,167.38
arabica,2015-01-05,459.38,1.95,1.16,169.14
arabica,2015-01-06,469.24,2.15,3.33,173.92
arabica,2015-01-07,472.96,0.79,4.15,174.72
arabica,2015-01-08,493.53,4.35,8.68,184.98
arabica,2015-01-09,493.90,0.07,8.76,187.16
arabica,2015-01-12,499.31,1.10,9.95,187.15
arabica,2015-01-13,490.92,-1.68,8.10,186.45
arabica,2015-01-14,494.51,0.73,8.89,188.74
arabica,2015-01-15,490.22,-0.87,7.95,186.11
arabica,2015-01-16,476.20,-2.86,4.86,181.69
arabica,2015-01-19,472.64,-0.75,4.08,178.35
arabica,2015-01-20,452.19,-4.33,-0.43,172.86
arabica,2015-01-21,447.34,-1.07,-1.50,171.66
arabica,2015-01-22,440.45,-1.54,-3.01,170.98
arabica,2015-01-23,442.78,0.53,-2.50,171.49
arabica,2015-01-26,442.19,-0.13,-2.63,170.93
arabica,2015-01-27,449.05,1.55,-1.12,174.66
arabica,2015-01-28,455.93,1.53,0.40,177.06
arabica,2015-01-29,445.68,-2.25,-1.86,170.89
arabica,2015-01-30,445.43,-0.06,-1.92,165.90
arabica,2015-02-02,456.06,2.39,2.39,168.10
arabica,2015-02-03,442.69,-2.93,-0.62,164.33
arabica,2015-02-04,469.05,5.95,5.30,170.75
arabica,2015-02-05,475.12,1.29,6.67,173.27
arabica,2015-02-06,482.90,1.64,8.41,174.21
arabica,2015-02-09,483.60,0.14,8.57,173.96
arabica,2015-02-10,463.80,-4.09,4.12,163.83
arabica,2015-02-11,475.00,2.41,6.64,165.51
arabica,2015-02-12,482.45,1.57,8.31,170.42
arabica,2015-02-13,487.83,1.12,9.52,172.07
arabica,2015-02-18,455.34,-6.66,2.22,160.11
arabica,2015-02-19,451.33,-0.88,1.32,157.53
arabica,2015-02-20,462.52,2.48,3.84,161.05
arabica,2015-02-23,450.66,-2.56,1.17,156.81
arabica,2015-02-24,446.11,-1.01,0.15,157.41
arabica,2015-02-25,432.93,-2.95,-2.81,150.90
arabica,2015-02-26,430.49,-0.56,-3.35,149.58
arabica,2015-02-27,432.00,0.35,-3.02,151.26
arabica,2015-03-02,432.40,0.09,0.09,149.47
arabica,2015-03-03,425.34,-1.63,-1.54,145.71
arabica,2015-03-04,431.45,1.44,-0.13,144.83
arabica,2015-03-05,428.64,-0.65,-0.78,142.45
arabica,2015-03-06,442.03,3.12,2.32,144.93
arabica,2015-03-09,435.25,-1.53,0.75,139.37
arabica,2015-03-10,429.29,-1.37,-0.63,138.08
arabica,2015-03-11,429.07,-0.05,-0.68,137.30
arabica,2015-03-12,432.05,0.69,0.01,136.98
arabica,2015-03-13,431.77,-0.06,-0.05,132.44
arabica,2015-03-16,462.50,7.12,7.06,142.48
arabica,2015-03-17,462.46,-0.01,7.05,142.47
arabica,2015-03-18,468.08,1.22,8.35,145.59
arabica,2015-03-19,482.39,3.06,11.66,146.40
arabica,2015-03-20,470.81,-2.40,8.98,145.45
arabica,2015-03-23,457.53,-2.82,5.91,145.20
arabica,2015-03-24,452.37,-1.13,4.72,144.76
arabica,2015-03-25,458.58,1.37,6.15,143.44
arabica,2015-03-26,458.89,0.07,6.22,143.94
arabica,2015-03-27,458.58,-0.07,6.15,141.71
arabica,2015-03-30,441.23,-3.78,2.14,137.07
arabica,2015-03-31,445.53,0.97,3.13,139.23
arabica,2015-04-01,451.70,1.38,1.38,142.36
arabica,2015-04-02,463.88,2.70,4.12,148.35
arabica,2015-04-06,470.14,1.35,5.52,150.45
arabica,2015-04-07,461.30,-1.88,3.54,147.71
arabica,2015-04-08,445.40,-3.45,-0.03,145.79
arabica,2015-04-09,442.39,-0.68,-0.70,144.19
arabica,2015-04-10,438.67,-0.84,-1.54,142.10
arabica,2015-04-13,439.04,0.08,-1.46,140.72
arabica,2015-04-14,442.60,0.81,-0.66,144.54
arabica,2015-04-15,445.87,0.74,0.08,146.67
arabica,2015-04-16,450.22,0.98,1.05,149.57
arabica,2015-04-17,452.44,0.49,1.55,148.63
arabica,2015-04-20,452.78,0.08,1.63,149.73
arabica,2015-04-22,456.47,0.81,2.46,151.55
arabica,2015-04-23,450.88,-1.22,1.20,151.41
arabica,2015-04-24,442.68,-1.82,-0.64,149.70
arabica,2015-04-27,418.76,-5.40,-6.01,143.46
arabica,2015-04-28,426.30,1.80,-4.32,145.00
arabica,2015-04-29,426.49,0.04,-4.27,144.38
arabica,2015-04-30,435.70,2.16,-2.21,144.75
arabica,2015-05-04,430.33,-1.23,-1.23,139.40
arabica,2015-05-05,432.85,0.59,-0.65,140.86
arabica,2015-05-06,420.12,-2.94,-3.58,138.02
arabica,2015-05-07,421.97,0.44,-3.15,139.54
arabica,2015-05-08,430.66,2.06,-1.16,144.42
arabica,2015-05-11,426.87,-0.88,-2.03,140.00
arabica,2015-05-12,427.30,0.10,-1.93,141.30
arabica,2015-05-13,426.77,-0.12,-2.05,140.43
arabica,2015-05-14,425.47,-0.30,-2.35,142.01
arabica,2015-05-15,428.58,0.73,-1.63,143.05
arabica,2015-05-18,436.32,1.81,0.14,144.52
arabica,2015-05-19,431.29,-1.15,-1.01,141.92
arabica,2015-05-20,427.77,-0.82,-1.82,142.35
arabica,2015-05-21,415.64,-2.84,-4.60,136.68
arabica,2015-05-22,414.66,-0.24,-4.83,134.28
arabica,2015-05-25,410.75,-0.94,-5.73,132.54
arabica,2015-05-26,402.21,-2.08,-7.69,127.60
arabica,2015-05-27,408.47,1.56,-6.25,129.88
arabica,2015-05-28,409.83,0.33,-5.94,129.65
arabica,2015-05-29,411.05,0.30,-5.66,129.06
arabica,2015-06-01,427.67,4.04,4.04,134.66
arabica,2015-06-02,437.57,2.31,6.45,139.62
arabica,2015-06-03,438.46,0.20,6.67,139.99
arabica,2015-06-05,436.95,-0.34,6.30,138.71
arabica,2015-06-08,434.76,-0.50,5.77,139.70
arabica,2015-06-09,434.86,0.02,5.79,140.37
arabica,2015-06-10,435.12,0.06,5.86,139.64
arabica,2015-06-11,422.78,-2.84,2.85,136.16
arabica,2015-06-12,429.78,1.66,4.56,137.97
arabica,2015-06-15,417.51,-2.85,1.57,133.43
arabica,2015-06-16,423.90,1.53,3.13,137.10
arabica,2015-06-17,411.54,-2.92,0.12,134.45
arabica,2015-06-18,414.28,0.67,0.79,135.61
arabica,2015-06-19,411.06,-0.78,0.00,132.56
arabica,2015-06-22,415.81,1.16,1.16,134.96
arabica,2015-06-23,410.98,-1.16,-0.02,133.31
arabica,2015-06-24,420.75,2.38,2.36,135.95
arabica,2015-06-25,423.50,0.65,3.03,135.74
arabica,2015-06-26,421.81,-0.40,2.62,134.85
arabica,2015-06-29,418.28,-0.84,1.76,134.32
arabica,2015-06-30,417.11,-0.28,1.47,134.16
arabica,2015-07-01,411.96,-1.23,-1.23,131.03
arabica,2015-07-02,406.83,-1.25,-2.46,131.32
arabica,2015-07-03,407.45,0.15,-2.32,129.93
arabica,2015-07-06,403.67,-0.93,-3.22,128.19
arabica,2015-07-07,406.54,0.71,-2.53,127.72
arabica,2015-07-08,411.38,1.19,-1.37,127.44
arabica,2015-07-09,409.94,-0.35,-1.72,127.55
arabica,2015-07-10,411.60,0.40,-1.32,130.00
arabica,2015-07-13,415.93,1.05,-0.28,132.76
arabica,2015-07-14,422.31,1.53,1.25,134.58
arabica,2015-07-15,417.61,-1.11,0.12,133.29
arabica,2015-07-16,416.93,-0.16,-0.04,132.23
arabica,2015-07-17,416.89,-0.01,-0.05,130.61
arabica,2015-07-20,411.61,-1.27,-1.32,128.67
arabica,2015-07-21,411.85,0.06,-1.26,130.00
arabica,2015-07-22,412.49,0.16,-1.11,127.82
arabica,2015-07-23,410.43,-0.50,-1.60,124.71
arabica,2015-07-24,414.60,1.02,-0.60,123.80
arabica,2015-07-27,414.49,-0.03,-0.63,123.32
arabica,2015-07-28,413.58,-0.22,-0.85,122.72
arabica,2015-07-29,421.51,1.92,1.05,126.58
arabica,2015-07-30,428.62,1.69,2.76,126.81
arabica,2015-07-31,435.24,1.54,4.35,127.38
arabica,2015-08-03,432.57,-0.61,-0.61,125.35
arabica,2015-08-04,437.44,1.13,0.51,126.43
arabica,2015-08-05,437.96,0.12,0.62,125.53
arabica,2015-08-06,444.17,1.42,2.05,125.61
arabica,2015-08-07,451.64,1.68,3.77,128.67
arabica,2015-08-10,462.24,2.35,6.20,133.98
arabica,2015-08-11,478.23,3.46,9.88,136.64
arabica,2015-08-12,465.76,-2.61,7.01,134.11
arabica,2015-08-13,476.60,2.33,9.50,135.86
arabica,2015-08-14,482.93,1.33,10.96,138.57
arabica,2015-08-17,482.37,-0.12,10.83,138.41
arabica,2015-08-18,477.41,-1.03,9.69,137.70
arabica,2015-08-19,464.27,-2.75,6.67,133.37
arabica,2015-08-20,461.87,-0.52,6.12,133.80
arabica,2015-08-21,449.21,-2.74,3.21,128.60
arabica,2015-08-24,437.59,-2.59,0.54,122.95
arabica,2015-08-25,437.12,-0.11,0.43,121.69
arabica,2015-08-26,440.97,0.88,1.32,122.39
arabica,2015-08-27,448.55,1.72,3.06,125.89
arabica,2015-08-28,440.65,-1.76,1.24,122.98
arabica,2015-08-31,445.05,1.00,2.25,122.50
arabica,2015-09-01,447.78,0.61,0.61,121.32
arabica,2015-09-02,448.11,0.07,0.69,119.40
arabica,2015-09-03,451.98,0.86,1.56,120.40
arabica,2015-09-04,453.33,0.30,1.86,117.75
arabica,2015-09-08,446.80,-1.44,0.39,117.02
arabica,2015-09-09,452.50,1.28,1.67,119.14
arabica,2015-09-10,440.74,-2.60,-0.97,114.12
arabica,2015-09-11,442.83,0.47,-0.50,114.16
arabica,2015-09-14,458.96,3.64,3.13,120.18
arabica,2015-09-15,450.97,-1.74,1.33,116.95
arabica,2015-09-16,455.47,1.00,2.34,118.83
arabica,2015-09-17,457.11,0.36,2.71,118.36
arabica,2015-09-18,456.27,-0.18,2.52,115.51
arabica,2015-09-21,453.23,-0.67,1.84,113.96
arabica,2015-09-22,452.41,-0.18,1.65,111.71
arabica,2015-09-23,464.00,2.56,4.26,112.21
arabica,2015-09-24,472.24,1.78,6.11,116.72
arabica,2015-09-25,476.73,0.95,7.12,120.11
arabica,2015-09-28,465.85,-2.28,4.67,114.18
arabica,2015-09-29,475.83,2.14,6.92,117.11
arabica,2015-09-30,472.90,-0.62,6.26,119.00
arabica,2015-10-01,475.93,0.64,0.64,119.28
arabica,2015-10-02,478.70,0.58,1.23,121.41
arabica,2015-10-05,487.84,1.91,3.16,125.02
arabica,2015-10-06,484.52,-0.68,2.46,126.05
arabica,2015-10-07,473.73,-2.23,0.18,122.22
arabica,2015-10-08,481.37,1.61,1.79,126.34
arabica,2015-10-09,489.05,1.60,3.42,130.38
arabica,2015-10-13,497.26,1.68,5.15,128.42
arabica,2015-10-14,498.97,0.34,5.51,130.65
arabica,2015-10-15,500.81,0.37,5.90,131.79
arabica,2015-10-16,479.95,-4.17,1.49,124.99
arabica,2015-10-19,474.27,-1.18,0.29,121.95
arabica,2015-10-20,473.42,-0.18,0.11,121.20
arabica,2015-10-21,469.62,-0.80,-0.69,119.04
arabica,2015-10-22,469.24,-0.08,-0.77,119.52
arabica,2015-10-23,467.28,-0.42,-1.19,120.31
arabica,2015-10-26,463.68,-0.77,-1.95,118.53
arabica,2015-10-27,465.22,0.33,-1.62,119.35
arabica,2015-10-28,468.66,0.74,-0.90,119.47
arabica,2015-10-29,468.79,0.03,-0.87,121.51
arabica,2015-10-30,471.99,0.68,-0.19,122.15
arabica,2015-11-03,469.63,-0.50,-0.50,124.79
arabica,2015-11-04,474.53,1.04,0.54,124.88
arabica,2015-11-05,474.14,-0.08,0.46,125.47
arabica,2015-11-06,466.35,-1.64,-1.19,123.37
arabica,2015-11-09,469.59,0.69,-0.51,123.54
arabica,2015-11-10,468.90,-0.15,-0.65,123.65
arabica,2015-11-11,469.27,0.08,-0.58,124.44
arabica,2015-11-12,465.34,-0.84,-1.41,123.69
arabica,2015-11-13,458.27,-1.52,-2.91,119.65
arabica,2015-11-16,463.14,1.06,-1.88,121.43
arabica,2015-11-17,461.93,-0.26,-2.13,120.86
arabica,2015-11-18,461.94,0.00,-2.13,122.30
arabica,2015-11-19,470.87,1.93,-0.24,125.87
arabica,2015-11-20,479.07,1.74,1.50,129.58
arabica,2015-11-23,470.45,-1.80,-0.33,126.06
arabica,2015-11-24,474.00,0.75,0.43,128.21
arabica,2015-11-25,475.54,0.32,0.75,126.78
arabica,2015-11-26,475.69,0.03,0.78,126.85
arabica,2015-11-27,473.70,-0.42,0.36,124.46
arabica,2015-11-30,465.53,-1.72,-1.37,119.83
arabica,2015-12-01,463.61,-0.41,-0.41,120.01
arabica,2015-12-02,466.82,0.69,0.28,121.41
arabica,2015-12-03,474.45,1.63,1.92,126.52
arabica,2015-12-04,483.65,1.94,3.89,129.60
arabica,2015-12-07,480.30,-0.69,3.17,127.54
arabica,2015-12-08,480.31,0.00,3.17,126.03
arabica,2015-12-09,483.48,0.66,3.86,129.17
arabica,2015-12-10,483.23,-0.05,3.80,126.97
arabica,2015-12-11,476.79,-1.33,2.42,123.33
arabica,2015-12-14,475.78,-0.21,2.20,122.34
arabica,2015-12-15,472.10,-0.77,1.41,121.64
arabica,2015-12-16,477.31,1.10,2.53,121.70
arabica,2015-12-17,476.53,-0.16,2.36,122.44
arabica,2015-12-18,480.74,0.88,3.27,121.80
arabica,2015-12-21,479.85,-0.19,3.08,119.54
arabica,2015-12-22,484.78,1.03,4.14,121.41
arabica,2015-12-23,485.31,0.11,4.25,122.80
arabica,2015-12-28,481.44,-0.80,3.42,124.50
arabica,2015-12-29,484.35,0.60,4.04,124.83
arabica,2015-12-30,495.55,2.31,6.45,125.17
arabica,2016-01-04,496.87,0.27,0.27,122.74
arabica,2016-01-05,504.26,1.49,1.76,126.32
arabica,2016-01-06,497.49,-1.34,0.39,123.81
arabica,2016-01-07,496.31,-0.24,0.15,122.73
arabica,2016-01-08,502.60,1.27,1.42,124.59
arabica,2016-01-11,483.32,-3.84,-2.47,119.37
arabica,2016-01-12,483.77,0.09,-2.38,119.75
arabica,2016-01-13,490.33,1.36,-1.05,122.55
arabica,2016-01-14,478.71,-2.37,-3.40,119.86
arabica,2016-01-15,480.13,0.30,-3.11,118.55
arabica,2016-01-18,481.87,0.36,-2.76,119.54
arabica,2016-01-19,483.69,0.38,-2.39,119.46
arabica,2016-01-20,475.22,-1.75,-4.10,115.46
arabica,2016-01-21,488.15,2.72,-1.49,117.54
arabica,2016-01-22,494.29,1.26,-0.25,120.35
arabica,2016-01-25,495.71,0.29,0.03,120.74
arabica,2016-01-26,497.31,0.32,0.36,122.34
arabica,2016-01-27,498.26,0.19,0.55,122.03
arabica,2016-01-28,500.75,0.50,1.05,122.97
arabica,2016-01-29,497.22,-0.70,0.34,123.53
arabica,2016-02-01,492.63,-0.92,-0.92,124.09
arabica,2016-02-02,499.13,1.32,0.38,125.35
arabica,2016-02-03,496.98,-0.43,-0.05,126.72
arabica,2016-02-04,499.49,0.51,0.46,128.37
arabica,2016-02-05,496.82,-0.53,-0.08,126.97
arabica,2016-02-10,482.28,-2.93,-3.00,122.56
arabica,2016-02-11,482.19,-0.02,-3.02,121.25
arabica,2016-02-12,490.88,1.80,-1.28,122.87
arabica,2016-02-15,487.98,-0.59,-1.86,122.24
arabica,2016-02-16,489.23,0.26,-1.61,120.38
arabica,2016-02-17,487.04,-0.45,-2.05,122.52
arabica,2016-02-18,487.77,0.15,-1.90,120.79
arabica,2016-02-19,491.55,0.77,-1.14,121.70
arabica,2016-02-22,494.61,0.62,-0.52,125.44
arabica,2016-02-23,494.74,0.03,-0.50,124.93
arabica,2016-02-24,482.08,-2.56,-3.04,121.92
arabica,2016-02-25,485.61,0.73,-2.33,123.22
arabica,2016-02-26,485.04,-0.12,-2.45,121.41
arabica,2016-02-29,480.61,-0.91,-3.34,120.27
arabica,2016-03-01,477.33,-0.68,-0.68,121.03
arabica,2016-03-02,477.77,0.09,-0.59,122.76
arabica,2016-03-03,479.70,0.40,-0.19,125.77
arabica,2016-03-04,479.04,-0.14,-0.33,127.10
arabica,2016-03-07,482.23,0.67,0.34,127.30
arabica,2016-03-08,483.18,0.20,0.53,128.75
arabica,2016-03-09,486.83,0.76,1.29,131.58
arabica,2016-03-10,482.98,-0.79,0.49,132.61
arabica,2016-03-11,490.55,1.57,2.07,136.15
arabica,2016-03-14,493.15,0.53,2.61,135.30
arabica,2016-03-15,496.42,0.66,3.29,132.17
arabica,2016-03-16,504.17,1.56,4.90,134.48
arabica,2016-03-17,509.09,0.98,5.93,139.67
arabica,2016-03-18,507.60,-0.29,5.62,141.39
arabica,2016-03-21,499.54,-1.59,3.94,138.34
arabica,2016-03-22,505.38,1.17,5.15,140.74
arabica,2016-03-23,495.81,-1.89,3.16,134.95
arabica,2016-03-24,495.90,0.02,3.18,134.39
arabica,2016-03-28,492.74,-0.64,2.52,135.78
arabica,2016-03-29,490.53,-0.45,2.06,135.02
arabica,2016-03-30,486.32,-0.86,1.19,134.31
arabica,2016-03-31,487.18,0.18,1.37,135.18
arabica,2016-04-01,485.07,-0.43,-0.43,135.91
arabica,2016-04-04,473.75,-2.33,-2.76,131.49
arabica,2016-04-05,472.65,-0.23,-2.98,128.79
arabica,2016-04-06,471.81,-0.18,-3.15,129.33
arabica,2016-04-07,473.11,0.28,-2.89,128.25
arabica,2016-04-08,471.94,-0.25,-3.13,130.98
arabica,2016-04-11,470.80,-0.24,-3.36,134.67
arabica,2016-04-12,469.64,-0.25,-3.60,133.69
arabica,2016-04-13,463.87,-1.23,-4.78,132.92
arabica,2016-04-14,465.86,0.43,-4.38,133.79
arabica,2016-04-15,464.92,-0.20,-4.57,132.30
arabica,2016-04-18,470.38,1.17,-3.45,130.52
arabica,2016-04-19,468.32,-0.44,-3.87,132.48
arabica,2016-04-20,467.94,-0.08,-3.95,132.56
arabica,2016-04-22,459.57,-1.79,-5.67,128.62
arabica,2016-04-25,460.67,0.24,-5.44,129.77
arabica,2016-04-26,463.14,0.54,-4.93,131.46
arabica,2016-04-27,456.78,-1.37,-6.24,129.69
arabica,2016-04-28,453.76,-0.66,-6.86,129.79
arabica,2016-04-29,450.15,-0.80,-7.60,130.90
arabica,2016-05-02,451.72,0.35,0.35,129.39
arabica,2016-05-03,453.94,0.49,0.84,127.33
arabica,2016-05-04,453.06,-0.19,0.65,128.20
arabica,2016-05-05,455.15,0.46,1.11,128.36
arabica,2016-05-06,460.34,1.14,2.26,131.60
arabica,2016-05-09,464.17,0.83,3.11,131.64
arabica,2016-05-10,465.61,0.31,3.43,134.18
arabica,2016-05-11,466.44,0.18,3.62,135.36
arabica,2016-05-12,469.06,0.56,4.20,135.18
arabica,2016-05-13,468.37,-0.15,4.05,133.02
arabica,2016-05-16,475.14,1.45,5.55,135.91
arabica,2016-05-17,475.54,0.08,5.64,136.34
arabica,2016-05-18,469.40,-1.29,4.28,131.85
arabica,2016-05-19,458.79,-2.26,1.92,128.55
arabica,2016-05-20,452.58,-1.35,0.54,127.85
arabica,2016-05-23,455.09,0.55,1.10,127.08
arabica,2016-05-24,454.25,-0.18,0.91,126.85
arabica,2016-05-25,452.57,-0.37,0.54,125.82
arabica,2016-05-27,454.06,0.33,0.87,125.92
arabica,2016-05-30,455.25,0.26,1.13,127.34
arabica,2016-05-31,457.17,0.42,1.56,126.36
arabica,2016-06-01,458.16,0.22,0.22,127.52
arabica,2016-06-02,460.72,0.56,0.78,128.55
arabica,2016-06-03,467.25,1.42,2.20,132.48
arabica,2016-06-06,477.19,2.13,4.38,136.61
arabica,2016-06-07,480.08,0.61,5.01,139.19
arabica,2016-06-08,488.18,1.69,6.78,144.82
arabica,2016-06-09,475.46,-2.61,4.00,140.01
arabica,2016-06-10,483.06,1.60,5.66,140.92
arabica,2016-06-13,488.02,1.03,6.75,140.28
arabica,2016-06-14,486.32,-0.35,6.38,139.35
arabica,2016-06-15,492.52,1.27,7.73,142.18
arabica,2016-06-16,494.84,0.47,8.24,142.65
arabica,2016-06-17,492.98,-0.38,7.83,144.06
arabica,2016-06-20,481.96,-2.24,5.42,141.88
arabica,2016-06-21,486.28,0.90,6.37,142.98
arabica,2016-06-22,489.42,0.65,7.05,144.97
arabica,2016-06-23,496.64,1.48,8.63,148.29
arabica,2016-06-24,487.75,-1.79,6.69,144.56
arabica,2016-06-27,488.57,0.17,6.87,143.82
arabica,2016-06-28,493.03,0.91,7.84,149.27
arabica,2016-06-29,498.35,1.08,9.01,154.00
arabica,2016-06-30,500.41,0.41,9.46,155.70
arabica,2016-07-01,502.27,0.37,0.37,155.45
arabica,2016-07-04,502.05,-0.04,0.33,153.81
arabica,2016-07-05,500.88,-0.23,0.09,151.74
arabica,2016-07-06,494.59,-1.26,-1.16,148.26
arabica,2016-07-07,498.33,0.76,-0.42,148.40
arabica,2016-07-08,498.74,0.08,-0.33,151.69
arabica,2016-07-11,510.12,2.28,1.94,154.16
arabica,2016-07-12,505.64,-0.88,1.05,153.74
arabica,2016-07-13,507.58,0.38,1.43,154.85
arabica,2016-07-14,510.01,0.48,1.92,156.83
arabica,2016-07-15,503.56,-1.26,0.63,154.85
arabica,2016-07-18,503.21,-0.07,0.56,154.88
arabica,2016-07-19,501.26,-0.39,0.17,153.90
arabica,2016-07-20,501.38,0.02,0.19,154.32
arabica,2016-07-21,502.54,0.23,0.43,153.03
arabica,2016-07-22,485.45,-3.40,-2.99,148.91
arabica,2016-07-25,484.70,-0.15,-3.14,147.32
arabica,2016-07-26,487.23,0.52,-2.63,148.95
arabica,2016-07-27,485.63,-0.33,-2.95,148.74
arabica,2016-07-28,489.49,0.79,-2.18,148.65
arabica,2016-07-29,494.19,0.96,-1.24,152.58
arabica,2016-08-01,489.81,-0.89,-0.89,149.70
arabica,2016-08-02,490.05,0.05,-0.84,149.95
arabica,2016-08-03,486.70,-0.68,-1.52,150.31
arabica,2016-08-04,481.93,-0.98,-2.48,150.65
arabica,2016-08-05,484.60,0.55,-1.94,153.11
arabica,2016-08-08,483.70,-0.19,-2.12,152.83
arabica,2016-08-09,476.01,-1.59,-3.68,151.74
arabica,2016-08-10,471.52,-0.94,-4.59,150.98
arabica,2016-08-11,466.18,-1.13,-5.67,148.56
arabica,2016-08-12,471.13,1.06,-4.67,147.83
arabica,2016-08-15,469.15,-0.42,-5.07,147.49
arabica,2016-08-16,468.44,-0.15,-5.21,147.08
arabica,2016-08-17,468.42,-0.00,-5.21,145.92
arabica,2016-08-18,472.40,0.85,-4.41,145.85
arabica,2016-08-19,475.34,0.62,-3.81,148.08
arabica,2016-08-22,480.52,1.09,-2.77,150.02
arabica,2016-08-23,487.62,1.48,-1.33,150.87
arabica,2016-08-24,471.89,-3.23,-4.51,146.37
arabica,2016-08-25,481.09,1.95,-2.65,149.04
arabica,2016-08-26,482.49,0.29,-2.37,147.55
arabica,2016-08-29,483.21,0.15,-2.22,149.46
arabica,2016-08-30,489.21,1.24,-1.01,150.76
arabica,2016-08-31,486.45,-0.56,-1.57,150.93
arabica,2016-09-01,501.02,3.00,3.00,154.25
arabica,2016-09-02,499.92,-0.22,2.77,153.87
arabica,2016-09-05,498.64,-0.26,2.51,152.12
arabica,2016-09-06,498.62,-0.00,2.50,155.38
arabica,2016-09-08,501.36,0.55,3.07,156.14
arabica,2016-09-09,499.16,-0.44,2.61,152.37
arabica,2016-09-12,496.81,-0.47,2.13,153.10
arabica,2016-09-13,498.60,0.36,2.50,150.41
arabica,2016-09-14,499.14,0.11,2.61,149.53
arabica,2016-09-15,502.93,0.76,3.39,152.13
arabica,2016-09-16,500.98,-0.39,2.99,153.49
arabica,2016-09-19,508.03,1.41,4.44,155.27
arabica,2016-09-20,514.24,1.22,5.71,158.13
arabica,2016-09-21,509.65,-0.89,4.77,158.62
arabica,2016-09-22,510.68,0.20,4.98,158.65
arabica,2016-09-23,496.42,-2.79,2.05,153.36
arabica,2016-09-26,504.65,1.66,3.74,155.47
arabica,2016-09-27,506.98,0.46,4.22,157.01
arabica,2016-09-28,508.50,0.30,4.53,157.67
arabica,2016-09-29,502.48,-1.18,3.30,154.28
arabica,2016-09-30,503.07,0.12,3.42,154.74
arabica,2016-10-03,492.44,-2.11,-2.11,153.89
arabica,2016-10-04,497.11,0.95,-1.18,152.72
arabica,2016-10-05,496.75,-0.07,-1.26,154.22
arabica,2016-10-06,492.05,-0.95,-2.19,152.62
arabica,2016-10-07,491.59,-0.09,-2.28,152.91
arabica,2016-10-10,505.54,2.84,0.49,157.78
arabica,2016-10-11,503.77,-0.35,0.14,157.53
arabica,2016-10-13,498.77,-0.99,-0.85,156.90
arabica,2016-10-14,509.27,2.11,1.23,159.00
arabica,2016-10-17,510.46,0.23,1.47,159.32
arabica,2016-10-18,515.16,0.92,2.40,161.95
arabica,2016-10-19,512.61,-0.49,1.90,161.71
arabica,2016-10-20,507.50,-1.00,0.88,161.73
arabica,2016-10-21,509.61,0.42,1.30,161.02
arabica,2016-10-24,512.09,0.49,1.79,164.18
arabica,2016-10-25,526.71,2.85,4.70,169.47
arabica,2016-10-26,529.03,0.44,5.16,168.32
arabica,2016-10-27,535.27,1.18,6.40,169.77
arabica,2016-10-28,540.40,0.96,7.42,169.03
arabica,2016-10-31,535.30,-0.94,6.41,168.07
arabica,2016-11-01,538.88,0.67,0.67,166.32
arabica,2016-11-03,547.52,1.60,2.28,169.20
arabica,2016-11-04,567.17,3.59,5.95,176.14
arabica,2016-11-07,577.74,1.86,7.93,180.26
arabica,2016-11-08,561.69,-2.78,4.93,177.08
arabica,2016-11-09,562.56,0.15,5.09,175.03
arabica,2016-11-10,562.61,0.01,5.10,167.29
arabica,2016-11-11,563.29,0.12,5.23,165.29
arabica,2016-11-14,563.25,-0.01,5.22,163.69
arabica,2016-11-16,564.72,0.26,5.50,164.74
arabica,2016-11-17,564.63,-0.02,5.48,165.14
arabica,2016-11-18,567.32,0.48,5.98,167.80
arabica,2016-11-21,556.05,-1.99,3.88,165.89
arabica,2016-11-22,559.99,0.71,4.61,166.76
arabica,2016-11-23,550.79,-1.64,2.89,162.52
arabica,2016-11-24,552.63,0.33,3.24,163.06
arabica,2016-11-25,549.78,-0.52,2.71,161.08
arabica,2016-11-28,549.13,-0.12,2.58,162.32
arabica,2016-11-29,539.71,-1.72,0.82,158.88
arabica,2016-11-30,535.43,-0.79,0.02,158.13
arabica,2016-12-01,526.27,-1.71,-1.71,151.62
arabica,2016-12-02,528.18,0.36,-1.35,152.48
arabica,2016-12-05,521.71,-1.22,-2.56,152.19
arabica,2016-12-06,518.86,-0.55,-3.09,152.29
arabica,2016-12-07,511.02,-1.51,-4.56,149.73
arabica,2016-12-08,511.50,0.09,-4.47,151.15
arabica,2016-12-09,500.74,-2.10,-6.48,148.72
arabica,2016-12-12,497.76,-0.60,-7.04,148.76
arabica,2016-12-13,502.75,1.00,-6.10,151.25
arabica,2016-12-14,501.93,-0.16,-6.26,150.23
arabica,2016-12-15,497.37,-0.91,-7.11,147.46
arabica,2016-12-16,492.98,-0.88,-7.93,145.38
arabica,2016-12-19,499.42,1.31,-6.73,148.11
arabica,2016-12-20,502.71,0.66,-6.11,150.20
arabica,2016-12-21,502.75,0.01,-6.10,151.07
arabica,2016-12-22,494.76,-1.59,-7.60,150.06
arabica,2016-12-23,490.23,-0.92,-8.44,149.87
arabica,2016-12-26,489.13,-0.22,-8.65,149.31
arabica,2016-12-27,479.45,-1.98,-10.46,146.35
arabica,2016-12-28,482.62,0.66,-9.86,147.05
arabica,2016-12-29,485.67,0.63,-9.29,149.48
arabica,2017-01-02,481.58,-0.84,-0.84,146.60
arabica,2017-01-03,472.28,-1.93,-2.76,145.01
arabica,2017-01-04,491.74,4.12,1.25,152.62
arabica,2017-01-05,501.39,1.96,3.24,156.78
arabica,2017-01-06,505.41,0.80,4.06,156.86
arabica,2017-01-09,504.40,-0.20,3.86,157.87
arabica,2017-01-10,509.37,0.99,4.88,159.48
arabica,2017-01-11,513.61,0.83,5.75,161.31
arabica,2017-01-12,515.74,0.41,6.19,162.64
arabica,2017-01-13,516.55,0.16,6.36,160.77
arabica,2017-01-16,515.06,-0.29,6.05,159.17
arabica,2017-01-17,519.18,0.80,6.90,161.74
arabica,2017-01-18,519.45,0.05,6.96,161.37
arabica,2017-01-19,521.97,0.49,7.47,163.27
arabica,2017-01-20,525.37,0.65,8.17,165.31
arabica,2017-01-23,530.42,0.96,9.21,167.48
arabica,2017-01-24,528.04,-0.45,8.72,166.63
arabica,2017-01-25,533.36,1.01,9.82,168.31
arabica,2017-01-26,531.80,-0.29,9.50,167.28
arabica,2017-01-27,532.73,0.17,9.69,168.96
arabica,2017-01-30,523.90,-1.66,7.87,168.08
arabica,2017-01-31,519.75,-0.79,7.02,165.16
arabica,2017-02-01,522.63,0.55,0.55,165.97
arabica,2017-02-02,512.82,-1.88,-1.33,164.47
arabica,2017-02-03,514.46,0.32,-1.02,165.21
arabica,2017-02-06,507.90,-1.28,-2.28,162.58
arabica,2017-02-07,503.76,-0.82,-3.08,161.36
arabica,2017-02-08,510.37,1.31,-1.80,163.79
arabica,2017-02-09,513.38,0.59,-1.23,164.02
arabica,2017-02-10,512.50,-0.17,-1.39,164.95
arabica,2017-02-13,509.94,-0.50,-1.89,163.91
arabica,2017-02-14,505.42,-0.89,-2.76,163.20
arabica,2017-02-15,500.32,-1.01,-3.74,163.18
arabica,2017-02-16,501.31,0.20,-3.55,162.92
arabica,2017-02-17,503.45,0.43,-3.14,162.82
arabica,2017-02-20,501.43,-0.40,-3.52,162.54
arabica,2017-02-21,510.59,1.83,-1.76,165.35
arabica,2017-02-22,510.67,0.02,-1.75,166.40
arabica,2017-02-23,510.09,-0.11,-1.86,166.70
arabica,2017-02-24,504.73,-1.05,-2.89,162.29
arabica,2017-03-01,492.64,-2.40,-2.40,159.22
arabica,2017-03-02,492.11,-0.11,-2.50,156.38
arabica,2017-03-03,492.31,0.04,-2.46,158.05
arabica,2017-03-06,490.09,-0.45,-2.90,156.83
arabica,2017-03-07,488.80,-0.26,-3.16,156.92
arabica,2017-03-08,492.72,0.80,-2.38,155.88
arabica,2017-03-09,491.02,-0.35,-2.72,153.78
arabica,2017-03-10,491.75,0.15,-2.57,156.61
arabica,2017-03-13,491.01,-0.15,-2.72,155.78
arabica,2017-03-14,490.58,-0.09,-2.80,154.46
arabica,2017-03-15,488.66,-0.39,-3.18,156.92
arabica,2017-03-16,488.43,-0.05,-3.23,156.60
arabica,2017-03-17,488.70,0.06,-3.18,157.70
arabica,2017-03-20,489.94,0.25,-2.93,159.64
arabica,2017-03-21,490.45,0.10,-2.83,159.03
arabica,2017-03-22,484.29,-1.26,-4.05,156.47
arabica,2017-03-23,482.03,-0.47,-4.50,153.71
arabica,2017-03-24,472.83,-1.91,-6.32,152.18
arabica,2017-03-27,474.63,0.38,-5.96,151.59
arabica,2017-03-28,477.62,0.63,-5.37,152.06
arabica,2017-03-29,475.10,-0.53,-5.87,152.37
arabica,2017-03-30,475.04,-0.01,-5.88,151.43
arabica,2017-03-31,475.36,0.07,-5.82,152.02
arabica,2017-04-03,476.12,0.16,0.16,152.99
arabica,2017-04-04,474.36,-0.37,-0.21,153.12
arabica,2017-04-05,471.31,-0.64,-0.85,151.84
arabica,2017-04-06,473.39,0.44,-0.41,150.52
arabica,2017-04-07,473.40,0.00,-0.41,150.10
arabica,2017-04-10,472.21,-0.25,-0.66,150.63
arabica,2017-04-11,473.86,0.35,-0.32,150.43
arabica,2017-04-12,474.25,0.08,-0.23,150.65
arabica,2017-04-13,473.27,-0.21,-0.44,150.48
arabica,2017-04-17,474.58,0.28,-0.16,152.94
arabica,2017-04-18,479.24,0.98,0.82,153.60
arabica,2017-04-19,468.37,-2.27,-1.47,149.16
arabica,2017-04-20,461.71,-1.42,-2.87,146.34
arabica,2017-04-24,455.23,-1.40,-4.23,145.35
arabica,2017-04-25,452.38,-0.63,-4.83,143.52
arabica,2017-04-26,453.92,0.34,-4.51,142.97
arabica,2017-04-27,452.04,-0.41,-4.91,142.38
arabica,2017-04-28,457.68,1.25,-3.72,144.24
arabica,2017-05-02,457.39,-0.06,-0.06,145.02
arabica,2017-05-03,460.07,0.59,0.52,145.78
arabica,2017-05-04,455.62,-0.97,-0.45,143.05
arabica,2017-05-05,459.44,0.84,0.38,144.75
arabica,2017-05-08,462.07,0.57,0.96,144.53
arabica,2017-05-09,454.11,-1.72,-0.78,142.67
arabica,2017-05-10,458.39,0.94,0.16,144.83
arabica,2017-05-11,454.18,-0.92,-0.76,144.09
arabica,2017-05-12,456.00,0.40,-0.37,145.87
arabica,2017-05-15,451.94,-0.89,-1.25,145.41
arabica,2017-05-16,444.43,-1.66,-2.90,143.46
arabica,2017-05-17,448.55,0.93,-1.99,143.72
arabica,2017-05-18,458.21,2.15,0.12,135.48
arabica,2017-05-19,457.95,-0.06,0.06,140.47
arabica,2017-05-22,454.86,-0.67,-0.62,138.72
arabica,2017-05-23,453.75,-0.24,-0.86,139.06
arabica,2017-05-24,453.09,-0.15,-1.00,138.18
arabica,2017-05-25,456.99,0.86,-0.15,138.94
arabica,2017-05-26,458.95,0.43,0.28,140.48
arabica,2017-05-29,457.60,-0.29,-0.02,139.94
arabica,2017-05-30,458.54,0.21,0.19,140.57
arabica,2017-05-31,453.01,-1.21,-1.02,139.95
arabica,2017-06-01,451.23,-0.39,-0.39,138.93
arabica,2017-06-02,447.03,-0.93,-1.32,137.51
arabica,2017-06-05,455.87,1.98,0.63,138.65
arabica,2017-06-06,450.62,-1.15,-0.53,137.43
arabica,2017-06-07,447.75,-0.64,-1.16,136.63
arabica,2017-06-08,451.41,0.82,-0.35,138.34
arabica,2017-06-09,452.53,0.25,-0.11,137.88
arabica,2017-06-12,455.24,0.60,0.49,137.41
arabica,2017-06-13,451.04,-0.92,-0.43,136.47
arabica,2017-06-14,450.27,-0.17,-0.60,136.90
arabica,2017-06-16,446.42,-0.86,-1.45,135.77
arabica,2017-06-19,447.60,0.26,-1.19,136.09
arabica,2017-06-20,445.37,-0.50,-1.69,133.59
arabica,2017-06-21,439.65,-1.28,-2.95,132.03
arabica,2017-06-22,424.37,-3.48,-6.32,127.36
arabica,2017-06-23,435.75,2.68,-3.81,130.50
arabica,2017-06-26,439.36,0.83,-3.01,133.10
arabica,2017-06-27,441.50,0.49,-2.54,133.06
arabica,2017-06-28,440.51,-0.22,-2.76,134.10
arabica,2017-06-29,443.49,0.68,-2.10,134.27
arabica,2017-06-30,445.86,0.53,-1.58,134.62
arabica,2017-07-03,448.38,0.57,0.57,135.87
arabica,2017-07-04,445.81,-0.57,-0.01,134.77
arabica,2017-07-05,452.52,1.51,1.49,137.38
arabica,2017-07-06,449.59,-0.65,0.84,136.28
arabica,2017-07-07,447.23,-0.52,0.31,136.18
arabica,2017-07-10,446.63,-0.13,0.17,137.00
arabica,2017-07-11,442.86,-0.84,-0.67,136.10
arabica,2017-07-12,441.40,-0.33,-1.00,137.68
arabica,2017-07-13,450.22,2.00,0.98,140.17
arabica,2017-07-14,455.56,1.19,2.18,143.21
arabica,2017-07-17,455.10,-0.10,2.07,143.02
arabica,2017-07-18,451.34,-0.83,1.23,143.05
arabica,2017-07-19,456.78,1.21,2.45,145.19
arabica,2017-07-20,455.07,-0.37,2.07,145.39
arabica,2017-07-21,455.84,0.17,2.24,145.26
arabica,2017-07-24,450.04,-1.27,0.94,143.01
arabica,2017-07-25,445.67,-0.97,-0.04,140.64
arabica,2017-07-26,452.59,1.55,1.51,144.14
arabica,2017-07-27,458.84,1.38,2.91,145.34
arabica,2017-07-28,464.11,1.15,4.09,148.14
arabica,2017-07-31,464.41,0.06,4.16,149.04
arabica,2017-08-01,460.07,-0.93,-0.93,147.36
arabica,2017-08-02,467.19,1.55,0.60,149.64
arabica,2017-08-03,468.48,0.28,0.88,150.44
arabica,2017-08-04,467.85,-0.13,0.74,149.71
arabica,2017-08-07,473.49,1.21,1.96,151.61
arabica,2017-08-08,478.66,1.09,3.07,153.22
arabica,2017-08-09,478.06,-0.13,2.94,151.81
arabica,2017-08-10,471.79,-1.31,1.59,148.92
arabica,2017-08-11,473.88,0.44,2.04,149.49
arabica,2017-08-14,466.94,-1.46,0.54,146.33
arabica,2017-08-15,459.26,-1.64,-1.11,144.60
arabica,2017-08-16,455.78,-0.76,-1.86,144.65
arabica,2017-08-17,450.61,-1.13,-2.97,141.74
arabica,2017-08-18,451.73,0.25,-2.73,143.64
arabica,2017-08-21,448.64,-0.68,-3.40,141.62
arabica,2017-08-22,448.96,0.07,-3.33,141.76
arabica,2017-08-23,446.41,-0.57,-3.88,142.30
arabica,2017-08-24,443.36,-0.68,-4.53,141.02
arabica,2017-08-25,448.86,1.24,-3.35,142.36
arabica,2017-08-28,451.59,0.61,-2.76,142.86
arabica,2017-08-29,448.87,-0.60,-3.35,142.00
arabica,2017-08-30,445.43,-0.77,-4.09,141.00
arabica,2017-08-31,445.72,0.07,-4.02,141.50
arabica,2017-09-01,445.47,-0.06,-0.06,141.73
arabica,2017-09-04,445.57,0.02,-0.03,142.13
arabica,2017-09-05,443.98,-0.36,-0.39,142.39
arabica,2017-09-06,445.17,0.27,-0.12,143.46
arabica,2017-09-08,445.43,0.06,-0.07,144.06
arabica,2017-09-11,444.12,-0.29,-0.36,143.26
arabica,2017-09-12,448.83,1.06,0.70,143.44
arabica,2017-09-13,460.68,2.64,3.36,147.14
arabica,2017-09-14,462.28,0.35,3.72,148.36
arabica,2017-09-15,468.86,1.42,5.19,150.52
arabica,2017-09-18,468.52,-0.07,5.12,149.59
arabica,2017-09-19,458.90,-2.05,2.96,146.19
arabica,2017-09-20,461.31,0.53,3.50,147.29
arabica,2017-09-21,460.06,-0.27,3.22,146.33
arabica,2017-09-22,459.69,-0.08,3.13,147.05
arabica,2017-09-25,451.27,-1.83,1.25,142.99
arabica,2017-09-26,450.23,-0.23,1.01,142.07
arabica,2017-09-27,451.26,0.23,1.24,141.42
arabica,2017-09-28,449.10,-0.48,0.76,141.18
arabica,2017-09-29,448.53,-0.13,0.63,141.63
arabica,2017-10-02,445.10,-0.76,-0.76,141.12
arabica,2017-10-03,442.08,-0.68,-1.44,140.52
arabica,2017-10-04,438.28,-0.86,-2.29,140.03
arabica,2017-10-05,440.47,0.50,-1.80,139.65
arabica,2017-10-06,448.55,1.83,0.00,142.08
arabica,2017-10-09,454.28,1.28,1.28,142.59
arabica,2017-10-10,454.45,0.04,1.32,142.95
arabica,2017-10-11,445.79,-1.91,-0.61,140.80
arabica,2017-10-13,444.54,-0.28,-0.89,141.08
arabica,2017-10-16,439.72,-1.08,-1.96,138.76
arabica,2017-10-17,440.54,0.19,-1.78,139.06
arabica,2017-10-18,440.14,-0.09,-1.87,139.07
arabica,2017-10-19,445.65,1.25,-0.64,140.36
arabica,2017-10-20,446.29,0.14,-0.50,140.03
arabica,2017-10-23,443.85,-0.55,-1.04,137.63
arabica,2017-10-24,443.15,-0.16,-1.20,136.02
arabica,2017-10-25,444.47,0.30,-0.91,137.05
arabica,2017-10-26,448.51,0.91,-0.00,136.91
arabica,2017-10-27,455.06,1.46,1.46,140.23
arabica,2017-10-30,452.83,-0.49,0.96,138.10
arabica,2017-10-31,451.20,-0.36,0.60,137.77
arabica,2017-11-01,445.63,-1.23,-1.23,136.45
arabica,2017-11-03,446.92,0.29,-0.95,135.43
arabica,2017-11-06,452.79,1.31,0.35,138.89
arabica,2017-11-07,449.09,-0.82,-0.47,136.88
arabica,2017-11-08,449.65,0.12,-0.34,137.97
arabica,2017-11-09,452.40,0.61,0.27,138.99
arabica,2017-11-10,454.08,0.37,0.64,138.48
arabica,2017-11-13,455.25,0.26,0.90,138.16
arabica,2017-11-14,457.89,0.58,1.48,138.50
arabica,2017-11-16,453.72,-0.91,0.56,138.50
arabica,2017-11-17,452.30,-0.31,0.24,138.74
arabica,2017-11-20,449.03,-0.72,-0.48,137.64
arabica,2017-11-21,452.97,0.88,0.39,139.37
arabica,2017-11-22,451.73,-0.27,0.12,139.64
arabica,2017-11-23,451.47,-0.06,0.06,140.17
arabica,2017-11-24,454.06,0.57,0.63,140.62
arabica,2017-11-27,454.18,0.03,0.66,141.14
arabica,2017-11-28,457.98,0.84,1.50,142.63
arabica,2017-11-29,460.12,0.47,1.98,141.75
arabica,2017-11-30,456.27,-0.84,1.12,139.23
arabica,2017-12-01,458.94,0.59,0.59,140.87
arabica,2017-12-04,454.98,-0.86,-0.28,140.30
arabica,2017-12-05,455.35,0.08,-0.20,140.97
arabica,2017-12-06,452.54,-0.62,-0.82,139.63
arabica,2017-12-07,447.65,-1.08,-1.89,136.15
arabica,2017-12-08,443.60,-0.90,-2.78,134.42
arabica,2017-12-11,445.61,0.45,-2.34,135.07
arabica,2017-12-12,440.83,-1.07,-3.38,132.50
arabica,2017-12-13,443.50,0.61,-2.80,133.95
arabica,2017-12-14,445.64,0.48,-2.33,133.39
arabica,2017-12-15,444.19,-0.33,-2.65,134.36
arabica,2017-12-18,445.45,0.28,-2.37,135.11
arabica,2017-12-19,445.94,0.11,-2.26,135.09
arabica,2017-12-20,447.15,0.27,-2.00,135.87
arabica,2017-12-21,445.62,-0.34,-2.33,134.63
arabica,2017-12-22,443.34,-0.51,-2.83,133.14
arabica,2017-12-26,444.62,0.29,-2.55,134.04
arabica,2017-12-27,448.24,0.81,-1.76,135.38
arabica,2017-12-28,446.70,-0.34,-2.10,135.00
arabica,2018-01-02,455.34,1.93,1.93,139.68
arabica,2018-01-03,453.41,-0.42,1.50,139.85
arabica,2018-01-04,454.29,0.19,1.70,140.78
arabica,2018-01-05,454.80,0.11,1.81,140.76
arabica,2018-01-08,449.10,-1.25,0.54,138.87
arabica,2018-01-09,448.34,-0.17,0.37,138.04
arabica,2018-01-10,448.24,-0.02,0.34,138.86
arabica,2018-01-11,445.41,-0.63,-0.29,138.15
arabica,2018-01-12,443.64,-0.40,-0.69,138.29
arabica,2018-01-15,444.70,0.24,-0.45,138.58
arabica,2018-01-16,442.55,-0.48,-0.93,137.06
arabica,2018-01-17,445.29,0.62,-0.32,138.50
arabica,2018-01-18,443.82,-0.33,-0.64,138.22
arabica,2018-01-19,443.86,0.01,-0.64,138.75
arabica,2018-01-22,445.71,0.42,-0.22,138.94
arabica,2018-01-23,443.62,-0.47,-0.69,136.84
arabica,2018-01-24,443.31,-0.07,-0.76,139.54
arabica,2018-01-25,441.12,-0.49,-1.25,140.53
arabica,2018-01-26,444.62,0.79,-0.47,141.33
arabica,2018-01-29,443.88,-0.17,-0.63,140.20
arabica,2018-01-30,442.06,-0.41,-1.04,139.14
arabica,2018-01-31,444.18,0.48,-0.56,139.37
arabica,2018-02-01,439.89,-0.97,-0.97,138.81
arabica,2018-02-02,439.64,-0.06,-1.02,136.87
arabica,2018-02-05,440.31,0.15,-0.87,135.69
arabica,2018-02-06,442.67,0.54,-0.34,136.63
arabica,2018-02-07,442.33,-0.08,-0.42,134.94
arabica,2018-02-08,442.31,-0.00,-0.42,134.77
arabica,2018-02-09,444.83,0.57,0.15,134.47
arabica,2018-02-14,442.81,-0.45,-0.31,137.09
arabica,2018-02-15,441.95,-0.19,-0.50,136.53
arabica,2018-02-16,434.47,-1.69,-2.19,134.97
arabica,2018-02-19,433.90,-0.13,-2.31,134.17
arabica,2018-02-20,433.39,-0.12,-2.43,133.23
arabica,2018-02-21,433.90,0.12,-2.31,133.47
arabica,2018-02-22,435.45,0.36,-1.97,134.15
arabica,2018-02-23,435.47,0.00,-1.96,134.36
arabica,2018-02-26,434.37,-0.25,-2.21,134.19
arabica,2018-02-27,435.70,0.31,-1.91,134.18
arabica,2018-02-28,436.49,0.18,-1.73,134.80
arabica,2018-03-01,437.48,0.23,0.23,134.36
arabica,2018-03-02,437.18,-0.07,0.16,134.47
arabica,2018-03-05,429.48,-1.76,-1.61,132.27
arabica,2018-03-06,431.90,0.56,-1.05,134.63
arabica,2018-03-07,432.83,0.22,-0.84,133.38
arabica,2018-03-08,430.98,-0.43,-1.26,132.04
arabica,2018-03-09,430.28,-0.16,-1.42,132.39
arabica,2018-03-12,429.83,-0.10,-1.53,132.05
arabica,2018-03-13,434.54,1.10,-0.45,133.13
arabica,2018-03-14,431.57,-0.68,-1.13,132.22
arabica,2018-03-15,426.73,-1.12,-2.24,129.67
arabica,2018-03-16,427.10,0.09,-2.15,130.45
arabica,2018-03-19,427.36,0.06,-2.09,130.02
arabica,2018-03-20,426.22,-0.27,-2.35,128.85
arabica,2018-03-21,427.16,0.22,-2.14,130.59
arabica,2018-03-22,429.91,0.64,-1.51,130.20
arabica,2018-03-23,424.28,-1.31,-2.80,128.03
arabica,2018-03-26,425.43,0.27,-2.53,128.80
arabica,2018-03-27,429.78,1.02,-1.54,129.06
arabica,2018-03-28,428.96,-0.19,-1.73,128.82
arabica,2018-03-29,427.18,-0.41,-2.13,129.41
arabica,2018-04-02,424.46,-0.64,-0.64,127.93
arabica,2018-04-03,426.01,0.37,-0.27,127.70
arabica,2018-04-04,425.57,-0.10,-0.38,127.53
arabica,2018-04-05,425.44,-0.03,-0.41,127.26
arabica,2018-04-06,428.07,0.62,0.21,127.02
arabica,2018-04-09,429.15,0.25,0.46,126.18
arabica,2018-04-10,431.07,0.45,0.91,126.56
arabica,2018-04-11,429.50,-0.36,0.54,127.11
arabica,2018-04-12,433.34,0.89,1.44,127.38
arabica,2018-04-13,430.78,-0.59,0.84,125.85
arabica,2018-04-16,428.19,-0.60,0.24,125.13
arabica,2018-04-17,428.92,0.17,0.41,126.01
arabica,2018-04-18,425.59,-0.78,-0.37,125.99
arabica,2018-04-19,427.57,0.47,0.09,126.16
arabica,2018-04-20,427.02,-0.13,-0.04,125.15
arabica,2018-04-23,432.81,1.36,1.32,125.53
arabica,2018-04-24,437.75,1.14,2.47,126.19
arabica,2018-04-25,436.60,-0.26,2.21,125.21
arabica,2018-04-26,437.32,0.16,2.37,125.70
arabica,2018-04-27,439.13,0.41,2.80,126.84
arabica,2018-04-30,440.67,0.35,3.16,125.69
arabica,2018-05-02,449.30,1.96,1.96,126.63
arabica,2018-05-03,453.95,1.03,3.01,128.74
arabica,2018-05-04,451.15,-0.62,2.38,128.09
arabica,2018-05-07,445.31,-1.29,1.05,125.30
arabica,2018-05-08,447.24,0.43,1.49,125.24
arabica,2018-05-09,445.49,-0.39,1.09,123.61
arabica,2018-05-10,444.31,-0.26,0.83,125.30
arabica,2018-05-11,448.47,0.94,1.77,124.47
arabica,2018-05-14,443.00,-1.22,0.53,122.21
arabica,2018-05-15,445.21,0.50,1.03,121.58
arabica,2018-05-16,445.28,0.02,1.05,121.07
arabica,2018-05-17,452.17,1.55,2.61,122.04
arabica,2018-05-18,455.80,0.80,3.43,121.77
arabica,2018-05-21,458.01,0.48,3.93,124.22
arabica,2018-05-22,455.47,-0.55,3.36,125.13
arabica,2018-05-23,451.98,-0.77,2.57,124.62
arabica,2018-05-24,454.34,0.52,3.10,124.61
arabica,2018-05-25,456.17,0.40,3.52,124.20
arabica,2018-05-28,454.95,-0.27,3.24,121.74
arabica,2018-05-29,457.17,0.49,3.74,122.04
arabica,2018-05-30,456.63,-0.12,3.62,122.09
arabica,2018-06-01,459.52,0.63,0.63,122.08
arabica,2018-06-04,458.06,-0.32,0.31,122.48
arabica,2018-06-05,459.14,0.24,0.55,120.48
arabica,2018-06-06,460.50,0.30,0.85,120.61
arabica,2018-06-07,465.92,1.18,2.03,118.86
arabica,2018-06-08,455.68,-2.20,-0.21,122.59
arabica,2018-06-11,451.09,-1.01,-1.21,121.29
arabica,2018-06-12,455.19,0.91,-0.32,122.49
arabica,2018-06-13,449.82,-1.18,-1.49,121.02
arabica,2018-06-14,450.93,0.25,-1.25,118.76
arabica,2018-06-15,449.29,-0.36,-1.61,120.71
arabica,2018-06-18,448.99,-0.07,-1.67,119.79
arabica,2018-06-19,446.42,-0.57,-2.24,119.27
arabica,2018-06-20,446.05,-0.08,-2.32,118.10
arabica,2018-06-21,447.97,0.43,-1.90,118.89
arabica,2018-06-22,445.34,-0.59,-2.47,117.94
arabica,2018-06-25,449.58,0.95,-1.54,118.87
arabica,2018-06-26,450.63,0.23,-1.31,118.71
arabica,2018-06-27,451.51,0.20,-1.12,117.22
arabica,2018-06-28,450.12,-0.31,-1.43,116.55
arabica,2018-06-29,451.14,0.23,-1.20,116.42
arabica,2018-07-02,445.88,-1.17,-1.17,114.01
arabica,2018-07-03,445.56,-0.07,-1.24,114.45
arabica,2018-07-04,446.06,0.11,-1.13,114.02
arabica,2018-07-05,441.79,-0.96,-2.07,112.33
arabica,2018-07-06,443.08,0.29,-1.79,113.43
arabica,2018-07-09,447.56,1.01,-0.79,115.67
arabica,2018-07-10,444.53,-0.68,-1.47,117.04
arabica,2018-07-11,444.84,0.07,-1.40,114.65
arabica,2018-07-12,443.50,-0.30,-1.69,114.16
arabica,2018-07-13,441.86,-0.37,-2.06,114.71
arabica,2018-07-16,444.21,0.53,-1.54,115.05
arabica,2018-07-17,441.10,-0.70,-2.23,114.84
arabica,2018-07-18,431.85,-2.10,-4.28,112.67
arabica,2018-07-19,434.80,0.68,-3.62,112.47
arabica,2018-07-20,434.76,-0.01,-3.63,114.99
arabica,2018-07-23,437.73,0.68,-2.97,115.62
arabica,2018-07-24,434.48,-0.74,-3.69,116.05
arabica,2018-07-25,433.78,-0.16,-3.85,117.05
arabica,2018-07-26,430.71,-0.71,-4.53,115.13
arabica,2018-07-27,432.78,0.48,-4.07,116.56
arabica,2018-07-30,432.52,-0.06,-4.13,116.02
arabica,2018-07-31,430.02,-0.58,-4.68,114.55
arabica,2018-08-01,426.83,-0.74,-0.74,113.70
arabica,2018-08-02,421.88,-1.16,-1.89,112.29
arabica,2018-08-03,420.04,-0.44,-2.32,113.37
arabica,2018-08-06,421.53,0.35,-1.97,113.04
arabica,2018-08-07,422.75,0.29,-1.69,112.34
arabica,2018-08-08,420.56,-0.52,-2.20,111.56
arabica,2018-08-09,423.83,0.78,-1.44,111.54
arabica,2018-08-10,426.36,0.60,-0.85,110.51
arabica,2018-08-13,427.63,0.30,-0.56,109.62
arabica,2018-08-14,426.15,-0.35,-0.90,110.23
arabica,2018-08-15,424.40,-0.41,-1.31,108.79
arabica,2018-08-16,416.55,-1.85,-3.13,106.75
arabica,2018-08-17,415.24,-0.31,-3.44,105.95
arabica,2018-08-20,410.34,-1.18,-4.58,103.67
arabica,2018-08-21,408.01,-0.57,-5.12,101.42
arabica,2018-08-22,408.15,0.03,-5.09,100.58
arabica,2018-08-23,415.58,1.82,-3.36,100.99
arabica,2018-08-24,425.50,2.39,-1.05,103.68
arabica,2018-08-27,426.77,0.30,-0.76,104.47
arabica,2018-08-28,424.23,-0.60,-1.35,102.37
arabica,2018-08-29,425.67,0.34,-1.01,103.37
arabica,2018-08-30,426.13,0.11,-0.90,102.43
arabica,2018-08-31,422.44,-0.87,-1.76,103.84
arabica,2018-09-03,423.40,0.23,0.23,102.05
arabica,2018-09-04,421.64,-0.42,-0.19,101.48
arabica,2018-09-05,426.68,1.20,1.00,103.26
arabica,2018-09-06,424.50,-0.51,0.49,103.16
arabica,2018-09-10,421.94,-0.60,-0.12,103.04
arabica,2018-09-11,422.04,0.02,-0.09,101.45
arabica,2018-09-12,422.52,0.11,0.02,101.89
arabica,2018-09-13,422.28,-0.06,-0.04,100.59
arabica,2018-09-14,418.56,-0.88,-0.92,100.49
arabica,2018-09-17,414.08,-1.07,-1.98,100.51
arabica,2018-09-18,412.02,-0.50,-2.47,99.74
arabica,2018-09-19,406.31,-1.39,-3.82,98.50
arabica,2018-09-20,411.32,1.23,-2.63,100.91
arabica,2018-09-21,409.74,-0.38,-3.01,101.42
arabica,2018-09-24,406.47,-0.80,-3.78,99.58
arabica,2018-09-25,408.78,0.57,-3.23,100.12
arabica,2018-09-26,403.95,-1.18,-4.38,100.36
arabica,2018-09-27,404.51,0.14,-4.24,101.46
arabica,2018-09-28,411.69,1.77,-2.54,101.83
arabica,2018-10-01,417.71,1.46,1.46,103.91
arabica,2018-10-02,425.00,1.75,3.23,108.14
arabica,2018-10-03,423.86,-0.27,2.96,108.74
arabica,2018-10-04,425.22,0.32,3.29,109.28
arabica,2018-10-05,430.81,1.31,4.64,111.47
arabica,2018-10-08,431.79,0.23,4.88,114.81
arabica,2018-10-09,433.63,0.43,5.33,116.88
arabica,2018-10-10,433.03,-0.14,5.18,115.23
arabica,2018-10-11,431.12,-0.44,4.72,114.35
arabica,2018-10-15,449.66,4.30,9.22,120.36
arabica,2018-10-16,443.81,-1.30,7.80,119.30
arabica,2018-10-17,454.49,2.41,10.40,123.43
arabica,2018-10-18,455.67,0.26,10.68,122.85
arabica,2018-10-19,458.10,0.53,11.27,123.51
arabica,2018-10-22,447.39,-2.34,8.67,121.24
arabica,2018-10-23,456.81,2.11,10.96,123.53
arabica,2018-10-24,456.48,-0.07,10.88,122.25
arabica,2018-10-25,455.90,-0.13,10.74,123.22
arabica,2018-10-26,453.26,-0.58,10.10,124.25
arabica,2018-10-29,440.66,-2.78,7.04,118.81
arabica,2018-10-30,442.26,0.36,7.43,119.69
arabica,2018-10-31,440.42,-0.42,6.98,118.74
arabica,2018-11-01,446.22,1.32,1.32,120.99
arabica,2018-11-05,447.45,0.28,1.60,120.32
arabica,2018-11-06,445.56,-0.42,1.17,118.69
arabica,2018-11-07,446.82,0.28,1.45,119.44
arabica,2018-11-08,451.11,0.96,2.43,120.52
arabica,2018-11-09,445.33,-1.28,1.11,119.20
arabica,2018-11-12,435.84,-2.13,-1.04,116.22
arabica,2018-11-13,435.63,-0.05,-1.09,114.04
arabica,2018-11-14,444.24,1.98,0.87,117.28
arabica,2018-11-16,441.19,-0.69,0.17,118.09
arabica,2018-11-19,436.39,-1.09,-0.92,115.97
arabica,2018-11-20,440.47,0.93,0.01,117.17
arabica,2018-11-21,440.34,-0.03,-0.02,116.34
arabica,2018-11-22,438.82,-0.35,-0.36,115.33
arabica,2018-11-23,435.32,-0.80,-1.16,114.08
arabica,2018-11-26,436.14,0.19,-0.97,111.72
arabica,2018-11-27,446.30,2.33,1.34,114.82
arabica,2018-11-28,443.71,-0.58,0.75,115.52
arabica,2018-11-29,442.45,-0.28,0.46,114.83
arabica,2018-11-30,432.54,-2.24,-1.79,112.12
arabica,2018-12-03,432.39,-0.03,-0.03,112.92
arabica,2018-12-04,430.06,-0.54,-0.57,111.41
arabica,2018-12-05,428.08,-0.46,-1.03,110.64
arabica,2018-12-06,429.43,0.32,-0.72,110.42
arabica,2018-12-07,427.62,-0.42,-1.14,110.16
arabica,2018-12-10,427.61,-0.00,-1.14,109.00
arabica,2018-12-11,419.85,-1.81,-2.93,107.21
arabica,2018-12-12,419.58,-0.06,-3.00,108.98
arabica,2018-12-13,420.01,0.10,-2.90,108.33
arabica,2018-12-14,418.50,-0.36,-3.25,107.23
arabica,2018-12-17,414.53,-0.95,-4.16,106.43
arabica,2018-12-18,413.37,-0.28,-4.43,105.97
arabica,2018-12-19,412.39,-0.24,-4.66,106.45
arabica,2018-12-20,412.53,0.03,-4.63,107.12
arabica,2018-12-21,413.10,0.14,-4.49,106.17
arabica,2018-12-26,417.17,0.99,-3.55,106.45
arabica,2018-12-27,414.14,-0.73,-4.25,106.24
arabica,2018-12-28,415.45,0.32,-3.95,107.21
arabica,2019-01-02,407.80,-1.84,-1.84,106.89
arabica,2019-01-03,406.66,-0.28,-2.12,108.27
arabica,2019-01-04,407.57,0.22,-1.90,109.74
arabica,2019-01-07,405.63,-0.48,-2.36,108.78
arabica,2019-01-08,411.77,1.51,-0.89,110.99
arabica,2019-01-09,411.99,0.05,-0.83,111.80
arabica,2019-01-10,409.93,-0.50,-1.33,110.22
arabica,2019-01-11,408.58,-0.33,-1.65,109.98
arabica,2019-01-14,407.67,-0.22,-1.87,110.30
arabica,2019-01-15,402.67,-1.23,-3.08,107.98
arabica,2019-01-16,404.07,0.35,-2.74,108.36
arabica,2019-01-17,407.61,0.88,-1.89,108.93
arabica,2019-01-18,415.41,1.91,-0.01,110.57
arabica,2019-01-21,417.27,0.45,0.44,110.98
arabica,2019-01-22,412.64,-1.11,-0.68,108.67
arabica,2019-01-23,413.97,0.32,-0.36,109.89
arabica,2019-01-24,418.21,1.02,0.66,110.93
arabica,2019-01-25,418.56,0.08,0.75,111.24
arabica,2019-01-28,413.73,-1.15,-0.41,109.92
arabica,2019-01-29,410.74,-0.72,-1.13,110.30
arabica,2019-01-30,411.55,0.20,-0.94,110.54
arabica,2019-01-31,415.13,0.87,-0.08,113.70
arabica,2019-02-01,415.64,0.12,0.12,113.56
arabica,2019-02-04,417.87,0.54,0.66,113.83
arabica,2019-02-05,418.51,0.15,0.81,114.25
arabica,2019-02-06,420.46,0.47,1.28,113.61
arabica,2019-02-07,418.48,-0.47,0.81,112.92
arabica,2019-02-08,418.21,-0.06,0.74,112.00
arabica,2019-02-11,409.73,-2.03,-1.30,108.97
arabica,2019-02-12,408.98,-0.18,-1.48,110.33
arabica,2019-02-13,408.62,-0.09,-1.57,108.88
arabica,2019-02-14,405.12,-0.86,-2.41,108.24
arabica,2019-02-15,405.26,0.03,-2.38,109.41
arabica,2019-02-18,404.19,-0.26,-2.64,108.24
arabica,2019-02-19,403.12,-0.26,-2.89,108.75
arabica,2019-02-20,402.51,-0.15,-3.04,108.00
arabica,2019-02-21,401.84,-0.17,-3.20,107.07
arabica,2019-02-22,403.63,0.45,-2.77,108.07
arabica,2019-02-25,401.42,-0.55,-3.30,107.36
arabica,2019-02-26,396.32,-1.27,-4.53,105.74
arabica,2019-02-27,397.40,0.27,-4.27,106.57
arabica,2019-02-28,396.68,-0.18,-4.44,105.78
arabica,2019-03-01,398.43,0.44,0.44,105.57
arabica,2019-03-06,400.33,0.48,0.92,104.31
arabica,2019-03-07,401.27,0.23,1.16,102.97
arabica,2019-03-08,403.09,0.45,1.62,104.21
arabica,2019-03-11,401.91,-0.29,1.32,104.64
arabica,2019-03-12,395.58,-1.57,-0.28,103.80
arabica,2019-03-13,398.22,0.67,0.39,104.60
arabica,2019-03-14,399.14,0.23,0.62,103.78
arabica,2019-03-15,398.96,-0.05,0.57,104.49
arabica,2019-03-18,395.22,-0.94,-0.37,104.31
arabica,2019-03-19,393.28,-0.49,-0.86,103.93
arabica,2019-03-20,387.99,-1.35,-2.19,103.46
arabica,2019-03-21,388.89,0.23,-1.96,102.50
arabica,2019-03-22,389.35,0.12,-1.85,99.73
arabica,2019-03-25,390.88,0.39,-1.46,101.29
arabica,2019-03-26,392.84,0.50,-0.97,101.59
arabica,2019-03-27,394.11,0.32,-0.65,99.77
arabica,2019-03-28,393.99,-0.03,-0.68,100.76
arabica,2019-03-29,393.08,-0.23,-0.91,100.40
arabica,2019-04-01,387.09,-1.52,-1.52,99.95
arabica,2019-04-02,384.58,-0.65,-2.16,99.74
arabica,2019-04-03,392.46,2.05,-0.16,101.41
arabica,2019-04-04,392.56,0.03,-0.13,101.91
arabica,2019-04-05,388.85,-0.95,-1.08,100.58
arabica,2019-04-08,385.40,-0.89,-1.95,100.18
arabica,2019-04-09,389.57,1.08,-0.89,101.06
arabica,2019-04-10,389.32,-0.06,-0.96,101.97
arabica,2019-04-11,376.92,-3.19,-4.11,97.70
arabica,2019-04-12,377.13,0.06,-4.06,97.02
arabica,2019-04-15,380.58,0.91,-3.18,98.34
arabica,2019-04-16,381.09,0.13,-3.05,97.79
arabica,2019-04-17,375.48,-1.47,-4.48,95.49
arabica,2019-04-18,382.11,1.77,-2.79,97.23
arabica,2019-04-22,383.57,0.38,-2.42,97.57
arabica,2019-04-23,384.33,0.20,-2.23,97.99
arabica,2019-04-24,384.41,0.02,-2.21,96.44
arabica,2019-04-25,384.32,-0.02,-2.23,97.20
arabica,2019-04-26,383.00,-0.34,-2.56,97.43
arabica,2019-04-29,381.97,-0.27,-2.83,96.92
arabica,2019-04-30,386.67,1.23,-1.63,98.67
arabica,2019-05-02,382.13,-1.17,-1.17,96.50
arabica,2019-05-03,382.47,0.09,-1.09,97.17
arabica,2019-05-06,381.01,-0.38,-1.46,96.29
arabica,2019-05-07,376.64,-1.15,-2.59,94.90
arabica,2019-05-08,376.58,-0.02,-2.61,95.85
arabica,2019-05-09,380.81,1.12,-1.52,96.43
arabica,2019-05-10,382.45,0.43,-1.09,97.04
arabica,2019-05-13,380.66,-0.47,-1.55,95.57
arabica,2019-05-14,383.24,0.68,-0.89,96.46
arabica,2019-05-15,384.08,0.22,-0.67,96.21
arabica,2019-05-16,385.13,0.27,-0.40,95.38
arabica,2019-05-17,384.26,-0.23,-0.62,93.72
arabica,2019-05-20,383.04,-0.32,-0.94,93.38
arabica,2019-05-21,389.37,1.65,0.70,96.09
arabica,2019-05-22,388.47,-0.23,0.47,96.11
arabica,2019-05-23,391.64,0.82,1.29,96.82
arabica,2019-05-24,392.17,0.14,1.42,97.70
arabica,2019-05-27,391.77,-0.10,1.32,97.14
arabica,2019-05-28,400.97,2.35,3.70,99.82
arabica,2019-05-29,409.81,2.20,5.98,103.10
arabica,2019-05-30,414.31,1.10,7.15,104.20
arabica,2019-05-31,417.80,0.84,8.05,106.42
arabica,2019-06-03,422.55,1.14,1.14,108.46
arabica,2019-06-04,427.58,1.19,2.34,110.83
arabica,2019-06-05,403.57,-5.62,-3.41,103.48
arabica,2019-06-06,413.84,2.54,-0.95,106.69
arabica,2019-06-07,411.63,-0.53,-1.48,106.31
arabica,2019-06-10,408.39,-0.79,-2.25,105.31
arabica,2019-06-11,405.25,-0.77,-3.00,105.34
arabica,2019-06-12,407.84,0.64,-2.38,105.71
arabica,2019-06-13,403.44,-1.08,-3.44,104.63
arabica,2019-06-14,403.38,-0.01,-3.45,103.62
arabica,2019-06-17,401.64,-0.43,-3.87,102.96
arabica,2019-06-18,396.80,-1.21,-5.03,102.77
arabica,2019-06-19,397.42,0.16,-4.88,103.15
arabica,2019-06-21,402.12,1.18,-3.75,105.27
arabica,2019-06-24,410.65,2.12,-1.71,107.39
arabica,2019-06-25,424.04,3.26,1.49,110.11
arabica,2019-06-26,423.57,-0.11,1.38,110.08
arabica,2019-06-27,428.69,1.21,2.61,111.90
arabica,2019-06-28,434.39,1.33,3.97,113.24
arabica,2019-07-01,440.87,1.49,1.49,114.66
arabica,2019-07-02,438.08,-0.63,0.85,113.70
arabica,2019-07-03,452.92,3.39,4.27,118.53
arabica,2019-07-04,451.45,-0.32,3.93,118.99
arabica,2019-07-05,443.63,-1.73,2.13,116.22
arabica,2019-07-08,433.20,-2.35,-0.27,113.82
arabica,2019-07-09,432.27,-0.21,-0.49,114.18
arabica,2019-07-10,422.98,-2.15,-2.63,112.70
arabica,2019-07-11,422.18,-0.19,-2.81,112.58
arabica,2019-07-12,421.59,-0.14,-2.95,112.69
arabica,2019-07-15,430.26,2.06,-0.95,114.52
arabica,2019-07-16,415.95,-3.33,-4.25,110.54
arabica,2019-07-17,422.54,1.58,-2.73,112.41
arabica,2019-07-18,426.00,0.82,-1.93,114.24
arabica,2019-07-19,424.77,-0.29,-2.21,113.36
arabica,2019-07-22,415.99,-2.07,-4.24,111.29
arabica,2019-07-23,408.85,-1.72,-5.88,108.36
arabica,2019-07-24,408.96,0.03,-5.85,108.45
arabica,2019-07-25,408.98,0.00,-5.85,108.11
arabica,2019-07-26,405.80,-0.78,-6.58,107.70
arabica,2019-07-29,409.25,0.85,-5.79,108.30
arabica,2019-07-30,405.28,-0.97,-6.70,106.82
arabica,2019-07-31,402.56,-0.67,-7.33,105.99
arabica,2019-08-01,400.70,-0.46,-0.46,104.29
arabica,2019-08-02,407.25,1.63,1.17,104.85
arabica,2019-08-05,402.81,-1.09,0.06,101.69
arabica,2019-08-06,404.66,0.46,0.52,102.29
arabica,2019-08-07,407.06,0.59,1.12,102.38
arabica,2019-08-08,410.31,0.80,1.93,104.54
arabica,2019-08-09,408.13,-0.53,1.38,103.61
arabica,2019-08-12,402.43,-1.40,-0.03,101.16
arabica,2019-08-13,405.06,0.65,0.62,102.21
arabica,2019-08-14,408.46,0.84,1.47,101.18
arabica,2019-08-15,409.13,0.16,1.63,102.46
arabica,2019-08-16,404.98,-1.01,0.60,101.24
arabica,2019-08-19,401.37,-0.89,-0.30,98.71
arabica,2019-08-20,405.93,1.14,0.84,100.48
arabica,2019-08-21,406.26,0.08,0.92,100.96
arabica,2019-08-22,405.64,-0.15,0.77,99.62
arabica,2019-08-23,409.89,1.05,1.82,99.56
arabica,2019-08-26,418.13,2.01,3.87,100.73
arabica,2019-08-27,419.23,0.26,4.14,101.04
arabica,2019-08-28,422.10,0.68,4.85,101.57
arabica,2019-08-29,415.64,-1.53,3.25,99.84
arabica,2019-08-30,417.18,0.37,3.63,100.99
arabica,2019-09-02,417.58,0.10,0.10,99.85
arabica,2019-09-03,420.55,0.71,0.81,100.63
arabica,2019-09-04,418.66,-0.45,0.35,102.01
arabica,2019-09-05,415.47,-0.76,-0.41,101.31
arabica,2019-09-06,416.63,0.28,-0.13,102.29
arabica,2019-09-09,419.61,0.72,0.58,102.42
arabica,2019-09-10,431.28,2.78,3.38,105.22
arabica,2019-09-11,437.66,1.48,4.91,107.72
arabica,2019-09-12,439.65,0.45,5.39,108.37
arabica,2019-09-13,438.02,-0.37,5.00,107.07
arabica,2019-09-16,440.51,0.57,5.59,107.71
arabica,2019-09-17,431.94,-1.95,3.54,105.87
arabica,2019-09-18,432.57,0.15,3.69,105.22
arabica,2019-09-19,429.95,-0.61,3.06,103.43
arabica,2019-09-20,433.00,0.71,3.79,104.26
arabica,2019-09-23,432.66,-0.08,3.71,103.73
arabica,2019-09-24,432.86,0.05,3.76,103.73
arabica,2019-09-25,438.21,1.24,5.04,105.47
arabica,2019-09-26,437.50,-0.16,4.87,105.17
arabica,2019-09-27,440.42,0.67,5.57,106.00
arabica,2019-09-30,438.49,-0.44,5.11,105.64
arabica,2019-10-01,439.25,0.17,0.17,105.51
arabica,2019-10-02,437.29,-0.45,-0.27,105.75
arabica,2019-10-03,437.18,-0.03,-0.30,107.05
arabica,2019-10-04,426.74,-2.39,-2.68,105.08
arabica,2019-10-07,420.43,-1.48,-4.12,102.49
arabica,2019-10-08,415.74,-1.12,-5.19,101.65
arabica,2019-10-09,415.53,-0.05,-5.24,101.50
arabica,2019-10-10,411.92,-0.87,-6.06,99.93
arabica,2019-10-11,413.72,0.44,-5.65,101.28
arabica,2019-10-14,414.88,0.28,-5.38,100.53
arabica,2019-10-15,414.94,0.01,-5.37,99.79
arabica,2019-10-16,413.31,-0.39,-5.74,99.40
arabica,2019-10-17,414.04,0.18,-5.58,99.53
arabica,2019-10-18,419.99,1.44,-4.22,102.06
arabica,2019-10-21,416.03,-0.94,-5.12,100.61
arabica,2019-10-22,422.18,1.48,-3.72,103.65
arabica,2019-10-23,420.48,-0.40,-4.11,104.29
arabica,2019-10-24,417.81,-0.63,-4.72,103.52
arabica,2019-10-25,424.23,1.54,-3.25,105.85
arabica,2019-10-28,422.64,-0.37,-3.61,105.95
arabica,2019-10-29,421.58,-0.25,-3.86,105.47
arabica,2019-10-30,424.07,0.59,-3.29,106.31
arabica,2019-10-31,432.49,1.99,-1.37,107.80
arabica,2019-11-01,438.38,1.36,1.36,109.62
arabica,2019-11-04,436.51,-0.43,0.93,108.91
arabica,2019-11-05,445.87,2.14,3.09,111.72
arabica,2019-11-06,457.37,2.58,5.75,111.96
arabica,2019-11-07,462.84,1.20,7.02,113.22
arabica,2019-11-08,474.27,2.47,9.66,114.12
arabica,2019-11-11,464.62,-2.03,7.43,112.31
arabica,2019-11-12,464.57,-0.01,7.42,111.41
arabica,2019-11-13,473.13,1.84,9.40,113.00
arabica,2019-11-14,471.21,-0.41,8.95,112.46
arabica,2019-11-18,466.89,-0.92,7.95,111.16
arabica,2019-11-19,462.37,-0.97,6.91,110.17
arabica,2019-11-20,475.80,2.90,10.01,113.19
arabica,2019-11-21,490.53,3.10,13.42,116.90
arabica,2019-11-22,489.53,-0.20,13.19,116.80
arabica,2019-11-25,504.52,3.06,16.65,119.78
arabica,2019-11-26,499.61,-0.97,15.52,117.72
arabica,2019-11-27,507.54,1.59,17.35,119.22
arabica,2019-11-28,506.68,-0.17,17.15,120.24
arabica,2019-11-29,510.02,0.66,17.93,120.43
arabica,2019-12-02,522.45,2.44,2.44,123.86
arabica,2019-12-03,526.37,0.75,3.21,125.09
arabica,2019-12-04,524.09,-0.43,2.76,124.64
arabica,2019-12-05,531.52,1.42,4.22,126.98
arabica,2019-12-06,536.70,0.97,5.23,129.54
arabica,2019-12-09,545.00,1.55,6.86,131.87
arabica,2019-12-10,557.99,2.38,9.41,134.62
arabica,2019-12-11,562.10,0.74,10.21,136.00
arabica,2019-12-12,568.74,1.18,11.51,139.23
arabica,2019-12-13,550.06,-3.28,7.85,133.93
arabica,2019-12-16,571.63,3.92,12.08,140.76
arabica,2019-12-17,555.14,-2.88,8.85,136.60
arabica,2019-12-18,554.39,-0.14,8.70,136.31
arabica,2019-12-19,541.17,-2.38,6.11,133.26
arabica,2019-12-20,543.29,0.39,6.52,132.61
arabica,2019-12-23,536.11,-1.32,5.12,131.56
arabica,2019-12-26,539.83,0.69,5.84,132.87
arabica,2019-12-27,543.45,0.67,6.55,134.25
arabica,2019-12-30,548.21,0.88,7.49,136.51
arabica,2020-01-02,534.42,-2.52,-2.52,132.84
arabica,2020-01-03,534.07,-0.07,-2.58,131.77
arabica,2020-01-06,514.24,-3.71,-6.20,126.32
arabica,2020-01-07,509.50,-0.92,-7.06,125.49
arabica,2020-01-08,502.34,-1.41,-8.37,124.07
arabica,2020-01-09,498.57,-0.75,-9.05,121.99
arabica,2020-01-10,502.57,0.80,-8.33,123.15
arabica,2020-01-13,493.84,-1.74,-9.92,119.37
arabica,2020-01-14,491.04,-0.57,-10.43,118.93
arabica,2020-01-15,489.77,-0.26,-10.66,117.25
arabica,2020-01-16,487.70,-0.42,-11.04,116.28
arabica,2020-01-17,488.66,0.20,-10.86,117.44
arabica,2020-01-20,488.08,-0.12,-10.97,116.51
arabica,2020-01-21,485.12,-0.61,-11.51,115.51
arabica,2020-01-22,487.44,0.48,-11.09,116.70
arabica,2020-01-23,488.23,0.16,-10.94,117.22
arabica,2020-01-24,485.06,-0.65,-11.52,115.88
arabica,2020-01-27,475.01,-2.07,-13.35,112.96
arabica,2020-01-28,475.97,0.20,-13.18,113.49
arabica,2020-01-29,471.06,-1.03,-14.07,111.57
arabica,2020-01-30,470.22,-0.18,-14.23,110.35
arabica,2020-01-31,473.81,0.76,-13.57,110.63
arabica,2020-02-03,453.70,-4.24,-4.24,106.78
arabica,2020-02-04,452.94,-0.17,-4.40,106.40
arabica,2020-02-05,455.96,0.67,-3.77,107.44
arabica,2020-02-06,458.70,0.60,-3.19,107.25
arabica,2020-02-07,461.41,0.59,-2.62,106.83
arabica,2020-02-10,464.85,0.75,-1.89,107.43
arabica,2020-02-11,467.40,0.55,-1.35,108.05
arabica,2020-02-12,469.31,0.41,-0.95,107.96
arabica,2020-02-13,484.06,3.14,2.16,111.43
arabica,2020-02-14,498.94,3.07,5.30,116.03
arabica,2020-02-17,498.77,-0.03,5.27,115.30
arabica,2020-02-18,488.00,-2.16,2.99,111.98
arabica,2020-02-19,493.29,1.08,4.11,112.91
arabica,2020-02-20,486.89,-1.30,2.76,111.01
arabica,2020-02-21,501.10,2.92,5.76,114.14
arabica,2020-02-26,505.14,0.81,6.61,113.79
arabica,2020-02-27,511.41,1.24,7.94,114.41
arabica,2020-02-28,522.42,2.15,10.26,116.30
arabica,2020-03-02,533.54,2.13,2.13,118.96
arabica,2020-03-03,548.53,2.81,5.00,121.63
arabica,2020-03-04,547.90,-0.11,4.88,119.68
arabica,2020-03-05,537.74,-1.85,2.93,115.69
arabica,2020-03-06,525.30,-2.31,0.55,113.48
arabica,2020-03-09,532.71,1.41,1.97,112.27
arabica,2020-03-10,544.28,2.17,4.18,117.20
arabica,2020-03-11,541.48,-0.51,3.65,114.38
arabica,2020-03-12,544.55,0.57,4.24,113.02
arabica,2020-03-13,540.39,-0.76,3.44,111.37
arabica,2020-03-16,543.26,0.53,3.99,108.00
arabica,2020-03-17,538.10,-0.95,3.00,107.60
arabica,2020-03-18,558.49,3.79,6.90,106.83
arabica,2020-03-19,569.41,1.96,8.99,111.67
arabica,2020-03-20,575.57,1.08,10.17,114.00
arabica,2020-03-23,576.11,0.09,10.28,112.10
arabica,2020-03-24,582.94,1.19,11.58,114.48
arabica,2020-03-25,589.87,1.19,12.91,117.69
arabica,2020-03-26,582.00,-1.33,11.40,116.31
arabica,2020-03-27,566.67,-2.63,8.47,112.03
arabica,2020-03-30,577.85,1.97,10.61,111.66
arabica,2020-03-31,581.56,0.64,11.32,111.92
arabica,2020-04-01,579.37,-0.38,-0.38,110.15
arabica,2020-04-02,587.78,1.45,1.07,111.64
arabica,2020-04-03,581.63,-1.05,0.01,109.43
arabica,2020-04-06,582.30,0.12,0.13,109.83
arabica,2020-04-07,588.37,1.04,1.17,112.78
arabica,2020-04-08,588.51,0.02,1.20,114.25
arabica,2020-04-09,584.08,-0.75,0.43,114.53
arabica,2020-04-13,584.78,0.12,0.55,112.96
arabica,2020-04-14,582.10,-0.46,0.09,112.22
arabica,2020-04-15,590.34,1.42,1.51,112.75
arabica,2020-04-16,591.03,0.12,1.63,112.39
arabica,2020-04-17,588.06,-0.50,1.12,112.16
arabica,2020-04-20,586.62,-0.24,0.87,110.56
arabica,2020-04-22,585.70,-0.16,0.71,108.32
arabica,2020-04-23,590.29,0.78,1.50,107.25
arabica,2020-04-24,585.13,-0.87,0.61,103.18
arabica,2020-04-27,583.76,-0.23,0.38,102.25
arabica,2020-04-28,582.91,-0.15,0.23,106.02
arabica,2020-04-29,575.41,-1.29,-1.06,107.41
arabica,2020-04-30,573.02,-0.42,-1.47,105.20
arabica,2020-05-04,573.79,0.13,0.13,103.59
arabica,2020-05-05,583.41,1.68,1.81,104.24
arabica,2020-05-06,586.64,0.55,2.38,102.90
arabica,2020-05-07,587.73,0.19,2.57,100.33
arabica,2020-05-08,597.52,1.67,4.28,103.95
arabica,2020-05-11,591.67,-0.98,3.25,101.40
arabica,2020-05-12,583.78,-1.33,1.88,99.59
arabica,2020-05-13,583.34,-0.08,1.80,98.62
arabica,2020-05-14,588.86,0.95,2.76,100.88
arabica,2020-05-15,593.87,0.85,3.64,101.83
arabica,2020-05-18,586.52,-1.24,2.36,102.65
arabica,2020-05-19,582.91,-0.62,1.73,101.66
arabica,2020-05-20,579.38,-0.61,1.11,102.06
arabica,2020-05-21,575.20,-0.72,0.38,103.19
arabica,2020-05-22,568.90,-1.10,-0.72,101.95
arabica,2020-05-25,569.15,0.04,-0.68,104.36
arabica,2020-05-26,559.06,-1.77,-2.44,104.69
arabica,2020-05-27,542.37,-2.99,-5.35,102.49
arabica,2020-05-28,535.77,-1.22,-6.50,99.90
arabica,2020-05-29,513.30,-4.19,-10.42,96.12
arabica,2020-06-01,507.99,-1.03,-1.03,94.44
arabica,2020-06-02,502.31,-1.12,-2.14,96.23
arabica,2020-06-03,499.13,-0.63,-2.76,98.49
arabica,2020-06-04,493.35,-1.16,-3.89,96.43
arabica,2020-06-05,487.68,-1.15,-4.99,98.16
arabica,2020-06-08,472.84,-3.04,-7.88,97.07
arabica,2020-06-09,468.92,-0.83,-8.65,96.15
arabica,2020-06-10,465.57,-0.71,-9.30,94.68
arabica,2020-06-12,468.75,0.68,-8.68,92.66
arabica,2020-06-15,467.09,-0.35,-9.00,90.70
arabica,2020-06-16,465.41,-0.36,-9.33,89.07
arabica,2020-06-17,474.03,1.85,-7.65,90.03
arabica,2020-06-18,479.19,1.09,-6.65,88.97
arabica,2020-06-19,478.80,-0.08,-6.72,90.25
arabica,2020-06-22,478.47,-0.07,-6.79,90.83
arabica,2020-06-23,480.12,0.34,-6.46,93.32
arabica,2020-06-24,484.13,0.84,-5.68,91.07
arabica,2020-06-25,477.89,-1.29,-6.90,89.76
arabica,2020-06-26,488.60,2.24,-4.81,89.36
arabica,2020-06-29,500.17,2.37,-2.56,92.01
arabica,2020-06-30,507.79,1.52,-1.07,93.34
arabica,2020-07-01,510.69,0.57,0.57,96.16
arabica,2020-07-02,512.81,0.42,0.99,95.82
arabica,2020-07-03,510.08,-0.53,0.45,95.97
arabica,2020-07-06,491.88,-3.57,-3.13,92.08
arabica,2020-07-07,491.09,-0.16,-3.29,91.28
arabica,2020-07-08,492.97,0.38,-2.92,92.23
arabica,2020-07-09,492.33,-0.13,-3.04,92.27
arabica,2020-07-10,488.95,-0.69,-3.71,91.91
arabica,2020-07-13,496.71,1.59,-2.18,92.46
arabica,2020-07-14,488.80,-1.59,-3.74,91.52
arabica,2020-07-15,485.62,-0.65,-4.37,90.23
arabica,2020-07-16,490.91,1.09,-3.32,92.19
arabica,2020-07-17,504.38,2.74,-0.67,93.65
arabica,2020-07-20,495.50,-1.76,-2.42,92.89
arabica,2020-07-21,495.13,-0.07,-2.49,95.27
arabica,2020-07-22,508.14,2.63,0.07,99.28
arabica,2020-07-23,509.02,0.17,0.24,97.78
arabica,2020-07-24,507.23,-0.35,-0.11,97.38
arabica,2020-07-27,512.79,1.10,0.98,99.20
arabica,2020-07-28,517.67,0.95,1.95,100.46
arabica,2020-07-29,531.75,2.72,4.72,102.85
arabica,2020-07-30,541.57,1.85,6.65,105.04
arabica,2020-07-31,561.40,3.66,10.56,107.69
arabica,2020-08-03,569.74,1.49,1.49,106.87
arabica,2020-08-04,578.99,1.62,3.13,109.28
arabica,2020-08-05,585.17,1.07,4.23,110.45
arabica,2020-08-06,570.46,-2.51,1.61,106.55
arabica,2020-08-07,565.29,-0.91,0.69,104.30
arabica,2020-08-10,562.54,-0.49,0.20,103.07
arabica,2020-08-11,560.21,-0.41,-0.21,103.65
arabica,2020-08-12,550.95,-1.65,-1.86,101.00
arabica,2020-08-13,557.61,1.21,-0.68,103.84
arabica,2020-08-14,558.14,0.10,-0.58,102.79
arabica,2020-08-17,566.51,1.50,0.91,102.95
arabica,2020-08-18,576.84,1.82,2.75,105.49
arabica,2020-08-19,577.33,0.08,2.84,104.53
arabica,2020-08-20,583.29,1.03,3.90,104.97
arabica,2020-08-21,590.78,1.28,5.23,105.35
arabica,2020-08-24,592.48,0.29,5.54,105.82
arabica,2020-08-25,596.21,0.63,6.20,107.93
arabica,2020-08-26,603.11,1.16,7.43,107.68
arabica,2020-08-27,596.04,-1.17,6.17,107.03
arabica,2020-08-28,603.55,1.26,7.51,111.60
arabica,2020-08-31,610.57,1.16,8.76,111.50
arabica,2020-09-01,605.15,-0.89,-0.89,112.31
arabica,2020-09-02,605.24,0.01,-0.87,113.00
arabica,2020-09-03,599.29,-0.98,-1.85,113.29
arabica,2020-09-04,606.06,1.13,-0.74,114.22
arabica,2020-09-08,600.43,-0.93,-1.66,112.04
arabica,2020-09-09,585.43,-2.50,-4.12,110.69
arabica,2020-09-10,587.04,0.28,-3.85,110.43
arabica,2020-09-11,592.71,0.97,-2.93,111.12
arabica,2020-09-14,563.78,-4.88,-7.66,106.84
arabica,2020-09-15,561.54,-0.40,-8.03,106.23
arabica,2020-09-16,554.39,-1.27,-9.20,105.80
arabica,2020-09-17,554.16,-0.04,-9.24,105.80
arabica,2020-09-18,544.82,-1.69,-10.77,101.51
arabica,2020-09-21,538.25,-1.21,-11.84,99.62
arabica,2020-09-22,533.89,-0.81,-12.56,97.69
arabica,2020-09-23,534.51,0.12,-12.46,95.84
arabica,2020-09-24,536.31,0.34,-12.16,97.23
arabica,2020-09-25,542.53,1.16,-11.14,97.86
arabica,2020-09-28,535.50,-1.30,-12.30,95.03
arabica,2020-09-29,534.81,-0.13,-12.41,94.89
arabica,2020-09-30,541.13,1.18,-11.37,96.32
arabica,2020-10-01,532.37,-1.62,-1.62,94.19
arabica,2020-10-02,537.44,0.95,-0.68,95.00
arabica,2020-10-05,531.65,-1.08,-1.75,95.60
arabica,2020-10-06,532.14,0.09,-1.66,95.03
arabica,2020-10-07,533.47,0.25,-1.42,94.97
arabica,2020-10-08,538.09,0.87,-0.56,96.29
arabica,2020-10-09,537.80,-0.05,-0.62,97.22
arabica,2020-10-13,539.64,0.34,-0.28,96.81
arabica,2020-10-14,540.05,0.08,-0.20,96.39
arabica,2020-10-15,540.51,0.09,-0.11,96.31
arabica,2020-10-16,538.88,-0.30,-0.42,95.46
arabica,2020-10-19,534.97,-0.73,-1.14,95.46
arabica,2020-10-20,531.09,-0.73,-1.86,94.87
arabica,2020-10-21,531.54,0.08,-1.77,94.80
arabica,2020-10-22,539.87,1.57,-0.23,96.44
arabica,2020-10-23,536.98,-0.54,-0.77,95.41
arabica,2020-10-26,538.84,0.35,-0.42,95.79
arabica,2020-10-27,540.47,0.30,-0.12,95.25
arabica,2020-10-28,538.56,-0.35,-0.47,93.78
arabica,2020-10-29,536.73,-0.34,-0.81,93.33
arabica,2020-10-30,537.58,0.16,-0.66,93.52
arabica,2020-11-03,538.74,0.22,0.22,93.68
arabica,2020-11-04,535.61,-0.58,-0.37,94.60
arabica,2020-11-05,543.05,1.39,1.02,97.90
arabica,2020-11-06,542.82,-0.04,0.97,100.75
arabica,2020-11-09,536.39,-1.18,-0.22,99.08
arabica,2020-11-10,534.97,-0.26,-0.49,99.46
arabica,2020-11-11,542.94,1.49,1.00,100.28
arabica,2020-11-12,551.64,1.60,2.62,100.92
arabica,2020-11-13,551.90,0.05,2.66,100.77
arabica,2020-11-16,564.36,2.26,4.98,103.90
arabica,2020-11-17,568.44,0.72,5.74,106.49
arabica,2020-11-18,588.52,3.53,9.48,110.11
arabica,2020-11-19,594.13,0.95,10.52,111.85
arabica,2020-11-20,579.30,-2.50,7.76,107.84
arabica,2020-11-23,580.88,0.27,8.05,106.84
arabica,2020-11-24,578.02,-0.49,7.52,107.34
arabica,2020-11-25,584.40,1.10,8.71,109.89
arabica,2020-11-26,578.52,-1.01,7.62,108.54
arabica,2020-11-27,607.73,5.05,13.05,114.04
arabica,2020-11-30,606.99,-0.12,12.91,113.39
arabica,2020-12-01,590.05,-2.79,-2.79,112.73
arabica,2020-12-02,593.06,0.51,-2.29,113.07
arabica,2020-12-03,583.93,-1.54,-3.80,113.67
arabica,2020-12-04,581.96,-0.34,-4.12,113.49
arabica,2020-12-07,576.26,-0.98,-5.06,113.39
arabica,2020-12-08,580.91,0.81,-4.30,113.26
arabica,2020-12-09,574.92,-1.03,-5.28,110.92
arabica,2020-12-10,586.40,2.00,-3.39,116.42
arabica,2020-12-11,582.46,-0.67,-4.04,115.27
arabica,2020-12-14,600.37,3.07,-1.09,117.49
arabica,2020-12-15,596.64,-0.62,-1.71,117.24
arabica,2020-12-16,608.32,1.96,0.22,118.67
arabica,2020-12-17,606.64,-0.28,-0.06,119.54
arabica,2020-12-18,604.03,-0.43,-0.49,118.74
arabica,2020-12-21,598.23,-0.96,-1.44,116.75
arabica,2020-12-22,598.68,0.08,-1.37,115.91
arabica,2020-12-23,600.82,0.36,-1.02,115.57
arabica,2020-12-28,607.83,1.17,0.14,116.02
arabica,2020-12-29,608.35,0.09,0.22,117.35
arabica,2020-12-30,606.69,-0.27,-0.05,116.99
arabica,2021-01-04,615.78,1.50,1.50,117.05
arabica,2021-01-05,615.40,-0.06,1.44,116.93
arabica,2021-01-06,611.28,-0.67,0.76,115.71
arabica,2021-01-07,614.98,0.61,1.37,114.16
arabica,2021-01-08,625.71,1.74,3.14,115.53
arabica,2021-01-11,615.56,-1.62,1.46,112.10
arabica,2021-01-12,617.05,0.24,1.71,115.70
arabica,2021-01-13,632.25,2.46,4.21,119.29
arabica,2021-01-14,638.60,1.00,5.26,122.74
arabica,2021-01-15,651.99,2.10,7.47,123.34
arabica,2021-01-18,649.68,-0.35,7.09,122.77
arabica,2021-01-19,650.54,0.13,7.23,121.60
arabica,2021-01-20,650.54,0.00,7.23,122.30
arabica,2021-01-21,654.24,0.57,7.84,122.15
arabica,2021-01-22,658.67,0.68,8.57,120.37
arabica,2021-01-25,657.46,-0.18,8.37,119.36
arabica,2021-01-26,655.25,-0.34,8.00,122.98
arabica,2021-01-27,658.68,0.52,8.57,122.05
arabica,2021-01-28,662.22,0.54,9.15,121.82
arabica,2021-01-29,658.33,-0.59,8.51,120.07
arabica,2021-02-01,672.19,2.11,2.11,123.31
arabica,2021-02-02,669.70,-0.37,1.73,124.99
arabica,2021-02-03,669.33,-0.06,1.67,124.83
arabica,2021-02-04,667.61,-0.26,1.41,122.41
arabica,2021-02-05,668.91,0.19,1.61,124.20
arabica,2021-02-08,664.66,-0.64,0.96,123.73
arabica,2021-02-09,665.12,0.07,1.03,123.58
arabica,2021-02-10,659.86,-0.79,0.23,122.67
arabica,2021-02-11,659.55,-0.05,0.19,122.32
arabica,2021-02-12,657.97,-0.24,-0.05,122.34
arabica,2021-02-17,670.04,1.83,1.78,123.62
arabica,2021-02-18,683.70,2.04,3.85,125.68
arabica,2021-02-19,680.94,-0.40,3.43,125.94
arabica,2021-02-22,701.50,3.02,6.56,128.90
arabica,2021-02-23,724.96,3.34,10.12,132.97
arabica,2021-02-24,725.02,0.01,10.13,133.45
arabica,2021-02-25,746.14,2.91,13.34,135.51
arabica,2021-02-26,746.50,0.05,13.39,133.76
arabica,2021-03-01,747.32,0.11,0.11,133.47
arabica,2021-03-02,748.80,0.20,0.31,132.18
arabica,2021-03-03,747.51,-0.17,0.14,129.96
arabica,2021-03-04,738.50,-1.21,-1.07,130.41
arabica,2021-03-05,735.85,-0.36,-1.43,129.23
arabica,2021-03-08,730.76,-0.69,-2.11,126.67
arabica,2021-03-09,737.48,0.92,-1.21,127.39
arabica,2021-03-10,739.17,0.23,-0.98,130.69
arabica,2021-03-11,736.80,-0.32,-1.30,133.09
arabica,2021-03-12,737.64,0.11,-1.19,132.57
arabica,2021-03-15,737.18,-0.06,-1.25,130.59
arabica,2021-03-16,740.98,0.52,-0.74,132.06
arabica,2021-03-17,741.90,0.12,-0.62,132.89
arabica,2021-03-18,736.20,-0.77,-1.38,132.43
arabica,2021-03-19,724.48,-1.59,-2.95,132.01
arabica,2021-03-22,729.71,0.72,-2.25,132.36
arabica,2021-03-23,717.04,-1.74,-3.95,130.04
arabica,2021-03-24,713.49,-0.50,-4.42,127.11
arabica,2021-03-25,716.41,0.41,-4.03,126.42
arabica,2021-03-26,729.25,1.79,-2.31,126.91
arabica,2021-03-29,727.77,-0.20,-2.51,126.20
arabica,2021-03-30,710.15,-2.42,-4.87,123.57
arabica,2021-03-31,708.44,-0.24,-5.10,125.97
arabica,2021-04-01,707.11,-0.19,-0.19,123.92
arabica,2021-04-05,704.57,-0.36,-0.55,124.22
arabica,2021-04-06,714.67,1.43,0.88,127.66
arabica,2021-04-07,716.55,0.26,1.14,126.85
arabica,2021-04-08,722.75,0.87,2.02,129.69
arabica,2021-04-09,725.21,0.34,2.37,127.72
arabica,2021-04-12,730.21,0.69,3.07,127.55
arabica,2021-04-13,730.81,0.08,3.16,128.19
arabica,2021-04-14,743.91,1.79,5.01,131.11
arabica,2021-04-15,742.82,-0.15,4.85,132.08
arabica,2021-04-16,737.63,-0.70,4.12,132.05
arabica,2021-04-19,736.30,-0.18,3.93,132.38
arabica,2021-04-20,743.12,0.93,4.90,133.73
arabica,2021-04-22,746.41,0.44,5.36,136.66
arabica,2021-04-23,760.51,1.89,7.35,138.40
arabica,2021-04-26,775.45,1.96,9.46,142.08
arabica,2021-04-27,785.11,1.25,10.82,143.66
arabica,2021-04-28,788.22,0.40,11.26,146.95
arabica,2021-04-29,788.80,0.07,11.34,147.33
arabica,2021-04-30,782.59,-0.79,10.47,144.02
arabica,2021-05-03,782.03,-0.07,-0.07,144.23
arabica,2021-05-04,787.04,0.64,0.57,144.86
arabica,2021-05-05,813.32,3.34,3.93,151.57
arabica,2021-05-06,828.03,1.81,5.81,156.79
arabica,2021-05-07,820.45,-0.92,4.84,157.11
arabica,2021-05-10,805.98,-1.76,2.99,154.08
arabica,2021-05-11,813.09,0.88,3.90,155.65
arabica,2021-05-12,795.48,-2.17,1.65,150.20
arabica,2021-05-13,804.79,1.17,2.84,151.88
arabica,2021-05-14,805.55,0.09,2.93,152.86
arabica,2021-05-17,805.71,0.02,2.95,153.00
arabica,2021-05-18,816.11,1.29,4.28,155.57
arabica,2021-05-19,819.61,0.43,4.73,154.21
arabica,2021-05-20,823.23,0.44,5.19,156.12
arabica,2021-05-21,825.55,0.28,5.49,154.37
arabica,2021-05-24,825.79,0.03,5.52,155.17
arabica,2021-05-25,825.11,-0.08,5.43,154.60
arabica,2021-05-26,850.84,3.12,8.72,160.26
arabica,2021-05-27,864.74,1.63,10.50,164.62
arabica,2021-05-28,877.15,1.44,12.08,168.10
arabica,2021-05-31,877.41,0.03,12.12,167.93
arabica,2021-06-01,884.10,0.76,0.76,171.47
arabica,2021-06-02,882.64,-0.17,0.60,173.34
arabica,2021-06-04,880.18,-0.28,0.32,174.81
arabica,2021-06-07,868.97,-1.27,-0.96,172.52
arabica,2021-06-08,871.72,0.32,-0.65,173.03
arabica,2021-06-09,874.33,0.30,-0.35,172.45
arabica,2021-06-10,869.54,-0.55,-0.90,171.71
arabica,2021-06-11,872.57,0.35,-0.55,170.42
arabica,2021-06-14,855.78,-1.92,-2.47,168.73
arabica,2021-06-15,850.96,-0.56,-3.01,168.74
arabica,2021-06-16,840.14,-1.27,-4.25,166.53
arabica,2021-06-17,825.50,-1.74,-5.92,164.31
arabica,2021-06-18,824.19,-0.16,-6.07,162.56
arabica,2021-06-21,829.05,0.59,-5.51,165.08
arabica,2021-06-22,826.92,-0.26,-5.75,166.58
arabica,2021-06-23,820.58,-0.77,-6.48,165.27
arabica,2021-06-24,823.83,0.40,-6.11,167.96
arabica,2021-06-25,831.81,0.97,-5.20,167.97
arabica,2021-06-28,849.44,2.12,-3.19,172.44
arabica,2021-06-29,843.76,-0.67,-3.84,170.87
arabica,2021-06-30,844.21,0.05,-3.78,169.76
arabica,2021-07-01,846.16,0.23,0.23,167.62
arabica,2021-07-02,840.25,-0.70,-0.47,166.45
arabica,2021-07-05,838.99,-0.15,-0.62,165.06
arabica,2021-07-06,817.13,-2.61,-3.21,157.14
arabica,2021-07-07,821.63,0.55,-2.67,156.98
arabica,2021-07-08,837.72,1.96,-0.77,159.44
arabica,2021-07-09,840.43,0.32,-0.45,160.42
arabica,2021-07-12,854.69,1.70,1.24,165.32
arabica,2021-07-13,836.90,-2.08,-0.87,161.84
arabica,2021-07-14,850.48,1.62,0.74,167.68
arabica,2021-07-15,843.71,-0.80,-0.06,164.63
arabica,2021-07-16,875.45,3.76,3.70,170.99
arabica,2021-07-19,866.41,-1.03,2.63,164.84
arabica,2021-07-20,902.64,4.18,6.92,172.95
arabica,2021-07-21,960.50,6.41,13.78,185.32
arabica,2021-07-22,1028.35,7.06,21.81,197.42
arabica,2021-07-23,1008.84,-1.90,19.50,193.37
arabica,2021-07-26,1067.27,5.79,26.42,206.24
arabica,2021-07-27,1059.66,-0.71,25.52,204.65
arabica,2021-07-28,1062.35,0.25,25.84,207.73
arabica,2021-07-29,1045.82,-1.56,23.88,205.99
arabica,2021-07-30,1014.44,-3.00,20.16,195.20
arabica,2021-08-02,966.05,-4.77,-4.77,187.11
arabica,2021-08-03,990.47,2.53,-2.36,191.10
arabica,2021-08-04,993.85,0.34,-2.03,191.53
arabica,2021-08-05,990.19,-0.37,-2.39,190.31
arabica,2021-08-06,991.23,0.11,-2.29,189.13
arabica,2021-08-09,1008.07,1.70,-0.63,192.45
arabica,2021-08-10,1015.33,0.72,0.09,195.33
arabica,2021-08-11,1018.03,0.27,0.35,194.73
arabica,2021-08-12,1038.91,2.05,2.41,197.74
arabica,2021-08-13,1028.95,-0.96,1.43,196.25
arabica,2021-08-16,1050.92,2.14,3.60,198.81
arabica,2021-08-17,1032.50,-1.75,1.78,195.99
arabica,2021-08-18,1043.98,1.11,2.91,194.77
arabica,2021-08-19,1038.72,-0.50,2.39,191.79
arabica,2021-08-20,1043.41,0.45,2.86,194.01
arabica,2021-08-23,1049.09,0.54,3.42,195.29
arabica,2021-08-24,1059.61,1.00,4.45,201.48
arabica,2021-08-25,1057.07,-0.24,4.20,202.89
arabica,2021-08-26,1067.49,0.99,5.23,203.33
arabica,2021-08-27,1075.88,0.79,6.06,207.06
arabica,2021-08-30,1102.36,2.46,8.67,212.52
arabica,2021-08-31,1084.23,-1.64,6.88,209.51
arabica,2021-09-01,1100.25,1.48,1.48,212.65
arabica,2021-09-02,1089.49,-0.98,0.49,210.12
arabica,2021-09-03,1081.27,-0.75,-0.27,208.58
arabica,2021-09-06,1082.64,0.13,-0.15,209.20
arabica,2021-09-08,1083.73,0.10,-0.05,203.98
arabica,2021-09-09,1069.14,-1.35,-1.39,201.46
arabica,2021-09-10,1073.90,0.45,-0.95,203.93
arabica,2021-09-13,1068.28,-0.52,-1.47,204.22
arabica,2021-09-14,1063.09,-0.49,-1.95,202.07
arabica,2021-09-15,1068.05,0.47,-1.49,203.75
arabica,2021-09-16,1070.42,0.22,-1.27,202.92
arabica,2021-09-17,1074.55,0.39,-0.89,203.40
arabica,2021-09-20,1062.73,-1.10,-1.98,198.60
arabica,2021-09-21,1063.40,0.06,-1.92,201.33
arabica,2021-09-22,1069.03,0.53,-1.40,201.67
arabica,2021-09-23,1089.12,1.88,0.45,205.18
arabica,2021-09-24,1111.63,2.07,2.53,207.94
arabica,2021-09-27,1105.09,-0.59,1.92,205.41
arabica,2021-09-28,1146.61,3.76,5.75,211.16
arabica,2021-09-29,1130.48,-1.41,4.27,208.35
arabica,2021-09-30,1136.94,0.57,4.86,209.11
arabica,2021-10-01,1183.07,4.06,4.06,220.60
arabica,2021-10-04,1180.95,-0.18,3.87,216.61
arabica,2021-10-05,1149.79,-2.64,1.13,210.24
arabica,2021-10-06,1159.92,0.88,2.02,211.36
arabica,2021-10-07,1180.51,1.78,3.83,214.52
arabica,2021-10-08,1199.28,1.59,5.48,217.66
arabica,2021-10-11,1204.12,0.40,5.91,217.67
arabica,2021-10-13,1228.44,2.02,8.05,222.91
arabica,2021-10-14,1242.78,1.17,9.31,225.14
arabica,2021-10-15,1233.94,-0.71,8.53,226.00
arabica,2021-10-18,1223.91,-0.81,7.65,221.96
arabica,2021-10-19,1243.54,1.60,9.38,222.58
arabica,2021-10-20,1250.02,0.52,9.95,225.35
arabica,2021-10-21,1257.20,0.57,10.58,222.36
arabica,2021-10-22,1246.22,-0.87,9.61,220.96
arabica,2021-10-25,1247.88,0.13,9.76,225.01
arabica,2021-10-26,1270.07,1.78,11.71,228.14
arabica,2021-10-27,1246.21,-1.88,9.61,223.74
arabica,2021-10-28,1239.91,-0.51,9.06,220.31
arabica,2021-10-29,1256.27,1.32,10.50,222.43
arabica,2021-11-01,1286.73,2.42,2.42,226.90
arabica,2021-11-03,1284.27,-0.19,2.23,229.54
arabica,2021-11-04,1282.15,-0.17,2.06,228.34
arabica,2021-11-05,1265.50,-1.30,0.73,229.67
arabica,2021-11-08,1254.32,-0.88,-0.16,226.04
arabica,2021-11-09,1258.03,0.30,0.14,229.44
arabica,2021-11-10,1256.09,-0.15,-0.01,228.59
arabica,2021-11-11,1274.18,1.44,1.43,236.05
arabica,2021-11-12,1307.85,2.64,4.11,239.75
arabica,2021-11-16,1322.11,1.09,5.24,240.73
arabica,2021-11-17,1359.78,2.85,8.24,246.07
arabica,2021-11-18,1367.45,0.56,8.85,245.55
arabica,2021-11-19,1392.66,1.84,10.86,248.51
arabica,2021-11-22,1382.69,-0.72,10.06,247.35
arabica,2021-11-23,1435.66,3.83,14.28,256.00
arabica,2021-11-24,1456.43,1.45,15.93,260.40
arabica,2021-11-25,1466.92,0.72,16.77,263.69
arabica,2021-11-26,1457.25,-0.66,16.00,260.22
arabica,2021-11-29,1424.40,-2.25,13.38,253.68
arabica,2021-11-30,1420.09,-0.30,13.04,251.48
arabica,2021-12-01,1421.20,0.08,0.08,250.87
arabica,2021-12-02,1439.13,1.26,1.34,254.62
arabica,2021-12-03,1471.19,2.23,3.60,259.15
arabica,2021-12-06,1487.58,1.11,4.75,261.62
arabica,2021-12-07,1479.74,-0.53,4.20,263.39
arabica,2021-12-08,1478.12,-0.11,4.09,266.90
arabica,2021-12-09,1471.59,-0.44,3.63,263.73
arabica,2021-12-10,1435.60,-2.45,1.09,255.76
arabica,2021-12-13,1457.28,1.51,2.62,256.88
arabica,2021-12-14,1453.75,-0.24,2.37,255.45
arabica,2021-12-15,1463.61,0.68,3.06,255.74
arabica,2021-12-16,1461.28,-0.16,2.90,257.49
arabica,2021-12-17,1459.85,-0.10,2.80,256.92
arabica,2021-12-20,1432.67,-1.86,0.89,249.68
arabica,2021-12-21,1441.82,0.64,1.53,251.32
arabica,2021-12-22,1457.17,1.06,2.61,257.00
arabica,2021-12-23,1447.66,-0.65,1.94,255.64
arabica,2021-12-27,1434.07,-0.94,0.98,254.45
arabica,2021-12-28,1430.05,-0.28,0.70,253.69
arabica,2021-12-29,1440.31,0.72,1.42,252.95
arabica,2021-12-30,1431.58,-0.61,0.81,256.79
arabica,2022-01-03,1414.57,-1.19,-1.19,249.88
arabica,2022-01-04,1454.67,2.83,1.61,255.79
arabica,2022-01-05,1453.35,-0.09,1.52,256.64
arabica,2022-01-06,1466.69,0.92,2.45,257.95
arabica,2022-01-07,1493.73,1.84,4.34,265.18
arabica,2022-01-10,1483.95,-0.65,3.66,261.63
arabica,2022-01-11,1481.83,-0.14,3.51,265.61
arabica,2022-01-12,1502.91,1.42,4.98,271.53
arabica,2022-01-13,1495.12,-0.52,4.44,270.90
arabica,2022-01-14,1498.14,0.20,4.65,271.30
arabica,2022-01-17,1495.99,-0.14,4.50,270.82
arabica,2022-01-18,1498.35,0.16,4.66,269.68
arabica,2022-01-19,1509.95,0.77,5.47,276.35
arabica,2022-01-20,1507.84,-0.14,5.33,278.66
arabica,2022-01-21,1487.18,-1.37,3.88,272.53
arabica,2022-01-24,1479.77,-0.50,3.37,268.90
arabica,2022-01-25,1494.27,0.98,4.38,274.68
arabica,2022-01-26,1493.25,-0.07,4.31,276.17
arabica,2022-01-27,1467.33,-1.74,2.50,270.38
arabica,2022-01-28,1481.14,0.94,3.46,274.64
arabica,2022-01-31,1474.34,-0.46,2.99,278.02
arabica,2022-02-01,1476.50,0.15,0.15,280.17
arabica,2022-02-02,1477.38,0.06,0.21,279.54
arabica,2022-02-03,1491.62,0.96,1.17,281.81
arabica,2022-02-04,1491.20,-0.03,1.14,279.98
arabica,2022-02-07,1482.26,-0.60,0.54,281.80
arabica,2022-02-08,1510.30,1.89,2.44,287.40
arabica,2022-02-09,1555.19,2.97,5.48,297.93
arabica,2022-02-10,1535.38,-1.27,4.14,293.80
arabica,2022-02-11,1519.43,-1.04,3.06,290.74
arabica,2022-02-14,1504.86,-0.96,2.07,288.45
arabica,2022-02-15,1499.37,-0.36,1.70,289.40
arabica,2022-02-16,1498.45,-0.06,1.64,292.21
arabica,2022-02-17,1495.22,-0.22,1.42,289.27
arabica,2022-02-18,1466.51,-1.92,-0.53,285.43
arabica,2022-02-21,1462.04,-0.30,-0.83,286.34
arabica,2022-02-22,1453.13,-0.61,-1.44,286.90
arabica,2022-02-23,1442.80,-0.71,-2.14,288.39
arabica,2022-02-24,1425.53,-1.20,-3.31,278.59
arabica,2022-02-25,1434.43,0.62,-2.71,278.80
arabica,2022-03-02,1384.52,-3.48,-3.48,270.94
arabica,2022-03-03,1330.63,-3.89,-7.24,264.85
arabica,2022-03-04,1325.98,-0.35,-7.56,261.07
arabica,2022-03-07,1318.18,-0.59,-8.10,259.54
arabica,2022-03-08,1344.06,1.96,-6.30,265.83
arabica,2022-03-09,1331.86,-0.91,-7.15,265.79
arabica,2022-03-10,1306.51,-1.90,-8.92,260.37
arabica,2022-03-11,1305.56,-0.07,-8.98,258.42
arabica,2022-03-14,1291.12,-1.11,-9.99,251.73
arabica,2022-03-15,1262.07,-2.25,-12.02,244.87
arabica,2022-03-16,1276.74,1.16,-10.99,250.10
arabica,2022-03-17,1266.57,-0.80,-11.70,251.40
arabica,2022-03-18,1278.09,0.91,-10.90,254.90
arabica,2022-03-21,1287.25,0.72,-10.26,259.95
arabica,2022-03-22,1276.97,-0.80,-10.98,259.60
arabica,2022-03-23,1272.51,-0.35,-11.29,263.02
arabica,2022-03-24,1259.80,-1.00,-12.17,260.99
arabica,2022-03-25,1257.06,-0.22,-12.37,264.59
arabica,2022-03-28,1210.76,-3.68,-15.59,253.83
arabica,2022-03-29,1202.21,-0.71,-16.19,252.51
arabica,2022-03-30,1224.94,1.89,-14.60,256.16
arabica,2022-03-31,1243.64,1.53,-13.30,261.21
arabica,2022-04-01,1245.32,0.14,0.14,266.72
arabica,2022-04-04,1247.37,0.16,0.30,270.46
arabica,2022-04-05,1249.98,0.21,0.51,268.41
arabica,2022-04-06,1246.26,-0.30,0.21,264.04
arabica,2022-04-07,1245.39,-0.07,0.14,262.46
arabica,2022-04-08,1271.49,2.10,2.24,270.24
arabica,2022-04-11,1287.36,1.25,3.52,274.90
arabica,2022-04-12,1278.00,-0.73,2.76,273.19
arabica,2022-04-13,1249.28,-2.25,0.45,266.60
arabica,2022-04-14,1240.14,-0.73,-0.28,264.31
arabica,2022-04-18,1237.41,-0.22,-0.50,265.65
arabica,2022-04-19,1233.88,-0.29,-0.78,264.04
arabica,2022-04-20,1213.90,-1.62,-2.39,262.46
arabica,2022-04-22,1243.89,2.47,0.02,259.31
arabica,2022-04-25,1247.91,0.32,0.34,256.09
arabica,2022-04-26,1262.09,1.14,1.48,252.92
arabica,2022-04-27,1248.52,-1.08,0.39,251.51
arabica,2022-04-28,1259.76,0.90,1.30,255.12
arabica,2022-04-29,1267.35,0.60,1.91,256.13
arabica,2022-05-02,1254.70,-1.00,-1.00,247.62
arabica,2022-05-03,1263.55,0.71,-0.30,254.49
arabica,2022-05-04,1267.30,0.30,-0.00,258.05
arabica,2022-05-05,1263.65,-0.29,-0.29,251.27
arabica,2022-05-06,1244.41,-1.52,-1.81,245.30
arabica,2022-05-09,1231.77,-1.02,-2.81,238.90
arabica,2022-05-10,1224.78,-0.57,-3.36,238.98
arabica,2022-05-11,1287.69,5.14,1.60,250.62
arabica,2022-05-12,1271.64,-1.25,0.34,247.11
arabica,2022-05-13,1259.80,-0.93,-0.60,249.27
arabica,2022-05-16,1307.93,3.82,3.20,259.25
arabica,2022-05-17,1308.24,0.02,3.23,264.72
arabica,2022-05-18,1278.19,-2.30,0.86,256.31
arabica,2022-05-19,1259.53,-1.46,-0.62,256.31
arabica,2022-05-20,1245.75,-1.09,-1.70,255.85
arabica,2022-05-23,1229.41,-1.31,-2.99,255.44
arabica,2022-05-24,1218.65,-0.88,-3.84,252.78
arabica,2022-05-25,1234.47,1.30,-2.59,256.59
arabica,2022-05-26,1269.38,2.83,0.16,266.62
arabica,2022-05-27,1276.44,0.56,0.72,269.41
arabica,2022-05-30,1273.45,-0.23,0.48,268.04
arabica,2022-05-31,1273.07,-0.03,0.45,267.96
arabica,2022-06-01,1322.18,3.86,3.86,275.51
arabica,2022-06-02,1328.52,0.48,4.36,277.12
arabica,2022-06-03,1293.37,-2.65,1.59,270.35
arabica,2022-06-06,1329.75,2.81,4.45,276.97
arabica,2022-06-07,1317.12,-0.95,3.46,270.40
arabica,2022-06-08,1314.56,-0.19,3.26,269.32
arabica,2022-06-09,1327.76,1.00,4.30,270.37
arabica,2022-06-10,1308.09,-1.48,2.75,262.62
arabica,2022-06-13,1310.27,0.17,2.92,255.76
arabica,2022-06-14,1322.74,0.95,3.90,257.34
arabica,2022-06-15,1327.83,0.38,4.30,264.24
arabica,2022-06-17,1326.24,-0.12,4.18,258.02
arabica,2022-06-20,1330.45,0.32,4.51,256.60
arabica,2022-06-21,1362.28,2.39,7.01,264.47
arabica,2022-06-22,1388.80,1.95,9.09,268.63
arabica,2022-06-23,1367.14,-1.56,7.39,261.45
arabica,2022-06-24,1351.56,-1.14,6.17,257.05
arabica,2022-06-27,1334.95,-1.23,4.86,255.35
arabica,2022-06-28,1316.62,-1.37,3.42,250.02
arabica,2022-06-29,1351.49,2.65,6.16,260.10
arabica,2022-06-30,1361.20,0.72,6.92,260.27
arabica,2022-07-01,1358.71,-0.18,-0.18,255.30
arabica,2022-07-04,1353.84,-0.36,-0.54,254.19
arabica,2022-07-05,1356.14,0.17,-0.37,251.51
arabica,2022-07-06,1362.90,0.50,0.12,251.69
arabica,2022-07-07,1358.75,-0.30,-0.18,254.26
arabica,2022-07-08,1348.87,-0.73,-0.91,256.20
arabica,2022-07-11,1331.57,-1.28,-2.18,248.06
arabica,2022-07-12,1296.41,-2.64,-4.76,238.40
arabica,2022-07-13,1296.50,0.01,-4.75,239.83
arabica,2022-07-14,1239.04,-4.43,-8.97,228.02
arabica,2022-07-15,1241.31,0.18,-8.81,229.57
arabica,2022-07-18,1303.58,5.02,-4.23,240.38
arabica,2022-07-19,1318.67,1.16,-3.12,243.30
arabica,2022-07-20,1332.32,1.04,-2.12,243.97
arabica,2022-07-21,1337.55,0.39,-1.74,243.59
arabica,2022-07-22,1295.84,-3.12,-4.80,235.56
arabica,2022-07-25,1292.83,-0.23,-5.02,240.57
arabica,2022-07-26,1319.80,2.09,-3.04,246.51
arabica,2022-07-27,1331.37,0.88,-2.19,253.64
arabica,2022-07-28,1317.52,-1.04,-3.21,255.28
arabica,2022-07-29,1300.89,-1.26,-4.43,251.23
arabica,2022-08-01,1285.02,-1.22,-1.22,247.83
arabica,2022-08-02,1271.95,-1.02,-2.22,240.90
arabica,2022-08-03,1304.31,2.54,0.26,247.26
arabica,2022-08-04,1314.78,0.80,1.07,252.02
arabica,2022-08-05,1261.57,-4.05,-3.02,244.11
arabica,2022-08-08,1277.30,1.25,-1.81,249.77
arabica,2022-08-09,1264.14,-1.03,-2.82,246.09
arabica,2022-08-10,1288.13,1.90,-0.98,252.92
arabica,2022-08-11,1294.94,0.53,-0.46,250.86
arabica,2022-08-12,1300.76,0.45,-0.01,256.71
arabica,2022-08-15,1298.88,-0.14,-0.15,255.03
arabica,2022-08-16,1278.49,-1.57,-1.72,248.40
arabica,2022-08-17,1276.64,-0.14,-1.86,246.84
arabica,2022-08-18,1274.27,-0.19,-2.05,246.28
arabica,2022-08-19,1275.71,0.11,-1.94,246.51
arabica,2022-08-22,1301.66,2.03,0.06,252.16
arabica,2022-08-23,1307.74,0.47,0.53,256.42
arabica,2022-08-24,1340.01,2.47,3.01,262.28
arabica,2022-08-25,1349.76,0.73,3.76,263.32
arabica,2022-08-26,1351.64,0.14,3.90,266.39
arabica,2022-08-29,1344.99,-0.49,3.39,267.61
arabica,2022-08-30,1342.78,-0.16,3.22,262.78
arabica,2022-08-31,1344.20,0.11,3.33,258.40
arabica,2022-09-01,1341.77,-0.18,-0.18,256.31
arabica,2022-09-02,1331.04,-0.80,-0.98,257.11
arabica,2022-09-05,1313.30,-1.33,-2.30,254.86
arabica,2022-09-06,1335.47,1.69,-0.65,254.76
arabica,2022-09-08,1285.14,-3.77,-4.39,246.72
arabica,2022-09-09,1316.06,2.41,-2.09,255.55
arabica,2022-09-12,1296.95,-1.45,-3.52,254.75
arabica,2022-09-13,1285.69,-0.87,-4.35,247.77
arabica,2022-09-14,1265.14,-1.60,-5.88,244.24
arabica,2022-09-15,1270.71,0.44,-5.47,242.36
arabica,2022-09-16,1270.42,-0.02,-5.49,241.66
arabica,2022-09-19,1285.41,1.18,-4.37,248.97
arabica,2022-09-20,1288.69,0.26,-4.13,249.70
arabica,2022-09-21,1284.53,-0.32,-4.44,248.60
arabica,2022-09-22,1285.82,0.10,-4.34,251.48
arabica,2022-09-23,1272.92,-1.00,-5.30,242.41
arabica,2022-09-26,1307.91,2.75,-2.70,242.70
arabica,2022-09-27,1314.48,0.50,-2.21,244.33
arabica,2022-09-28,1314.33,-0.01,-2.22,245.81
arabica,2022-09-29,1303.95,-0.79,-2.99,241.56
arabica,2022-09-30,1286.80,-1.32,-4.27,239.23
arabica,2022-10-03,1222.53,-4.99,-4.99,236.15
arabica,2022-10-04,1243.64,1.73,-3.35,240.27
arabica,2022-10-05,1260.20,1.33,-2.07,243.56
arabica,2022-10-06,1233.20,-2.14,-4.17,236.97
arabica,2022-10-07,1229.18,-0.33,-4.48,235.25
arabica,2022-10-10,1226.30,-0.23,-4.70,236.60
arabica,2022-10-11,1223.75,-0.21,-4.90,232.21
arabica,2022-10-13,1176.35,-3.87,-8.58,222.84
arabica,2022-10-14,1154.73,-1.84,-10.26,216.73
arabica,2022-10-17,1141.32,-1.16,-11.31,215.55
arabica,2022-10-18,1130.38,-0.96,-12.16,214.86
arabica,2022-10-19,1103.41,-2.39,-14.25,209.30
arabica,2022-10-20,1081.63,-1.97,-15.94,207.05
arabica,2022-10-21,1070.11,-1.07,-16.84,207.87
arabica,2022-10-24,1078.75,0.81,-16.17,203.96
arabica,2022-10-25,1062.79,-1.48,-17.41,199.96
arabica,2022-10-26,1040.79,-2.07,-19.12,193.71
arabica,2022-10-27,1037.92,-0.28,-19.34,195.87
arabica,2022-10-28,987.53,-4.85,-23.26,185.84
arabica,2022-10-31,1005.33,1.80,-21.87,194.30
arabica,2022-11-01,987.63,-1.76,-1.76,193.20
arabica,2022-11-03,958.29,-2.97,-4.68,187.42
arabica,2022-11-04,961.72,0.36,-4.34,191.04
arabica,2022-11-07,940.31,-2.23,-6.47,182.41
arabica,2022-11-08,934.82,-0.58,-7.01,180.85
arabica,2022-11-09,930.62,-0.45,-7.43,179.73
arabica,2022-11-10,957.67,2.91,-4.74,177.44
arabica,2022-11-11,969.33,1.22,-3.58,181.49
arabica,2022-11-14,956.77,-1.30,-4.83,179.47
arabica,2022-11-16,943.57,-1.38,-6.14,175.25
arabica,2022-11-17,943.15,-0.04,-6.19,173.66
arabica,2022-11-18,932.71,-1.11,-7.22,173.82
arabica,2022-11-21,949.51,1.80,-5.55,178.78
arabica,2022-11-22,970.27,2.19,-3.49,180.31
arabica,2022-11-23,975.17,0.51,-3.00,181.53
arabica,2022-11-24,972.75,-0.25,-3.24,183.12
arabica,2022-11-25,984.78,1.24,-2.04,182.03
arabica,2022-11-28,972.21,-1.28,-3.29,181.18
arabica,2022-11-29,999.97,2.86,-0.53,188.99
arabica,2022-11-30,1003.01,0.30,-0.23,192.52
arabica,2022-12-01,986.50,-1.65,-1.65,189.53
arabica,2022-12-02,982.38,-0.42,-2.06,189.36
arabica,2022-12-05,981.02,-0.14,-2.19,185.80
arabica,2022-12-06,989.09,0.82,-1.39,187.72
arabica,2022-12-07,984.85,-0.43,-1.81,189.03
arabica,2022-12-08,973.49,-1.15,-2.94,186.78
arabica,2022-12-09,979.85,0.65,-2.31,186.99
arabica,2022-12-12,1016.22,3.71,1.32,190.84
arabica,2022-12-13,1023.87,0.75,2.08,192.60
arabica,2022-12-14,1028.07,0.41,2.50,193.21
arabica,2022-12-15,1045.13,1.66,4.20,196.38
arabica,2022-12-16,1020.37,-2.37,1.73,192.60
arabica,2022-12-19,1016.75,-0.35,1.37,191.55
arabica,2022-12-20,1027.61,1.07,2.45,197.31
arabica,2022-12-21,1023.12,-0.44,2.00,196.87
arabica,2022-12-22,1022.97,-0.01,1.99,197.60
arabica,2022-12-23,1024.86,0.18,2.18,198.46
arabica,2022-12-26,1027.31,0.24,2.42,197.26
arabica,2022-12-27,1023.64,-0.36,2.06,193.73
arabica,2022-12-28,1044.61,2.05,4.15,198.86
arabica,2022-12-29,1037.90,-0.64,3.48,196.57
arabica,2023-01-02,1031.20,-0.65,-0.65,192.39
arabica,2023-01-03,1034.46,0.32,-0.33,189.88
arabica,2023-01-04,1021.50,-1.25,-1.58,187.29
arabica,2023-01-05,1020.40,-0.11,-1.69,190.30
arabica,2023-01-06,1023.47,0.30,-1.39,195.21
arabica,2023-01-09,1002.85,-2.01,-3.38,190.84
arabica,2023-01-10,968.37,-3.44,-6.70,186.15
arabica,2023-01-11,944.56,-2.46,-8.99,182.14
arabica,2023-01-12,953.00,0.89,-8.18,187.08
arabica,2023-01-13,945.34,-0.80,-8.92,185.58
arabica,2023-01-16,955.07,1.03,-7.98,185.41
arabica,2023-01-17,951.65,-0.36,-8.31,186.31
arabica,2023-01-18,979.10,2.88,-5.67,189.79
arabica,2023-01-19,1000.74,2.21,-3.58,193.38
arabica,2023-01-20,1002.74,0.20,-3.39,192.72
arabica,2023-01-23,1023.39,2.06,-1.40,196.96
arabica,2023-01-24,1030.20,0.67,-0.74,200.16
arabica,2023-01-25,1035.11,0.48,-0.27,203.92
arabica,2023-01-26,1048.76,1.32,1.05,206.77
arabica,2023-01-27,1061.83,1.25,2.31,207.75
arabica,2023-01-30,1067.01,0.49,2.80,208.73
arabica,2023-01-31,1103.18,3.39,6.29,217.25
arabica,2023-02-01,1104.47,0.12,0.12,216.99
arabica,2023-02-02,1096.14,-0.75,-0.64,217.66
arabica,2023-02-03,1079.90,-1.48,-2.11,210.14
arabica,2023-02-06,1114.33,3.19,1.01,215.29
arabica,2023-02-07,1123.64,0.84,1.85,216.13
arabica,2023-02-08,1119.52,-0.37,1.48,215.75
arabica,2023-02-09,1118.27,-0.11,1.37,212.20
arabica,2023-02-10,1123.17,0.44,1.81,215.04
arabica,2023-02-13,1117.26,-0.53,1.28,215.60
arabica,2023-02-14,1143.75,2.37,3.68,219.91
arabica,2023-02-15,1125.22,-1.62,2.00,215.72
arabica,2023-02-16,1135.15,0.88,2.90,217.46
arabica,2023-02-17,1157.53,1.97,4.93,224.24
arabica,2023-02-22,1179.20,1.87,6.89,228.13
arabica,2023-02-23,1150.14,-2.46,4.26,224.11
arabica,2023-02-24,1141.39,-0.76,3.46,219.25
arabica,2023-02-27,1141.47,0.01,3.47,219.72
arabica,2023-02-28,1160.98,1.71,5.24,222.37
arabica,2023-03-01,1134.54,-2.28,-2.28,218.35
arabica,2023-03-02,1136.99,0.22,-2.07,218.48
arabica,2023-03-03,1114.38,-1.99,-4.01,214.39
arabica,2023-03-06,1123.91,0.86,-3.19,217.56
arabica,2023-03-07,1134.01,0.90,-2.32,218.46
arabica,2023-03-08,1097.38,-3.23,-5.48,213.37
arabica,2023-03-09,1089.79,-0.69,-6.13,212.27
arabica,2023-03-10,1092.87,0.28,-5.87,209.56
arabica,2023-03-13,1107.71,1.36,-4.59,210.27
arabica,2023-03-14,1106.96,-0.07,-4.65,210.61
arabica,2023-03-15,1087.87,-1.72,-6.30,205.49
arabica,2023-03-16,1128.17,3.70,-2.83,215.18
arabica,2023-03-17,1113.46,-1.30,-4.09,211.12
arabica,2023-03-20,1106.86,-0.59,-4.66,211.11
arabica,2023-03-21,1114.76,0.71,-3.98,212.62
arabica,2023-03-22,1112.36,-0.22,-4.19,213.18
arabica,2023-03-23,1100.27,-1.09,-5.23,208.03
arabica,2023-03-24,1122.44,2.01,-3.32,213.88
arabica,2023-03-27,1115.01,-0.66,-3.96,213.97
arabica,2023-03-28,1085.19,-2.67,-6.53,210.06
arabica,2023-03-29,1069.00,-1.49,-7.92,207.94
arabica,2023-03-30,1068.86,-0.01,-7.93,209.54
arabica,2023-03-31,1044.94,-2.24,-10.00,206.14
arabica,2023-04-03,1082.95,3.64,3.64,213.43
arabica,2023-04-04,1070.15,-1.18,2.41,210.37
arabica,2023-04-05,1094.52,2.28,4.74,216.56
arabica,2023-04-06,1101.19,0.61,5.38,217.63
arabica,2023-04-10,1096.07,-0.46,4.89,216.19
arabica,2023-04-11,1121.49,2.32,7.33,223.98
arabica,2023-04-12,1109.21,-1.09,6.15,224.36
arabica,2023-04-13,1132.20,2.07,8.35,229.79
arabica,2023-04-14,1125.42,-0.60,7.70,228.84
arabica,2023-04-17,1136.75,1.01,8.79,230.34
arabica,2023-04-18,1142.57,0.51,9.34,229.66
arabica,2023-04-19,1148.25,0.50,9.89,226.21
arabica,2023-04-20,1111.77,-3.18,6.40,220.07
arabica,2023-04-24,1111.82,0.00,6.40,220.60
arabica,2023-04-25,1076.43,-3.18,3.01,212.36
arabica,2023-04-26,1092.76,1.52,4.58,216.26
arabica,2023-04-27,1083.01,-0.89,3.64,217.34
arabica,2023-04-28,1077.88,-0.47,3.15,216.05
arabica,2023-05-02,1075.12,-0.26,-0.26,213.02
arabica,2023-05-03,1064.10,-1.03,-1.28,213.20
arabica,2023-05-04,1054.24,-0.93,-2.19,211.14
arabica,2023-05-05,1060.65,0.61,-1.60,214.53
arabica,2023-05-08,1058.53,-0.20,-1.80,211.11
arabica,2023-05-09,1053.70,-0.46,-2.24,211.25
arabica,2023-05-10,1054.48,0.07,-2.17,212.98
arabica,2023-05-11,1038.55,-1.51,-3.65,210.11
arabica,2023-05-12,1034.79,-0.36,-4.00,210.02
arabica,2023-05-15,1037.39,0.25,-3.76,211.97
arabica,2023-05-16,1044.21,0.66,-3.12,211.42
arabica,2023-05-17,1042.37,-0.18,-3.29,211.05
arabica,2023-05-18,1043.39,0.10,-3.20,209.98
arabica,2023-05-19,1057.64,1.37,-1.88,211.48
arabica,2023-05-22,1040.61,-1.61,-3.46,209.42
arabica,2023-05-23,1037.01,-0.35,-3.79,208.57
arabica,2023-05-24,1039.46,0.24,-3.56,209.91
arabica,2023-05-25,1025.20,-1.37,-4.89,203.49
arabica,2023-05-26,1018.01,-0.70,-5.55,204.01
arabica,2023-05-29,1014.00,-0.39,-5.93,202.31
arabica,2023-05-30,992.80,-2.09,-7.89,196.94
arabica,2023-05-31,991.05,-0.18,-8.06,195.13
arabica,2023-06-01,999.01,0.80,0.80,199.28
arabica,2023-06-02,993.37,-0.56,0.23,200.40
arabica,2023-06-05,990.85,-0.25,-0.02,201.11
arabica,2023-06-06,987.44,-0.34,-0.36,200.98
arabica,2023-06-07,991.03,0.36,-0.00,201.22
arabica,2023-06-09,1005.37,1.45,1.44,206.19
arabica,2023-06-12,982.74,-2.25,-0.84,201.96
arabica,2023-06-13,964.19,-1.89,-2.71,198.27
arabica,2023-06-14,959.10,-0.53,-3.22,198.65
arabica,2023-06-15,966.28,0.75,-2.50,201.14
arabica,2023-06-16,963.32,-0.31,-2.80,199.94
arabica,2023-06-19,950.55,-1.33,-4.09,199.03
arabica,2023-06-20,917.45,-3.48,-7.43,191.46
arabica,2023-06-21,901.57,-1.73,-9.03,189.01
arabica,2023-06-22,877.83,-2.63,-11.42,183.72
arabica,2023-06-23,851.56,-2.99,-14.07,178.11
arabica,2023-06-26,851.02,-0.06,-14.13,178.56
arabica,2023-06-27,856.84,0.68,-13.54,178.66
arabica,2023-06-28,840.85,-1.87,-15.16,173.59
arabica,2023-06-29,830.13,-1.27,-16.24,170.95
arabica,2023-06-30,825.59,-0.55,-16.70,172.25
arabica,2023-07-03,824.48,-0.13,-0.13,171.62
arabica,2023-07-04,824.70,0.03,-0.11,170.57
arabica,2023-07-05,822.25,-0.30,-0.40,169.71
arabica,2023-07-06,829.41,0.87,0.46,168.37
arabica,2023-07-07,829.19,-0.03,0.44,170.65
arabica,2023-07-10,823.14,-0.73,-0.30,168.50
arabica,2023-07-11,811.35,-1.43,-1.72,167.01
arabica,2023-07-12,804.51,-0.84,-2.55,166.98
arabica,2023-07-13,808.68,0.52,-2.05,168.83
arabica,2023-07-14,821.75,1.62,-0.47,171.41
arabica,2023-07-17,807.97,-1.68,-2.13,167.80
arabica,2023-07-18,804.89,-0.38,-2.51,167.41
arabica,2023-07-19,808.90,0.50,-2.02,169.05
arabica,2023-07-20,812.66,0.46,-1.57,169.23
arabica,2023-07-21,821.38,1.07,-0.51,172.02
arabica,2023-07-24,826.91,0.67,0.16,174.64
arabica,2023-07-25,829.37,0.30,0.46,174.49
arabica,2023-07-26,827.37,-0.24,0.22,174.88
arabica,2023-07-27,826.27,-0.13,0.08,174.21
arabica,2023-07-28,811.74,-1.76,-1.68,171.58
arabica,2023-07-31,834.91,2.85,1.13,176.48
arabica,2023-08-01,843.24,1.00,1.00,176.01
arabica,2023-08-02,845.71,0.29,1.29,176.04
arabica,2023-08-03,856.24,1.25,2.55,175.14
arabica,2023-08-04,843.26,-1.52,1.00,173.19
arabica,2023-08-07,853.99,1.27,2.29,174.43
arabica,2023-08-08,846.65,-0.86,1.41,172.89
arabica,2023-08-09,843.74,-0.34,1.06,171.91
arabica,2023-08-10,838.92,-0.57,0.48,171.91
arabica,2023-08-11,835.83,-0.37,0.11,170.51
arabica,2023-08-14,824.22,-1.39,-1.28,165.84
arabica,2023-08-15,814.38,-1.19,-2.46,163.23
arabica,2023-08-16,814.80,0.05,-2.41,163.42
arabica,2023-08-17,808.71,-0.75,-3.14,162.33
arabica,2023-08-18,808.18,-0.07,-3.20,162.58
arabica,2023-08-21,811.07,0.36,-2.86,162.90
arabica,2023-08-22,809.92,-0.14,-2.99,164.05
arabica,2023-08-23,824.49,1.80,-1.25,169.86
arabica,2023-08-24,819.63,-0.59,-1.83,168.20
arabica,2023-08-25,810.72,-1.09,-2.90,166.40
arabica,2023-08-28,817.80,0.87,-2.05,167.69
arabica,2023-08-29,812.16,-0.69,-2.72,167.32
arabica,2023-08-30,818.24,0.75,-2.00,168.19
arabica,2023-08-31,816.58,-0.20,-2.20,164.97
arabica,2023-09-01,818.18,0.20,0.20,165.69
arabica,2023-09-04,821.37,0.39,0.59,166.47
arabica,2023-09-05,816.47,-0.60,-0.01,163.95
arabica,2023-09-06,818.89,0.30,0.28,164.20
arabica,2023-09-08,804.89,-1.71,-1.43,161.46
arabica,2023-09-11,808.49,0.45,-0.99,163.79
arabica,2023-09-12,814.67,0.76,-0.23,164.45
arabica,2023-09-13,807.08,-0.93,-1.16,164.17
arabica,2023-09-14,808.21,0.14,-1.03,165.79
arabica,2023-09-15,825.15,2.10,1.05,169.44
arabica,2023-09-18,831.19,0.73,1.79,171.27
arabica,2023-09-19,838.98,0.94,2.74,172.10
arabica,2023-09-20,821.58,-2.07,0.61,168.70
arabica,2023-09-21,815.95,-0.69,-0.08,165.47
arabica,2023-09-22,800.08,-1.94,-2.02,162.29
arabica,2023-09-25,798.61,-0.18,-2.20,160.65
arabica,2023-09-26,796.19,-0.30,-2.50,159.56
arabica,2023-09-27,800.23,0.51,-2.00,158.40
arabica,2023-09-28,792.13,-1.01,-2.99,157.26
arabica,2023-09-29,779.90,-1.54,-4.49,155.08
arabica,2023-10-02,797.38,2.24,2.24,157.37
arabica,2023-10-03,804.04,0.84,3.10,155.97
arabica,2023-10-04,799.22,-0.60,2.48,155.16
arabica,2023-10-05,797.63,-0.20,2.27,154.16
arabica,2023-10-06,802.84,0.65,2.94,155.59
arabica,2023-10-09,804.84,0.25,3.20,156.74
arabica,2023-10-10,801.77,-0.38,2.80,158.36
arabica,2023-10-11,800.47,-0.16,2.64,158.45
arabica,2023-10-13,819.47,2.37,5.07,160.93
arabica,2023-10-16,824.50,0.61,5.72,163.56
arabica,2023-10-17,826.89,0.29,6.03,164.29
arabica,2023-10-18,832.86,0.72,6.79,164.73
arabica,2023-10-19,857.60,2.97,9.96,169.86
arabica,2023-10-20,860.54,0.34,10.34,170.91
arabica,2023-10-23,871.59,1.28,11.76,173.59
arabica,2023-10-24,875.97,0.50,12.32,175.30
arabica,2023-10-25,850.91,-2.86,9.11,170.18
arabica,2023-10-26,847.84,-0.36,8.71,169.81
arabica,2023-10-27,841.65,-0.73,7.92,167.83
arabica,2023-10-30,836.98,-0.55,7.32,166.00
arabica,2023-10-31,863.24,3.14,10.69,171.45
arabica,2023-11-01,836.59,-3.09,-3.09,168.13
arabica,2023-11-03,862.18,3.06,-0.12,175.99
arabica,2023-11-06,871.52,1.08,0.96,178.19
arabica,2023-11-07,869.72,-0.21,0.75,178.62
arabica,2023-11-08,890.14,2.35,3.12,181.48
arabica,2023-11-09,896.75,0.74,3.88,181.93
arabica,2023-11-10,888.46,-0.92,2.92,180.91
arabica,2023-11-13,902.96,1.63,4.60,183.98
arabica,2023-11-14,896.59,-0.71,3.86,184.29
arabica,2023-11-16,901.44,0.54,4.43,185.18
arabica,2023-11-17,879.03,-2.49,1.83,179.21
arabica,2023-11-20,891.73,1.44,3.30,183.79
arabica,2023-11-21,890.91,-0.09,3.21,181.78
arabica,2023-11-22,885.95,-0.56,2.63,180.81
arabica,2023-11-23,885.22,-0.08,2.55,180.40
arabica,2023-11-24,889.39,0.47,3.03,181.62
arabica,2023-11-27,876.73,-1.42,1.56,179.00
arabica,2023-11-28,901.60,2.84,4.44,185.06
arabica,2023-11-29,898.36,-0.36,4.07,183.75
arabica,2023-11-30,944.81,5.17,9.45,192.00
arabica,2023-12-01,942.08,-0.29,-0.29,193.25
arabica,2023-12-04,938.55,-0.37,-0.66,189.64
arabica,2023-12-05,951.85,1.42,0.75,193.11
arabica,2023-12-06,919.54,-3.39,-2.67,187.47
arabica,2023-12-07,932.25,1.38,-1.33,189.83
arabica,2023-12-08,926.14,-0.66,-1.98,188.05
arabica,2023-12-11,955.82,3.20,1.17,193.68
arabica,2023-12-12,952.78,-0.32,0.84,191.90
arabica,2023-12-13,988.32,3.73,4.61,200.51
arabica,2023-12-14,994.05,0.58,5.21,202.62
arabica,2023-12-15,999.29,0.53,5.77,202.12
arabica,2023-12-18,999.18,-0.01,5.75,203.54
arabica,2023-12-19,1016.89,1.77,7.63,209.19
arabica,2023-12-20,992.05,-2.44,5.00,202.42
arabica,2023-12-21,999.11,0.71,5.75,204.44
arabica,2023-12-22,990.17,-0.89,4.80,203.70
arabica,2023-12-26,999.76,0.97,5.82,207.16
arabica,2023-12-27,1007.36,0.76,6.62,208.43
arabica,2023-12-28,1009.47,0.21,6.84,208.05
arabica,2024-01-02,1003.74,-0.57,-0.57,204.34
arabica,2024-01-03,994.00,-0.97,-1.53,202.40
arabica,2024-01-04,990.46,-0.36,-1.88,201.60
arabica,2024-01-05,981.67,-0.89,-2.75,201.49
arabica,2024-01-08,973.26,-0.86,-3.59,199.77
arabica,2024-01-09,989.10,1.63,-2.02,201.82
arabica,2024-01-10,980.32,-0.89,-2.89,200.31
arabica,2024-01-11,984.43,0.42,-2.48,201.81
arabica,2024-01-12,971.32,-1.33,-3.78,200.11
arabica,2024-01-15,969.42,-0.20,-3.97,199.26
arabica,2024-01-16,988.25,1.94,-2.10,200.50
arabica,2024-01-17,965.40,-2.31,-4.37,195.86
arabica,2024-01-18,962.99,-0.25,-4.60,195.17
arabica,2024-01-19,983.26,2.10,-2.60,199.48
arabica,2024-01-22,1007.83,2.50,-0.16,201.97
arabica,2024-01-23,1015.15,0.73,0.56,204.83
arabica,2024-01-24,994.61,-2.02,-1.47,201.62
arabica,2024-01-25,986.11,-0.85,-2.31,200.39
arabica,2024-01-26,1010.84,2.51,0.14,205.79
arabica,2024-01-29,1004.93,-0.58,-0.45,202.98
arabica,2024-01-30,1018.78,1.38,0.92,206.06
arabica,2024-01-31,1018.13,-0.06,0.86,205.81
arabica,2024-02-01,1013.29,-0.48,-0.48,206.16
arabica,2024-02-02,1014.93,0.16,-0.31,204.33
arabica,2024-02-05,1010.85,-0.40,-0.72,202.94
arabica,2024-02-06,1001.29,-0.95,-1.65,201.83
arabica,2024-02-07,1015.99,1.47,-0.21,204.55
arabica,2024-02-08,1011.09,-0.48,-0.69,202.58
arabica,2024-02-09,1027.90,1.66,0.96,207.32
arabica,2024-02-14,1003.67,-2.36,-1.42,201.95
arabica,2024-02-15,1010.90,0.72,-0.71,203.44
arabica,2024-02-16,1013.91,0.30,-0.41,204.17
arabica,2024-02-19,1016.28,0.23,-0.18,204.81
arabica,2024-02-20,1017.63,0.13,-0.05,206.42
arabica,2024-02-21,1019.71,0.20,0.16,206.42
arabica,2024-02-22,1002.32,-1.71,-1.55,202.49
arabica,2024-02-23,995.67,-0.66,-2.21,199.61
arabica,2024-02-26,992.26,-0.34,-2.54,199.37
arabica,2024-02-27,996.92,0.47,-2.08,202.01
arabica,2024-02-28,996.86,-0.01,-2.09,200.54
arabica,2024-02-29,1007.27,1.04,-1.07,202.55
arabica,2024-03-01,996.52,-1.07,-1.07,201.20
arabica,2024-03-04,1015.63,1.92,0.83,205.30
arabica,2024-03-05,1006.64,-0.89,-0.06,203.20
arabica,2024-03-06,1010.34,0.37,0.30,204.32
arabica,2024-03-07,1039.45,2.88,3.19,210.59
arabica,2024-03-08,1018.32,-2.03,1.10,204.48
arabica,2024-03-11,1004.75,-1.33,-0.25,201.96
arabica,2024-03-12,1008.51,0.37,0.12,202.80
arabica,2024-03-13,1004.82,-0.37,-0.24,202.01
arabica,2024-03-14,1000.94,-0.39,-0.63,200.51
arabica,2024-03-15,1006.16,0.52,-0.11,201.43
arabica,2024-03-18,1002.65,-0.35,-0.46,199.45
arabica,2024-03-19,1003.98,0.13,-0.33,199.96
arabica,2024-03-20,1004.36,0.04,-0.29,202.00
arabica,2024-03-21,1019.97,1.55,1.26,204.81
arabica,2024-03-22,1020.95,0.10,1.36,204.19
arabica,2024-03-25,1020.86,-0.01,1.35,205.16
arabica,2024-03-26,1026.04,0.51,1.86,205.87
arabica,2024-03-27,1037.78,1.14,3.03,208.39
arabica,2024-03-28,1029.67,-0.78,2.22,205.52
arabica,2024-04-01,1044.09,1.40,1.40,206.14
arabica,2024-04-02,1075.45,3.00,4.45,212.58
arabica,2024-04-03,1106.64,2.90,7.48,219.61
arabica,2024-04-04,1117.88,1.02,8.57,221.45
arabica,2024-04-05,1139.89,1.97,10.70,225.05
arabica,2024-04-08,1150.75,0.95,11.76,228.82
arabica,2024-04-09,1147.66,-0.27,11.46,229.12
arabica,2024-04-10,1158.75,0.97,12.54,228.19
arabica,2024-04-11,1183.14,2.10,14.90,232.49
arabica,2024-04-12,1216.70,2.84,18.16,237.40
arabica,2024-04-15,1244.88,2.32,20.90,240.05
arabica,2024-04-16,1284.98,3.22,24.80,244.25
arabica,2024-04-17,1342.18,4.45,30.35,256.39
arabica,2024-04-18,1319.73,-1.67,28.17,251.57
arabica,2024-04-19,1306.60,-0.99,26.90,251.51
arabica,2024-04-22,1275.58,-2.37,23.88,246.54
arabica,2024-04-23,1249.80,-2.02,21.38,243.67
arabica,2024-04-24,1273.77,1.92,23.71,247.48
arabica,2024-04-25,1291.88,1.42,25.47,250.12
arabica,2024-04-26,1260.03,-2.47,22.37,246.29
arabica,2024-04-29,1277.47,1.38,24.07,249.85
arabica,2024-04-30,1247.84,-2.32,21.19,240.43
arabica,2024-05-02,1161.95,-6.88,-6.88,227.25
arabica,2024-05-03,1141.86,-1.73,-8.49,225.22
arabica,2024-05-06,1098.39,-3.81,-11.98,216.47
arabica,2024-05-07,1093.08,-0.48,-12.40,215.51
arabica,2024-05-08,1096.61,0.32,-12.12,215.28
arabica,2024-05-09,1115.55,1.73,-10.60,216.86
arabica,2024-05-10,1125.17,0.86,-9.83,218.18
arabica,2024-05-13,1115.76,-0.84,-10.58,216.57
arabica,2024-05-14,1124.78,0.81,-9.86,219.21
arabica,2024-05-15,1124.60,-0.02,-9.88,218.92
arabica,2024-05-16,1124.07,-0.05,-9.92,219.12
arabica,2024-05-17,1155.64,2.81,-7.39,226.42
arabica,2024-05-20,1166.14,0.91,-6.55,228.25
arabica,2024-05-21,1211.97,3.93,-2.87,236.95
arabica,2024-05-22,1240.78,2.38,-0.57,240.74
arabica,2024-05-23,1224.54,-1.31,-1.87,237.54
arabica,2024-05-24,1234.07,0.78,-1.10,238.56
arabica,2024-05-27,1231.04,-0.25,-1.35,238.02
arabica,2024-05-28,1300.27,5.62,4.20,251.99
arabica,2024-05-29,1311.58,0.87,5.11,252.08
arabica,2024-05-31,1286.07,-1.94,3.06,244.64
arabica,2024-06-03,1302.29,1.26,1.26,248.86
arabica,2024-06-04,1339.01,2.82,4.12,253.22
arabica,2024-06-05,1335.41,-0.27,3.84,252.06
arabica,2024-06-06,1354.85,1.46,5.35,257.82
arabica,2024-06-07,1317.07,-2.79,2.41,247.76
arabica,2024-06-10,1324.53,0.57,2.99,247.34
arabica,2024-06-11,1322.03,-0.19,2.80,246.69
arabica,2024-06-12,1331.66,0.73,3.54,246.24
arabica,2024-06-13,1351.90,1.52,5.12,251.61
arabica,2024-06-14,1340.74,-0.83,4.25,249.35
arabica,2024-06-17,1348.56,0.58,4.86,248.63
arabica,2024-06-18,1354.53,0.44,5.32,249.27
arabica,2024-06-19,1355.81,0.09,5.42,248.86
arabica,2024-06-20,1374.09,1.35,6.84,253.76
arabica,2024-06-21,1352.29,-1.59,5.15,248.35
arabica,2024-06-24,1399.25,3.47,8.80,259.41
arabica,2024-06-25,1375.71,-1.68,6.97,252.38
arabica,2024-06-26,1365.29,-0.76,6.16,247.56
arabica,2024-06-27,1368.47,0.23,6.41,248.72
arabica,2024-06-28,1370.81,0.17,6.59,245.31
arabica,2024-07-01,1361.92,-0.65,-0.65,241.56
arabica,2024-07-02,1382.86,1.54,0.88,244.62
arabica,2024-07-03,1364.79,-1.31,-0.44,245.33
arabica,2024-07-04,1361.59,-0.23,-0.67,248.28
arabica,2024-07-05,1389.75,2.07,1.38,254.21
arabica,2024-07-08,1402.49,0.92,2.31,256.07
arabica,2024-07-09,1455.34,3.77,6.17,268.61
arabica,2024-07-10,1429.22,-1.79,4.26,264.03
arabica,2024-07-11,1446.79,1.23,5.54,265.76
arabica,2024-07-12,1460.32,0.94,6.53,268.84
arabica,2024-07-15,1443.05,-1.18,5.27,264.93
arabica,2024-07-16,1441.85,-0.08,5.18,265.39
arabica,2024-07-17,1444.95,0.22,5.41,263.44
arabica,2024-07-18,1451.58,0.46,5.89,260.14
arabica,2024-07-19,1430.13,-1.48,4.33,255.43
arabica,2024-07-22,1448.80,1.31,5.69,259.92
arabica,2024-07-23,1441.85,-0.48,5.18,257.84
arabica,2024-07-24,1417.70,-1.67,3.42,250.61
arabica,2024-07-25,1425.10,0.52,3.96,252.63
arabica,2024-07-26,1409.05,-1.13,2.79,248.86
arabica,2024-07-29,1408.76,-0.02,2.77,250.27
arabica,2024-07-30,1419.69,0.78,3.57,252.43
arabica,2024-07-31,1415.91,-0.27,3.29,250.07
arabica,2024-08-01,1407.69,-0.58,-0.58,245.37
arabica,2024-08-02,1427.76,1.43,0.84,250.00
arabica,2024-08-05,1413.59,-0.99,-0.16,246.49
arabica,2024-08-06,1430.29,1.18,1.02,253.06
arabica,2024-08-07,1454.52,1.69,2.73,258.58
arabica,2024-08-08,1458.09,0.25,2.98,261.59
arabica,2024-08-09,1402.89,-3.79,-0.92,254.52
arabica,2024-08-12,1431.21,2.02,1.08,260.08
arabica,2024-08-13,1395.71,-2.48,-1.43,255.77
arabica,2024-08-14,1400.95,0.38,-1.06,255.93
arabica,2024-08-15,1408.08,0.51,-0.55,256.85
arabica,2024-08-16,1424.43,1.16,0.60,260.45
arabica,2024-08-19,1428.43,0.28,0.88,264.03
arabica,2024-08-20,1437.34,0.62,1.51,262.86
arabica,2024-08-21,1437.45,0.01,1.52,262.55
arabica,2024-08-22,1435.29,-0.15,1.37,256.81
arabica,2024-08-23,1432.53,-0.19,1.17,261.55
arabica,2024-08-26,1434.85,0.16,1.34,261.45
arabica,2024-08-27,1459.67,1.73,3.09,265.35
arabica,2024-08-28,1478.50,1.29,4.42,266.44
arabica,2024-08-29,1442.72,-2.42,1.89,256.76
arabica,2024-08-30,1448.24,0.38,2.28,256.33
arabica,2024-09-02,1444.69,-0.25,-0.25,257.43
arabica,2024-09-03,1439.65,-0.35,-0.59,254.94
arabica,2024-09-04,1443.45,0.26,-0.33,256.07
arabica,2024-09-05,1439.95,-0.24,-0.57,258.10
arabica,2024-09-06,1413.70,-1.82,-2.38,252.67
arabica,2024-09-09,1443.50,2.11,-0.33,258.51
arabica,2024-09-10,1450.29,0.47,0.14,256.37
arabica,2024-09-11,1451.89,0.11,0.25,256.93
arabica,2024-09-12,1468.60,1.15,1.41,261.32
arabica,2024-09-13,1483.12,0.99,2.41,266.56
arabica,2024-09-16,1492.24,0.61,3.04,270.58
arabica,2024-09-17,1496.77,0.30,3.35,272.88
arabica,2024-09-18,1494.18,-0.17,3.17,274.41
arabica,2024-09-19,1485.84,-0.56,2.60,273.79
arabica,2024-09-20,1460.14,-1.73,0.82,264.57
arabica,2024-09-23,1487.93,1.90,2.74,268.87
arabica,2024-09-24,1507.17,1.29,4.07,276.04
arabica,2024-09-25,1505.43,-0.12,3.95,274.81
arabica,2024-09-26,1517.34,0.79,4.77,278.56
arabica,2024-09-27,1496.57,-1.37,3.34,275.26
arabica,2024-09-30,1504.98,0.56,3.92,275.84
arabica,2024-10-01,1493.95,-0.73,-0.73,273.72
arabica,2024-10-02,1469.65,-1.63,-2.35,269.81
arabica,2024-10-03,1456.44,-0.90,-3.23,266.11
arabica,2024-10-04,1457.78,0.09,-3.14,266.99
arabica,2024-10-07,1418.11,-2.72,-5.77,258.59
arabica,2024-10-08,1434.01,1.12,-4.72,259.22
arabica,2024-10-09,1442.01,0.56,-4.18,258.52
arabica,2024-10-10,1476.66,2.40,-1.88,264.40
arabica,2024-10-11,1478.89,0.15,-1.73,263.01
arabica,2024-10-14,1504.25,1.71,-0.05,269.43
arabica,2024-10-15,1515.43,0.74,0.69,267.89
arabica,2024-10-16,1522.49,0.47,1.16,268.75
arabica,2024-10-17,1505.74,-1.10,0.05,265.70
arabica,2024-10-18,1527.54,1.45,1.50,268.41
arabica,2024-10-21,1497.06,-2.00,-0.53,262.55
arabica,2024-10-22,1497.39,0.02,-0.50,262.61
arabica,2024-10-23,1506.39,0.60,0.09,264.74
arabica,2024-10-24,1495.43,-0.73,-0.63,263.47
arabica,2024-10-25,1500.20,0.32,-0.32,262.78
arabica,2024-10-28,1517.69,1.17,0.84,265.94
arabica,2024-10-29,1511.64,-0.40,0.44,262.26
arabica,2024-10-30,1519.13,0.50,0.94,263.55
arabica,2024-10-31,1525.36,0.41,1.35,263.86
arabica,2024-11-01,1516.17,-0.60,-0.60,258.29
arabica,2024-11-04,1526.08,0.65,0.05,264.30
arabica,2024-11-05,1556.23,1.98,2.02,270.60
arabica,2024-11-06,1540.60,-1.00,1.00,271.18
arabica,2024-11-07,1592.18,3.35,4.38,280.12
arabica,2024-11-08,1592.83,0.04,4.42,276.87
arabica,2024-11-11,1594.20,0.09,4.51,276.24
arabica,2024-11-12,1633.02,2.44,7.06,283.12
arabica,2024-11-13,1698.83,4.03,11.37,293.00
arabica,2024-11-14,1755.95,3.36,15.12,303.85
arabica,2024-11-18,1805.68,2.83,18.38,314.36
arabica,2024-11-19,1813.10,0.41,18.86,314.01
arabica,2024-11-21,1907.06,5.18,25.02,327.79
arabica,2024-11-22,1942.03,1.83,27.32,334.26
arabica,2024-11-25,1989.64,2.45,30.44,342.51
arabica,2024-11-26,2025.25,1.79,32.77,348.76
arabica,2024-11-27,2076.94,2.55,36.16,351.07
arabica,2024-11-28,2090.65,0.66,37.06,349.26
arabica,2024-11-29,2098.06,0.35,37.55,349.33
arabica,2024-12-02,2024.85,-3.49,-3.49,333.69
arabica,2024-12-03,1993.44,-1.55,-4.99,329.17
arabica,2024-12-04,2019.44,1.30,-3.75,334.40
arabica,2024-12-05,2059.02,1.96,-1.86,343.06
arabica,2024-12-06,2115.10,2.72,0.81,347.48
arabica,2024-12-09,2159.48,2.10,2.93,354.89
arabica,2024-12-10,2199.09,1.83,4.82,363.01
arabica,2024-12-11,2143.79,-2.51,2.18,356.47
arabica,2024-12-12,2142.30,-0.07,2.11,355.04
arabica,2024-12-13,2141.91,-0.02,2.09,354.50
arabica,2024-12-16,2155.75,0.65,2.75,354.27
arabica,2024-12-17,2178.34,1.05,3.83,358.04
arabica,2024-12-18,2221.59,1.99,5.89,355.91
arabica,2024-12-19,2236.68,0.68,6.61,365.71
arabica,2024-12-20,2236.76,0.00,6.61,369.10
arabica,2024-12-23,2230.14,-0.30,6.30,360.28
arabica,2024-12-26,2220.55,-0.43,5.84,359.49
arabica,2024-12-27,2235.80,0.69,6.57,361.08
arabica,2024-12-30,2228.79,-0.31,6.23,360.65
arabica,2025-01-02,2241.90,0.59,0.59,363.65
arabica,2025-01-03,2233.34,-0.38,0.20,361.27
arabica,2025-01-06,2239.58,0.28,0.48,366.36
arabica,2025-01-07,2234.26,-0.24,0.25,365.37
arabica,2025-01-08,2255.69,0.96,1.21,369.30
arabica,2025-01-09,2265.21,0.42,1.63,374.23
arabica,2025-01-10,2287.88,1.00,2.65,375.18
arabica,2025-01-13,2308.34,0.89,3.57,378.42
arabica,2025-01-14,2276.01,-1.40,2.12,376.39
arabica,2025-01-15,2316.65,1.79,3.94,384.82
arabica,2025-01-16,2286.51,-1.30,2.59,377.31
arabica,2025-01-17,2316.16,1.30,3.92,382.08
arabica,2025-01-20,2308.76,-0.32,3.59,381.99
arabica,2025-01-21,2315.53,0.29,3.89,383.87
arabica,2025-01-22,2359.45,1.90,5.86,397.28
arabica,2025-01-23,2398.06,1.64,7.59,405.28
arabica,2025-01-24,2387.85,-0.43,7.14,403.90
arabica,2025-01-27,2397.58,0.41,7.57,405.61
arabica,2025-01-28,2412.41,0.62,8.24,410.90
arabica,2025-01-29,2467.71,2.29,10.72,419.75
arabica,2025-01-30,2506.02,1.55,12.44,427.07
arabica,2025-01-31,2508.18,0.09,12.54,429.48
arabica,2025-02-03,2565.86,2.30,2.30,441.25
arabica,2025-02-04,2560.36,-0.21,2.08,443.89
arabica,2025-02-05,2617.72,2.24,4.37,452.19
arabica,2025-02-06,2666.28,1.86,6.30,462.17
arabica,2025-02-07,2654.96,-0.42,5.85,458.70
arabica,2025-02-10,2738.95,3.16,9.20,473.13
arabica,2025-02-11,2729.87,-0.33,8.84,473.20
arabica,2025-02-12,2769.45,1.45,10.42,480.81
arabica,2025-02-13,2766.37,-0.11,10.29,479.52
arabica,2025-02-14,2731.16,-1.27,8.89,478.90
arabica,2025-02-17,2698.73,-1.19,7.60,472.63
arabica,2025-02-18,2663.83,-1.29,6.21,467.99
arabica,2025-02-19,2700.86,1.39,7.68,472.34
arabica,2025-02-20,2627.64,-2.71,4.76,460.42
arabica,2025-02-21,2588.42,-1.49,3.20,451.89
arabica,2025-02-24,2545.30,-1.67,1.48,442.66
arabica,2025-02-25,2494.76,-1.99,-0.54,433.57
arabica,2025-02-26,2480.83,-0.56,-1.09,427.80
arabica,2025-02-27,2472.31,-0.34,-1.43,423.99
arabica,2025-02-28,2482.22,0.40,-1.04,420.36
arabica,2025-03-05,2612.63,5.25,5.25,453.90
arabica,2025-03-06,2543.07,-2.66,2.45,441.20
arabica,2025-03-07,2514.82,-1.11,1.31,434.19
arabica,2025-03-10,2525.06,0.41,1.73,431.34
arabica,2025-03-11,2561.17,1.43,3.18,440.97
arabica,2025-03-12,2532.40,-1.12,2.02,436.17
arabica,2025-03-13,2541.58,0.36,2.39,438.20
arabica,2025-03-14,2494.82,-1.84,0.51,434.56
arabica,2025-03-17,2520.22,1.02,1.53,444.25
arabica,2025-03-18,2509.06,-0.44,1.08,442.28
arabica,2025-03-19,2529.28,0.81,1.90,447.58
arabica,2025-03-20,2548.18,0.75,2.66,449.57
arabica,2025-03-21,2553.66,0.22,2.88,446.68
arabica,2025-03-24,2579.60,1.02,3.92,448.47
arabica,2025-03-25,2609.91,1.17,5.14,457.72
arabica,2025-03-26,2597.83,-0.46,4.66,452.98
arabica,2025-03-27,2544.62,-2.05,2.51,442.08
arabica,2025-03-28,2510.47,-1.34,1.14,436.00
arabica,2025-03-31,2521.21,0.43,1.57,441.85
arabica,2025-04-01,2559.28,1.51,1.51,450.18
arabica,2025-04-02,2561.84,0.10,1.61,449.92
arabica,2025-04-03,2546.39,-0.60,1.00,452.61
arabica,2025-04-04,2508.41,-1.49,-0.51,429.82
arabica,2025-04-07,2430.27,-3.12,-3.61,411.14
arabica,2025-04-08,2402.18,-1.16,-4.72,401.23
arabica,2025-04-09,2389.03,-0.55,-5.24,409.15
arabica,2025-04-10,2399.70,0.45,-4.82,406.45
arabica,2025-04-11,2423.80,1.00,-3.86,412.91
arabica,2025-04-14,2480.60,2.34,-1.61,423.96
arabica,2025-04-15,2496.83,0.65,-0.97,423.77
arabica,2025-04-16,2530.29,1.34,0.36,431.05
arabica,2025-04-17,2520.65,-0.38,-0.02,434.07
arabica,2025-04-22,2521.98,0.05,0.03,440.75
arabica,2025-04-23,2563.95,1.66,1.70,448.64
arabica,2025-04-24,2593.24,1.14,2.86,456.32
arabica,2025-04-25,2611.02,0.69,3.56,459.44
arabica,2025-04-28,2658.07,1.80,5.43,470.12
arabica,2025-04-29,2665.07,0.26,5.71,473.20
arabica,2025-04-30,2616.02,-1.84,3.76,461.22
arabica,2025-05-02,2588.62,-1.05,-1.05,457.76
arabica,2025-05-05,2580.32,-0.32,-1.36,453.64
arabica,2025-05-06,2589.71,0.36,-1.01,453.78
arabica,2025-05-07,2582.77,-0.27,-1.27,448.40
arabica,2025-05-08,2560.75,-0.85,-2.11,451.55
arabica,2025-05-09,2553.20,-0.29,-2.40,451.49
arabica,2025-05-12,2528.62,-0.96,-3.34,444.71
arabica,2025-05-13,2505.29,-0.92,-4.23,447.29
arabica,2025-05-14,2472.07,-1.33,-5.50,439.32
arabica,2025-05-15,2495.28,0.94,-4.62,439.16
arabica,2025-05-16,2473.66,-0.87,-5.44,436.43
arabica,2025-05-19,2496.07,0.91,-4.59,441.47
arabica,2025-05-20,2447.60,-1.94,-6.44,431.60
arabica,2025-05-21,2478.07,1.24,-5.27,438.60
arabica,2025-05-22,2445.92,-1.30,-6.50,432.91
arabica,2025-05-23,2418.36,-1.13,-7.56,427.73
arabica,2025-05-26,2423.72,0.22,-7.35,427.16
arabica,2025-05-27,2423.72,0.00,-7.35,429.05
arabica,2025-05-28,2397.62,-1.08,-8.35,421.15
arabica,2025-05-29,2372.99,-1.03,-9.29,418.59
arabica,2025-05-30,2335.77,-1.57,-10.71,408.49
arabica,2025-06-02,2316.40,-0.83,-0.83,407.67
arabica,2025-06-03,2267.09,-2.13,-2.94,401.89
arabica,2025-06-04,2267.41,0.01,-2.93,401.31
arabica,2025-06-05,2301.91,1.52,-1.45,411.72
arabica,2025-06-06,2316.32,0.63,-0.83,416.45
arabica,2025-06-09,2303.94,-0.53,-1.36,414.15
arabica,2025-06-10,2276.92,-1.17,-2.52,408.49
arabica,2025-06-11,2251.10,-1.13,-3.62,405.97
arabica,2025-06-12,2229.75,-0.95,-4.54,402.12
arabica,2025-06-13,2197.73,-1.44,-5.91,396.92
arabica,2025-06-16,2167.87,-1.36,-7.19,394.59
arabica,2025-06-17,2147.51,-0.94,-8.06,390.38
arabica,2025-06-18,2061.95,-3.98,-11.72,374.70
arabica,2025-06-20,1969.45,-4.49,-15.68,356.59
arabica,2025-06-23,1976.30,0.35,-15.39,358.94
arabica,2025-06-24,1935.67,-2.06,-17.13,351.05
arabica,2025-06-25,1917.30,-0.95,-17.92,345.09
arabica,2025-06-26,1905.98,-0.59,-18.40,346.42
arabica,2025-06-27,1877.02,-1.52,-19.64,342.15
arabica,2025-06-30,1834.36,-2.27,-21.47,337.82
arabica,2025-07-01,1807.41,-1.47,-1.47,330.85
arabica,2025-07-02,1779.95,-1.52,-2.97,328.16
arabica,2025-07-03,1742.20,-2.12,-5.02,321.91
arabica,2025-07-04,1736.94,-0.30,-5.31,320.23
arabica,2025-07-07,1682.70,-3.12,-8.27,307.12
arabica,2025-07-08,1685.98,0.19,-8.09,309.58
arabica,2025-07-09,1685.52,-0.03,-8.11,306.85
arabica,2025-07-10,1721.50,2.13,-6.15,310.68
arabica,2025-07-11,1728.48,0.41,-5.77,311.61
arabica,2025-07-14,1783.70,3.19,-2.76,319.37
arabica,2025-07-15,1785.02,0.07,-2.69,320.93
arabica,2025-07-16,1820.36,1.98,-0.76,327.29
arabica,2025-07-17,1815.89,-0.25,-1.01,327.37
arabica,2025-07-18,1825.66,0.54,-0.47,326.83
arabica,2025-07-21,1803.32,-1.22,-1.69,323.87
arabica,2025-07-22,1801.66,-0.09,-1.78,323.69
arabica,2025-07-23,1818.16,0.92,-0.88,329.20
arabica,2025-07-24,1824.52,0.35,-0.54,330.65
arabica,2025-07-25,1809.56,-0.82,-1.35,325.05
arabica,2025-07-28,1822.71,0.73,-0.64,325.72
arabica,2025-07-29,1801.23,-1.18,-1.81,323.44
arabica,2025-07-30,1797.02,-0.23,-2.04,322.39
arabica,2025-07-31,1811.87,0.83,-1.23,323.49
arabica,2025-08-01,1772.27,-2.19,-2.19,319.39
arabica,2025-08-04,1771.03,-0.07,-2.25,321.60
arabica,2025-08-05,1799.43,1.60,-0.69,326.75
arabica,2025-08-06,1785.07,-0.80,-1.48,326.76
arabica,2025-08-07,1790.66,0.31,-1.17,329.47
arabica,2025-08-08,1814.70,1.34,0.16,333.52
arabica,2025-08-11,1859.12,2.45,2.61,341.37
arabica,2025-08-12,1839.05,-1.08,1.50,341.20
arabica,2025-08-13,1877.86,2.11,3.64,347.49
arabica,2025-08-14,1893.31,0.82,4.49,349.51
arabica,2025-08-15,1942.14,2.58,7.19,359.79
arabica,2025-08-18,1972.55,1.57,8.87,363.07
arabica,2025-08-19,2031.55,2.99,12.12,369.30
arabica,2025-08-20,2134.15,5.05,17.79,389.94
arabica,2025-08-21,2181.57,2.22,20.40,398.10
arabica,2025-08-22,2228.39,2.15,22.99,410.76
arabica,2025-08-25,2287.56,2.66,26.25,422.45
arabica,2025-08-26,2265.81,-0.95,25.05,416.89
arabica,2025-08-27,2299.66,1.49,26.92,424.21
arabica,2025-08-28,2301.68,0.09,27.03,425.84
arabica,2025-08-29,2323.06,0.93,28.21,428.61
arabica,2025-09-01,2332.86,0.42,0.42,428.44
arabica,2025-09-02,2299.01,-1.45,-1.04,419.91
arabica,2025-09-03,2300.20,0.05,-0.98,421.44
arabica,2025-09-04,2292.66,-0.33,-1.31,420.98
arabica,2025-09-05,2277.03,-0.68,-1.98,421.36
arabica,2025-09-08,2300.17,1.02,-0.99,424.46
arabica,2025-09-09,2318.81,0.81,-0.18,426.72
arabica,2025-09-10,2333.43,0.63,0.45,431.48
arabica,2025-09-11,2325.54,-0.34,0.11,431.13
arabica,2025-09-12,2345.68,0.87,0.97,438.03
arabica,2025-09-15,2376.04,1.29,2.28,446.79
arabica,2025-09-16,2358.64,-0.73,1.53,445.19
arabica,2025-09-17,2237.29,-5.14,-3.69,422.21
arabica,2025-09-18,2215.26,-0.98,-4.64,417.19
arabica,2025-09-19,2147.29,-3.07,-7.57,403.63
arabica,2025-09-22,2133.08,-0.66,-8.18,399.68
arabica,2025-09-23,2055.69,-3.63,-11.51,388.97
arabica,2025-09-24,2075.25,0.95,-10.67,389.57
arabica,2025-09-25,2121.88,2.25,-8.66,395.28
arabica,2025-09-26,2124.03,0.10,-8.57,397.76
arabica,2025-09-29,2134.16,0.48,-8.13,401.31
arabica,2025-09-30,2127.50,-0.31,-8.42,399.61
arabica,2025-10-01,2163.99,1.72,1.72,406.69
arabica,2025-10-02,2147.82,-0.75,0.96,402.21
arabica,2025-10-03,2184.71,1.72,2.69,409.89
arabica,2025-10-06,2169.21,-0.71,1.96,408.44
arabica,2025-10-07,2176.74,0.35,2.31,407.02
arabica,2025-10-08,2186.03,0.43,2.75,409.06
arabica,2025-10-09,2182.41,-0.17,2.58,405.80
arabica,2025-10-10,2191.74,0.43,3.02,398.57
arabica,2025-10-13,2219.96,1.29,4.35,406.73
arabica,2025-10-14,2301.24,3.66,8.17,421.01
arabica,2025-10-15,2314.21,0.56,8.78,424.08
arabica,2025-10-16,2269.67,-1.92,6.68,416.68
arabica,2025-10-17,2262.88,-0.30,6.36,418.59
arabica,2025-10-20,2275.55,0.56,6.96,423.52
arabica,2025-10-21,2300.49,1.10,8.13,426.89
arabica,2025-10-22,2323.66,1.01,9.22,430.23
arabica,2025-10-23,2307.60,-0.69,8.47,428.44
arabica,2025-10-24,2289.68,-0.78,7.62,424.64
arabica,2025-10-27,2266.09,-1.03,6.51,421.83
arabica,2025-10-28,2214.00,-2.30,4.07,413.06
arabica,2025-10-29,2217.39,0.15,4.23,413.23
arabica,2025-10-30,2210.41,-0.31,3.90,411.01
arabica,2025-10-31,2206.59,-0.17,3.72,410.07
arabica,2025-11-03,2253.33,2.12,2.12,420.71
arabica,2025-11-04,2272.55,0.85,2.99,421.00
arabica,2025-11-05,2305.83,1.46,4.50,430.27
arabica,2025-11-06,2250.02,-2.42,1.97,420.72
arabica,2025-11-07,2290.64,1.81,3.81,429.12
arabica,2025-11-10,2291.24,0.03,3.84,431.74
arabica,2025-11-11,2294.47,0.14,3.98,435.38
arabica,2025-11-12,2241.18,-2.32,1.57,423.42
arabica,2025-11-13,2218.70,-1.00,0.55,418.86
arabica,2025-11-14,2204.71,-0.63,-0.09,416.06
arabica,2025-11-17,2207.42,0.12,0.04,414.46
arabica,2025-11-18,2231.54,1.09,1.13,419.62
arabica,2025-11-19,2232.10,0.03,1.16,418.15
arabica,2025-11-21,2181.70,-2.26,-1.13,404.24
arabica,2025-11-24,2198.88,0.79,-0.35,407.65
arabica,2025-11-25,2250.10,2.33,1.97,418.55
arabica,2025-11-26,2239.07,-0.49,1.47,419.62
arabica,2025-11-27,2241.53,0.11,1.58,418.67
arabica,2025-11-28,2252.95,0.51,2.10,422.53
arabica,2025-12-01,2233.34,-0.87,-0.87,416.74
arabica,2025-12-02,2231.43,-0.09,-0.96,418.50
arabica,2025-12-03,2217.50,-0.62,-1.57,417.45
arabica,2025-12-04,2235.73,0.82,-0.76,421.12
arabica,2025-12-05,2217.02,-0.84,-1.59,406.35
arabica,2025-12-08,2223.46,0.29,-1.31,409.93
arabica,2025-12-09,2241.23,0.80,-0.52,412.07
arabica,2025-12-10,2258.89,0.79,0.26,412.36
arabica,2025-12-11,2283.45,1.09,1.35,422.78
arabica,2025-12-12,2253.93,-1.29,0.04,416.39
arabica,2025-12-15,2217.30,-1.63,-1.58,408.94
arabica,2025-12-16,2175.81,-1.87,-3.42,398.06
arabica,2025-12-17,2158.72,-0.79,-4.18,390.93
arabica,2025-12-18,2149.88,-0.41,-4.57,389.40
arabica,2025-12-19,2135.34,-0.68,-5.22,386.21
arabica,2025-12-22,2159.06,1.11,-4.17,386.79
arabica,2025-12-23,2162.00,0.14,-4.04,390.39
arabica,2025-12-26,2167.55,0.26,-3.79,390.97
arabica,2025-12-29,2176.02,0.39,-3.41,390.04
arabica,2025-12-30,2174.74,-0.06,-3.47,396.27
arabica,2026-01-02,2171.95,-0.13,-0.13,400.58
arabica,2026-01-05,2191.97,0.92,0.79,405.77
arabica,2026-01-06,2237.54,2.08,2.89,416.05
arabica,2026-01-07,2263.04,1.14,4.06,419.94
arabica,2026-01-08,2266.21,0.14,4.21,420.37
arabica,2026-01-09,2225.39,-1.80,2.33,414.64
arabica,2026-01-12,2205.19,-0.91,1.40,410.65
arabica,2026-01-13,2216.15,0.50,1.90,411.92
arabica,2026-01-14,2196.97,-0.87,1.02,406.92
arabica,2026-01-15,2201.88,0.22,1.25,410.65
arabica,2026-01-16,2180.20,-0.98,0.25,405.84
arabica,2026-01-19,2184.18,0.18,0.43,407.19
arabica,2026-01-20,2146.33,-1.73,-1.31,399.09
arabica,2026-01-21,2135.90,-0.49,-1.79,401.56
arabica,2026-01-22,2107.84,-1.31,-3.08,398.99
arabica,2026-01-23,2135.31,1.30,-1.81,403.88
arabica,2026-01-26,2144.25,0.42,-1.40,406.03
arabica,2026-01-27,2185.59,1.93,0.50,419.90
arabica,2026-01-28,2156.49,-1.33,-0.84,413.44
arabica,2026-01-29,2108.35,-2.23,-3.05,406.08
arabica,2026-01-30,2094.55,-0.65,-3.69,398.89
arabica,2026-02-02,2060.33,-1.63,-1.63,390.73
arabica,2026-02-03,1971.48,-4.31,-5.88,376.31
arabica,2026-02-04,1931.50,-2.03,-7.78,367.14
arabica,2026-02-05,1916.31,-0.79,-8.51,364.80
arabica,2026-02-06,1884.66,-1.65,-10.02,361.05
arabica,2026-02-09,1861.69,-1.22,-11.12,358.85
arabica,2026-02-10,1861.64,-0.00,-11.12,357.94
arabica,2026-02-11,1863.80,0.12,-11.02,359.39
arabica,2026-02-12,1891.03,1.46,-9.72,363.52
arabica,2026-02-13,1901.38,0.55,-9.22,363.90
arabica,2026-02-18,1862.40,-2.05,-11.08,355.08
arabica,2026-02-19,1818.91,-2.34,-13.16,348.12
arabica,2026-02-20,1806.48,-0.68,-13.75,348.81
arabica,2026-02-23,1781.98,-1.36,-14.92,344.81
arabica,2026-02-24,1811.91,1.68,-13.49,351.49
arabica,2026-02-25,1796.00,-0.88,-14.25,350.30
arabica,2026-02-26,1796.15,0.01,-14.25,349.17
arabica,2026-02-27,1797.61,0.08,-14.18,349.93
arabica,2026-03-02,1840.71,2.40,2.40,356.11
arabica,2026-03-03,1853.29,0.68,3.10,351.60
arabica,2026-03-04,1859.96,0.36,3.47,356.38
arabica,2026-03-05,1874.79,0.80,4.29,354.94
arabica,2026-03-06,1913.12,2.04,6.43,364.40
arabica,2026-03-09,1929.37,0.85,7.33,373.04
arabica,2026-03-10,1918.60,-0.56,6.73,371.75
arabica,2026-03-11,1872.75,-2.39,4.18,362.66
arabica,2026-03-12,1901.07,1.51,5.76,363.01
arabica,2026-03-13,1878.47,-1.19,4.50,353.56
arabica,2026-03-16,1908.03,1.57,6.14,364.82
arabica,2026-03-17,1927.15,1.00,7.21,370.18
arabica,2026-03-18,1917.02,-0.53,6.64,366.68
arabica,2026-03-19,1924.51,0.39,7.06,369.03
arabica,2026-03-20,1962.67,1.98,9.18,368.99
arabica,2026-03-23,1963.83,0.06,9.25,375.28
arabica,2026-03-24,1979.36,0.79,10.11,376.52
arabica,2026-03-25,1977.91,-0.07,10.03,378.84
arabica,2026-03-26,1968.47,-0.48,9.50,375.23
arabica,2026-03-27,1947.89,-1.05,8.36,371.52
arabica,2026-03-30,1898.90,-2.52,5.63,361.01
arabica,2026-03-31,1887.79,-0.59,5.02,363.67
arabica,2026-04-01,1880.08,-0.41,-0.41,364.50
arabica,2026-04-02,1870.64,-0.50,-0.91,362.39
arabica,2026-04-06,1885.21,0.78,-0.14,366.20
arabica,2026-04-07,1821.69,-3.37,-3.50,352.97
arabica,2026-04-08,1829.20,0.41,-3.10,357.90
arabica,2026-04-09,1821.38,-0.43,-3.52,359.60
arabica,2026-04-10,1814.56,-0.37,-3.88,362.26
arabica,2026-04-13,1821.25,0.37,-3.52,364.47
arabica,2026-04-14,1814.65,-0.36,-3.87,363.66
arabica,2026-04-15,1822.96,0.46,-3.43,365.18
arabica,2026-04-16,1800.72,-1.22,-4.61,360.65
arabica,2026-04-17,1765.66,-1.95,-6.47,354.34
arabica,2026-04-20,1775.85,0.58,-5.93,357.03
arabica,2026-04-22,1770.08,-0.32,-6.24,355.94
arabica,2026-04-23,1817.26,2.67,-3.74,362.80
arabica,2026-04-24,1831.26,0.77,-2.99,366.33
arabica,2026-04-27,1784.03,-2.58,-5.50,358.24
arabica,2026-04-28,1774.88,-0.51,-5.98,356.40
arabica,2026-04-29,1774.50,-0.02,-6.00,354.40
arabica,2026-04-30,1761.57,-0.73,-6.69,355.37
arabica,2026-05-04,1759.77,-0.10,-0.10,354.22
arabica,2026-05-05,1758.67,-0.06,-0.16,358.04
arabica,2026-05-06,1744.04,-0.83,-1.00,354.55
arabica,2026-05-07,1704.29,-2.28,-3.25,346.26
arabica,2026-05-08,1669.93,-2.02,-5.20,341.22
arabica,2026-05-11,1716.30,2.78,-2.57,350.55
arabica,2026-05-12,1673.43,-2.50,-5.00,341.94
arabica,2026-05-13,1687.47,0.84,-4.21,337.56
arabica,2026-05-14,1646.98,-2.40,-6.50,330.26
arabica,2026-05-15,1637.88,-0.55,-7.02,323.44
robusta,2001-11-08,55.76,,,21.75
robusta,2001-11-09,56.02,0.47,,22.06
robusta,2001-11-12,55.65,-0.66,,21.81
robusta,2001-11-13,55.61,-0.07,,22.05
robusta,2001-11-14,56.14,0.95,,22.06
robusta,2001-11-16,56.68,0.96,,22.42
robusta,2001-11-19,55.53,-2.03,,22.03
robusta,2001-11-20,55.61,0.14,,21.77
robusta,2001-11-21,55.74,0.23,,21.91
robusta,2001-11-22,55.87,0.23,,22.05
robusta,2001-11-23,55.74,-0.23,,22.26
robusta,2001-11-26,56.41,1.20,,22.75
robusta,2001-11-27,55.59,-1.45,,22.49
robusta,2001-11-28,55.36,-0.41,,22.29
robusta,2001-11-29,55.59,0.42,,21.89
robusta,2001-11-30,55.50,-0.16,,22.24
robusta,2001-12-03,55.42,-0.14,-0.14,22.59
robusta,2001-12-04,54.50,-1.66,-1.80,22.36
robusta,2001-12-05,53.46,-1.91,-3.68,21.94
robusta,2001-12-06,53.60,0.26,-3.42,22.15
robusta,2001-12-07,53.12,-0.90,-4.29,22.20
robusta,2001-12-10,52.75,-0.70,-4.95,22.62
robusta,2001-12-11,52.42,-0.63,-5.55,22.03
robusta,2001-12-12,52.25,-0.32,-5.86,22.04
robusta,2001-12-13,52.06,-0.36,-6.20,21.93
robusta,2001-12-14,51.84,-0.42,-6.59,21.81
robusta,2001-12-17,51.26,-1.12,-7.64,21.76
robusta,2001-12-18,50.80,-0.90,-8.47,21.85
robusta,2001-12-19,49.80,-1.97,-10.27,21.70
robusta,2001-12-20,49.60,-0.40,-10.63,21.25
robusta,2001-12-21,50.10,1.01,-9.73,21.43
robusta,2001-12-26,49.27,-1.66,-11.23,21.22
robusta,2001-12-27,49.02,-0.51,-11.68,21.04
robusta,2001-12-28,49.73,1.45,-10.40,21.47
robusta,2002-01-02,49.61,-0.24,-0.24,21.53
robusta,2002-01-03,49.59,-0.04,-0.28,21.61
robusta,2002-01-04,49.79,0.40,0.12,21.35
robusta,2002-01-07,50.10,0.62,0.74,21.50
robusta,2002-01-08,49.92,-0.36,0.38,21.03
robusta,2002-01-09,51.28,2.72,3.12,21.59
robusta,2002-01-10,51.66,0.74,3.88,21.33
robusta,2002-01-11,50.92,-1.43,2.39,21.20
robusta,2002-01-14,50.95,0.06,2.45,21.27
robusta,2002-01-15,51.68,1.43,3.92,21.77
robusta,2002-01-16,51.81,0.25,4.18,21.88
robusta,2002-01-17,51.57,-0.46,3.70,21.66
robusta,2002-01-18,51.53,-0.08,3.62,21.78
robusta,2002-01-21,51.68,0.29,3.92,21.77
robusta,2002-01-22,51.08,-1.16,2.71,21.45
robusta,2002-01-23,50.81,-0.53,2.17,21.31
robusta,2002-01-24,50.97,0.31,2.49,21.25
robusta,2002-01-25,50.70,-0.53,1.95,21.01
robusta,2002-01-28,50.65,-0.10,1.85,20.89
robusta,2002-01-29,50.53,-0.24,1.61,20.72
robusta,2002-01-30,49.87,-1.31,0.28,20.50
robusta,2002-01-31,49.64,-0.46,-0.18,20.56
robusta,2002-02-01,49.50,-0.28,-0.28,20.48
robusta,2002-02-04,49.18,-0.65,-0.93,20.27
robusta,2002-02-05,48.88,-0.61,-1.53,20.17
robusta,2002-02-06,48.64,-0.49,-2.01,19.97
robusta,2002-02-07,48.53,-0.23,-2.24,19.70
robusta,2002-02-08,48.50,-0.06,-2.30,19.72
robusta,2002-02-13,48.58,0.16,-2.14,20.15
robusta,2002-02-14,48.51,-0.14,-2.28,19.96
robusta,2002-02-15,48.67,0.33,-1.95,20.05
robusta,2002-02-18,48.85,0.37,-1.59,20.13
robusta,2002-02-19,48.89,0.08,-1.51,20.17
robusta,2002-02-20,49.31,0.86,-0.66,20.29
robusta,2002-02-21,50.50,2.41,1.73,20.85
robusta,2002-02-22,50.81,0.61,2.36,20.93
robusta,2002-02-25,50.26,-1.08,1.25,20.85
robusta,2002-02-26,50.37,0.22,1.47,21.04
robusta,2002-02-27,50.18,-0.38,1.09,21.04
robusta,2002-02-28,50.92,1.47,2.58,21.70
robusta,2002-03-01,50.63,-0.57,-0.57,21.59
robusta,2002-03-04,51.67,2.05,1.47,22.22
robusta,2002-03-05,52.10,0.83,2.32,22.34
robusta,2002-03-06,52.06,-0.08,2.24,21.98
robusta,2002-03-07,53.98,3.69,6.01,22.75
robusta,2002-03-08,54.75,1.43,7.52,23.29
robusta,2002-03-11,58.82,7.43,15.51,24.94
robusta,2002-03-12,59.48,1.12,16.81,25.52
robusta,2002-03-13,57.29,-3.68,12.51,24.39
robusta,2002-03-14,55.72,-2.74,9.43,23.76
robusta,2002-03-15,54.79,-1.67,7.60,23.23
robusta,2002-03-18,52.09,-4.93,2.30,22.25
robusta,2002-03-19,53.63,2.96,5.32,22.89
robusta,2002-03-20,57.53,7.27,12.98,24.53
robusta,2002-03-21,56.76,-1.34,11.47,24.21
robusta,2002-03-22,57.35,1.04,12.63,24.41
robusta,2002-03-25,56.69,-1.15,11.33,23.97
robusta,2002-03-26,57.45,1.34,12.82,24.49
robusta,2002-03-27,58.28,1.44,14.45,24.85
robusta,2002-03-28,59.75,2.52,17.34,25.70
robusta,2002-04-01,59.08,-1.12,-1.12,25.64
robusta,2002-04-02,60.94,3.15,1.99,26.51
robusta,2002-04-03,59.76,-1.94,0.02,25.86
robusta,2002-04-04,58.88,-1.47,-1.46,25.58
robusta,2002-04-05,57.86,-1.73,-3.16,25.38
robusta,2002-04-08,56.94,-1.59,-4.70,24.83
robusta,2002-04-09,58.34,2.46,-2.36,25.59
robusta,2002-04-10,58.49,0.26,-2.11,25.80
robusta,2002-04-11,57.23,-2.15,-4.22,25.06
robusta,2002-04-12,56.12,-1.94,-6.08,24.36
robusta,2002-04-15,56.55,0.77,-5.36,24.35
robusta,2002-04-16,56.29,-0.46,-5.79,24.25
robusta,2002-04-17,56.08,-0.37,-6.14,24.13
robusta,2002-04-18,57.43,2.41,-3.88,24.67
robusta,2002-04-19,56.26,-2.04,-5.84,24.20
robusta,2002-04-22,56.44,0.32,-5.54,24.10
robusta,2002-04-23,57.19,1.33,-4.28,24.22
robusta,2002-04-24,57.33,0.24,-4.05,24.31
robusta,2002-04-25,56.52,-1.41,-5.41,23.91
robusta,2002-04-26,56.59,0.12,-5.29,23.86
robusta,2002-04-29,56.11,-0.85,-6.09,23.74
robusta,2002-04-30,56.73,1.10,-5.05,24.02
robusta,2002-05-02,57.06,0.58,0.58,23.80
robusta,2002-05-03,57.49,0.75,1.34,23.86
robusta,2002-05-06,57.42,-0.12,1.22,23.72
robusta,2002-05-07,58.22,1.39,2.63,23.91
robusta,2002-05-08,58.17,-0.09,2.54,23.85
robusta,2002-05-09,55.99,-3.75,-1.30,22.64
robusta,2002-05-10,56.46,0.84,-0.48,22.88
robusta,2002-05-13,56.69,0.41,-0.07,22.49
robusta,2002-05-14,57.15,0.81,0.74,22.68
robusta,2002-05-15,57.60,0.79,1.53,22.98
robusta,2002-05-16,58.00,0.69,2.24,23.51
robusta,2002-05-17,58.07,0.12,2.36,23.45
robusta,2002-05-20,59.60,2.63,5.06,23.99
robusta,2002-05-21,60.92,2.21,7.39,24.54
robusta,2002-05-22,59.39,-2.51,4.69,23.52
robusta,2002-05-23,59.44,0.08,4.78,23.50
robusta,2002-05-24,59.52,0.13,4.92,23.61
robusta,2002-05-27,59.79,0.45,5.39,23.65
robusta,2002-05-28,60.05,0.43,5.85,23.75
robusta,2002-05-29,61.17,1.87,7.83,24.33
robusta,2002-05-31,61.48,0.51,8.37,24.44
robusta,2002-06-03,61.59,0.18,0.18,24.29
robusta,2002-06-04,61.74,0.24,0.42,23.77
robusta,2002-06-05,63.72,3.21,3.64,24.42
robusta,2002-06-06,64.89,1.84,5.55,24.39
robusta,2002-06-07,65.49,0.92,6.52,24.44
robusta,2002-06-10,64.13,-2.08,4.31,24.33
robusta,2002-06-11,64.99,1.34,5.71,23.96
robusta,2002-06-12,65.58,0.91,6.67,23.46
robusta,2002-06-13,66.10,0.79,7.51,24.39
robusta,2002-06-14,64.74,-2.06,5.30,23.83
robusta,2002-06-17,65.05,0.48,5.81,24.43
robusta,2002-06-18,64.92,-0.20,5.60,23.92
robusta,2002-06-19,65.76,1.29,6.96,24.29
robusta,2002-06-20,66.26,0.76,7.77,23.95
robusta,2002-06-21,67.05,1.19,9.06,24.03
robusta,2002-06-24,68.04,1.48,10.67,24.47
robusta,2002-06-25,68.30,0.38,11.09,24.18
robusta,2002-06-26,68.61,0.45,11.60,23.81
robusta,2002-06-27,69.27,0.96,12.67,24.26
robusta,2002-06-28,68.32,-1.37,11.13,23.95
robusta,2002-07-01,68.79,0.69,0.69,23.75
robusta,2002-07-02,70.16,1.99,2.69,24.26
robusta,2002-07-03,69.40,-1.08,1.58,24.22
robusta,2002-07-04,69.37,-0.04,1.54,24.35
robusta,2002-07-05,69.87,0.72,2.27,24.34
robusta,2002-07-08,69.52,-0.50,1.76,24.30
robusta,2002-07-10,69.62,0.14,1.90,24.42
robusta,2002-07-11,71.13,2.17,4.11,25.48
robusta,2002-07-12,70.59,-0.76,3.32,25.11
robusta,2002-07-15,68.22,-3.36,-0.15,23.92
robusta,2002-07-16,68.93,1.04,0.89,24.00
robusta,2002-07-17,70.05,1.62,2.53,24.18
robusta,2002-07-18,69.34,-1.01,1.49,24.32
robusta,2002-07-19,69.37,0.04,1.54,24.17
robusta,2002-07-22,69.56,0.27,1.81,23.96
robusta,2002-07-23,69.67,0.16,1.98,23.86
robusta,2002-07-24,69.68,0.01,1.99,23.65
robusta,2002-07-25,70.24,0.80,2.81,23.45
robusta,2002-07-26,70.34,0.14,2.96,23.35
robusta,2002-07-29,69.54,-1.14,1.79,21.83
robusta,2002-07-30,70.45,1.31,3.12,21.35
robusta,2002-07-31,71.78,1.89,5.06,20.68
robusta,2002-08-01,71.39,-0.54,-0.54,22.59
robusta,2002-08-02,71.76,0.52,-0.03,23.84
robusta,2002-08-05,71.39,-0.52,-0.54,22.56
robusta,2002-08-06,72.42,1.44,0.89,23.25
robusta,2002-08-07,71.49,-1.28,-0.40,23.67
robusta,2002-08-08,70.83,-0.92,-1.32,24.30
robusta,2002-08-09,70.47,-0.51,-1.83,23.26
robusta,2002-08-12,71.07,0.85,-0.99,22.52
robusta,2002-08-13,71.66,0.83,-0.17,22.64
robusta,2002-08-14,72.18,0.73,0.56,22.52
robusta,2002-08-15,72.27,0.12,0.68,22.51
robusta,2002-08-16,71.83,-0.61,0.07,22.98
robusta,2002-08-19,72.03,0.28,0.35,23.20
robusta,2002-08-20,72.17,0.19,0.54,23.28
robusta,2002-08-21,72.25,0.11,0.65,23.42
robusta,2002-08-22,73.11,1.19,1.85,23.25
robusta,2002-08-23,73.32,0.29,2.15,23.55
robusta,2002-08-26,72.83,-0.67,1.46,23.57
robusta,2002-08-27,73.15,0.44,1.91,23.33
robusta,2002-08-28,75.58,3.32,5.29,24.22
robusta,2002-08-29,75.72,0.19,5.49,24.63
robusta,2002-08-30,75.59,-0.17,5.31,25.11
robusta,2002-09-02,76.84,1.65,1.65,25.09
robusta,2002-09-03,78.51,2.17,3.86,25.32
robusta,2002-09-04,84.48,7.60,11.76,27.12
robusta,2002-09-05,85.04,0.66,12.50,26.98
robusta,2002-09-06,86.25,1.42,14.10,27.30
robusta,2002-09-09,91.50,6.09,21.05,29.48
robusta,2002-09-10,91.48,-0.02,21.02,29.15
robusta,2002-09-11,93.48,2.19,23.67,30.10
robusta,2002-09-12,96.16,2.87,27.21,30.76
robusta,2002-09-13,96.54,0.40,27.72,30.55
robusta,2002-09-16,99.29,2.85,31.35,30.87
robusta,2002-09-17,100.85,1.57,33.42,31.03
robusta,2002-09-18,98.80,-2.03,30.71,29.45
robusta,2002-09-19,94.96,-3.89,25.63,27.52
robusta,2002-09-20,93.41,-1.63,23.57,27.43
robusta,2002-09-23,94.98,1.68,25.65,26.57
robusta,2002-09-24,98.93,4.16,30.88,26.17
robusta,2002-09-25,103.31,4.43,36.67,28.19
robusta,2002-09-26,105.06,1.69,38.99,27.94
robusta,2002-09-27,106.14,1.03,40.42,27.39
robusta,2002-09-30,106.41,0.25,40.77,28.30
robusta,2002-10-01,108.39,1.86,1.86,30.02
robusta,2002-10-02,105.83,-2.36,-0.55,28.92
robusta,2002-10-03,107.90,1.96,1.40,29.20
robusta,2002-10-04,103.13,-4.42,-3.08,28.49
robusta,2002-10-07,100.63,-2.42,-5.43,26.94
robusta,2002-10-08,105.89,5.23,-0.49,28.43
robusta,2002-10-09,108.18,2.16,1.66,27.92
robusta,2002-10-10,110.90,2.51,4.22,27.79
robusta,2002-10-11,111.23,0.30,4.53,29.12
robusta,2002-10-14,113.73,2.25,6.88,29.54
robusta,2002-10-15,123.17,8.30,15.75,31.99
robusta,2002-10-16,119.18,-3.24,12.00,30.40
robusta,2002-10-17,117.95,-1.03,10.84,30.20
robusta,2002-10-18,116.10,-1.57,9.11,29.96
robusta,2002-10-21,119.21,2.68,12.03,30.45
robusta,2002-10-22,122.53,2.79,15.15,31.34
robusta,2002-10-23,120.70,-1.49,13.43,30.83
robusta,2002-10-24,123.76,2.54,16.30,32.57
robusta,2002-10-25,123.69,-0.06,16.24,33.16
robusta,2002-10-28,118.89,-3.88,11.73,31.45
robusta,2002-10-29,117.70,-1.00,10.61,30.73
robusta,2002-10-30,117.97,0.23,10.86,31.75
robusta,2002-10-31,118.67,0.59,11.52,32.69
robusta,2002-11-01,116.31,-1.99,-1.99,32.31
robusta,2002-11-04,116.51,0.17,-1.82,32.91
robusta,2002-11-05,119.32,2.41,0.55,33.85
robusta,2002-11-06,121.05,1.45,2.01,33.12
robusta,2002-11-07,127.44,5.28,7.39,35.40
robusta,2002-11-08,127.14,-0.24,7.14,35.81
robusta,2002-11-11,125.46,-1.32,5.72,35.69
robusta,2002-11-12,123.76,-1.36,4.29,34.28
robusta,2002-11-13,129.54,4.67,9.16,35.69
robusta,2002-11-14,132.76,2.49,11.87,36.03
robusta,2002-11-18,141.07,6.26,18.88,39.63
robusta,2002-11-19,140.02,-0.74,17.99,39.39
robusta,2002-11-20,144.29,3.05,21.59,41.05
robusta,2002-11-21,142.54,-1.21,20.11,40.44
robusta,2002-11-22,147.44,3.44,24.24,41.42
robusta,2002-11-25,146.12,-0.90,23.13,41.28
robusta,2002-11-26,147.41,0.88,24.22,40.83
robusta,2002-11-27,149.19,1.21,25.72,41.56
robusta,2002-11-28,149.26,0.05,25.78,41.35
robusta,2002-11-29,151.12,1.25,27.34,41.29
robusta,2002-12-02,151.56,0.29,0.29,41.77
robusta,2002-12-03,152.62,0.70,0.99,41.36
robusta,2002-12-04,152.12,-0.33,0.66,40.84
robusta,2002-12-05,153.70,1.04,1.71,40.77
robusta,2002-12-06,153.17,-0.34,1.36,40.85
robusta,2002-12-09,149.88,-2.15,-0.82,39.60
robusta,2002-12-10,153.54,2.44,1.60,40.35
robusta,2002-12-11,149.90,-2.37,-0.81,39.66
robusta,2002-12-12,140.57,-6.22,-6.98,37.14
robusta,2002-12-13,139.55,-0.73,-7.66,37.41
robusta,2002-12-16,139.12,-0.31,-7.94,38.64
robusta,2002-12-17,142.08,2.13,-5.98,39.74
robusta,2002-12-18,145.76,2.59,-3.55,41.41
robusta,2002-12-19,146.19,0.30,-3.26,41.95
robusta,2002-12-20,144.83,-0.93,-4.16,41.50
robusta,2002-12-23,145.90,0.74,-3.45,41.57
robusta,2002-12-26,143.29,-1.79,-5.18,40.14
robusta,2002-12-27,143.76,0.33,-4.87,40.61
robusta,2002-12-30,142.91,-0.59,-5.43,40.26
robusta,2003-01-02,146.32,2.39,2.39,41.45
robusta,2003-01-03,147.56,0.85,3.25,42.83
robusta,2003-01-06,145.25,-1.57,1.64,43.36
robusta,2003-01-07,147.85,1.79,3.46,44.80
robusta,2003-01-08,145.99,-1.26,2.16,43.97
robusta,2003-01-09,144.92,-0.73,1.41,43.72
robusta,2003-01-10,145.75,0.57,1.99,44.23
robusta,2003-01-13,143.83,-1.32,0.64,43.45
robusta,2003-01-14,143.96,0.09,0.73,44.16
robusta,2003-01-15,142.44,-1.06,-0.33,42.80
robusta,2003-01-16,142.52,0.06,-0.27,43.06
robusta,2003-01-17,145.02,1.75,1.48,42.97
robusta,2003-01-20,147.75,1.88,3.39,43.38
robusta,2003-01-21,149.66,1.29,4.72,43.01
robusta,2003-01-22,157.62,5.32,10.29,44.84
robusta,2003-01-23,161.04,2.17,12.69,45.62
robusta,2003-01-24,162.51,0.91,13.71,44.83
robusta,2003-01-27,162.77,0.16,13.90,44.97
robusta,2003-01-28,162.78,0.01,13.90,44.72
robusta,2003-01-29,163.60,0.50,14.48,45.38
robusta,2003-01-30,158.78,-2.95,11.10,44.60
robusta,2003-01-31,161.41,1.66,12.95,45.86
robusta,2003-02-03,161.85,0.27,0.27,46.05
robusta,2003-02-04,160.85,-0.62,-0.35,45.06
robusta,2003-02-05,158.73,-1.32,-1.66,44.56
robusta,2003-02-06,160.54,1.14,-0.54,44.69
robusta,2003-02-07,162.55,1.25,0.71,45.28
robusta,2003-02-10,160.94,-0.99,-0.29,44.89
robusta,2003-02-11,159.89,-0.65,-0.94,44.64
robusta,2003-02-12,158.45,-0.90,-1.83,43.95
robusta,2003-02-13,153.81,-2.93,-4.71,42.02
robusta,2003-02-14,152.70,-0.72,-5.40,41.66
robusta,2003-02-17,151.44,-0.83,-6.18,41.83
robusta,2003-02-18,147.60,-2.54,-8.56,41.11
robusta,2003-02-19,145.58,-1.37,-9.81,40.27
robusta,2003-02-20,148.48,1.99,-8.01,41.07
robusta,2003-02-21,146.82,-1.12,-9.04,40.54
robusta,2003-02-24,139.91,-4.71,-13.32,39.02
robusta,2003-02-25,141.93,1.44,-12.07,39.37
robusta,2003-02-26,140.51,-1.00,-12.95,39.23
robusta,2003-02-27,141.48,0.69,-12.35,39.69
robusta,2003-02-28,139.63,-1.31,-13.49,39.11
robusta,2003-03-05,136.08,-2.54,-2.54,38.30
robusta,2003-03-06,136.05,-0.02,-2.56,38.87
robusta,2003-03-07,138.33,1.68,-0.93,39.52
robusta,2003-03-10,138.90,0.41,-0.52,39.44
robusta,2003-03-11,134.84,-2.92,-3.43,38.69
robusta,2003-03-12,133.71,-0.84,-4.24,38.53
robusta,2003-03-13,133.38,-0.25,-4.48,39.14
robusta,2003-03-14,131.25,-1.60,-6.00,38.21
robusta,2003-03-17,126.79,-3.40,-9.20,36.80
robusta,2003-03-18,125.70,-0.86,-9.98,36.49
robusta,2003-03-19,126.22,0.41,-9.60,36.40
robusta,2003-03-20,129.47,2.57,-7.28,37.20
robusta,2003-03-21,129.16,-0.24,-7.50,37.93
robusta,2003-03-24,126.20,-2.29,-9.62,37.12
robusta,2003-03-25,125.37,-0.66,-10.21,37.20
robusta,2003-03-26,124.51,-0.69,-10.83,36.78
robusta,2003-03-27,124.87,0.29,-10.57,36.87
robusta,2003-03-28,127.12,1.80,-8.96,37.80
robusta,2003-03-31,126.87,-0.20,-9.14,37.84
robusta,2003-04-01,129.67,2.21,2.21,39.13
robusta,2003-04-02,131.06,1.07,3.30,40.18
robusta,2003-04-03,133.79,2.08,5.45,41.10
robusta,2003-04-04,131.83,-1.46,3.91,40.94
robusta,2003-04-07,131.59,-0.18,3.72,41.75
robusta,2003-04-08,127.50,-3.11,0.50,40.03
robusta,2003-04-09,127.57,0.05,0.55,39.93
robusta,2003-04-10,127.34,-0.18,0.37,39.23
robusta,2003-04-11,126.14,-0.94,-0.58,39.36
robusta,2003-04-14,123.55,-2.05,-2.62,39.07
robusta,2003-04-15,124.01,0.37,-2.25,40.26
robusta,2003-04-16,123.09,-0.74,-2.98,39.77
robusta,2003-04-17,123.98,0.72,-2.28,40.92
robusta,2003-04-22,123.64,-0.27,-2.55,40.65
robusta,2003-04-23,123.67,0.02,-2.52,41.22
robusta,2003-04-24,122.54,-0.91,-3.41,40.67
robusta,2003-04-25,122.07,-0.38,-3.78,40.60
robusta,2003-04-28,120.07,-1.64,-5.36,40.54
robusta,2003-04-29,117.65,-2.02,-7.27,40.40
robusta,2003-04-30,117.83,0.15,-7.13,40.46
robusta,2003-05-02,117.05,-0.66,-0.66,39.48
robusta,2003-05-05,117.85,0.68,0.02,38.77
robusta,2003-05-06,119.44,1.35,1.37,39.48
robusta,2003-05-07,118.50,-0.79,0.57,40.24
robusta,2003-05-08,117.47,-0.87,-0.31,40.30
robusta,2003-05-09,115.79,-1.43,-1.73,40.28
robusta,2003-05-12,115.40,-0.34,-2.06,40.28
robusta,2003-05-13,115.11,-0.25,-2.31,39.83
robusta,2003-05-14,114.12,-0.86,-3.15,39.46
robusta,2003-05-15,115.72,1.40,-1.79,38.96
robusta,2003-05-16,116.60,0.76,-1.04,39.59
robusta,2003-05-19,115.03,-1.35,-2.38,38.34
robusta,2003-05-20,116.11,0.94,-1.46,38.17
robusta,2003-05-21,116.63,0.45,-1.02,38.88
robusta,2003-05-22,117.10,0.40,-0.62,39.27
robusta,2003-05-23,116.06,-0.89,-1.50,39.77
robusta,2003-05-26,115.65,-0.35,-1.85,38.20
robusta,2003-05-27,114.37,-1.11,-2.94,37.75
robusta,2003-05-28,114.62,0.22,-2.72,38.05
robusta,2003-05-29,113.09,-1.33,-4.02,38.54
robusta,2003-05-30,111.88,-1.07,-5.05,37.67
robusta,2003-06-02,112.97,0.97,0.97,37.91
robusta,2003-06-03,112.76,-0.19,0.79,38.29
robusta,2003-06-04,110.99,-1.57,-0.80,38.01
robusta,2003-06-05,109.10,-1.70,-2.48,38.12
robusta,2003-06-06,103.15,-5.45,-7.80,35.84
robusta,2003-06-09,104.02,0.84,-7.03,36.32
robusta,2003-06-10,104.80,0.75,-6.33,36.52
robusta,2003-06-11,105.25,0.43,-5.93,36.89
robusta,2003-06-12,105.61,0.34,-5.60,36.86
robusta,2003-06-13,104.39,-1.16,-6.69,36.76
robusta,2003-06-16,104.75,0.34,-6.37,36.43
robusta,2003-06-17,104.82,0.07,-6.31,36.59
robusta,2003-06-18,104.82,0.00,-6.31,36.27
robusta,2003-06-20,102.98,-1.76,-7.95,35.63
robusta,2003-06-23,103.99,0.98,-7.05,36.33
robusta,2003-06-24,104.80,0.78,-6.33,36.52
robusta,2003-06-25,104.18,-0.59,-6.88,36.41
robusta,2003-06-26,105.45,1.22,-5.75,36.36
robusta,2003-06-27,105.27,-0.17,-5.91,36.55
robusta,2003-06-30,106.16,0.85,-5.11,37.35
robusta,2003-07-01,107.70,1.45,1.45,37.96
robusta,2003-07-02,110.68,2.77,4.26,39.31
robusta,2003-07-03,109.46,-1.10,3.11,38.75
robusta,2003-07-04,107.28,-1.99,1.06,37.77
robusta,2003-07-07,108.12,0.78,1.85,37.50
robusta,2003-07-08,110.50,2.20,4.09,38.51
robusta,2003-07-10,111.74,1.12,5.26,38.61
robusta,2003-07-11,111.92,0.16,5.43,38.67
robusta,2003-07-14,112.01,0.08,5.51,39.14
robusta,2003-07-15,113.90,1.69,7.29,39.89
robusta,2003-07-16,114.96,0.93,8.29,40.31
robusta,2003-07-17,117.73,2.41,10.90,41.02
robusta,2003-07-18,119.21,1.26,12.29,41.25
robusta,2003-07-21,115.96,-2.73,9.23,40.28
robusta,2003-07-22,117.69,1.49,10.86,40.82
robusta,2003-07-23,118.32,0.54,11.45,40.86
robusta,2003-07-24,119.38,0.90,12.45,41.31
robusta,2003-07-25,122.08,2.26,15.00,42.21
robusta,2003-07-28,123.28,0.98,16.13,42.55
robusta,2003-07-29,129.39,4.96,21.88,44.04
robusta,2003-07-30,131.39,1.55,23.77,44.24
robusta,2003-07-31,131.57,0.14,23.94,44.38
robusta,2003-08-01,135.71,3.15,3.15,44.79
robusta,2003-08-04,136.49,0.57,3.74,44.46
robusta,2003-08-05,133.15,-2.45,1.20,44.06
robusta,2003-08-06,134.38,0.92,2.14,44.03
robusta,2003-08-07,135.08,0.52,2.67,45.30
robusta,2003-08-08,133.94,-0.84,1.80,44.84
robusta,2003-08-11,132.62,-0.99,0.80,44.13
robusta,2003-08-12,134.20,1.19,2.00,44.29
robusta,2003-08-13,134.35,0.11,2.11,44.40
robusta,2003-08-14,132.39,-1.46,0.62,43.98
robusta,2003-08-15,132.15,-0.18,0.44,44.17
robusta,2003-08-18,131.67,-0.36,0.08,43.86
robusta,2003-08-19,131.67,0.00,0.08,44.05
robusta,2003-08-20,130.61,-0.81,-0.73,43.61
robusta,2003-08-21,132.92,1.77,1.03,44.23
robusta,2003-08-22,132.87,-0.04,0.99,44.51
robusta,2003-08-25,132.68,-0.14,0.84,44.30
robusta,2003-08-26,133.24,0.42,1.27,44.59
robusta,2003-08-27,132.89,-0.26,1.00,44.91
robusta,2003-08-28,132.12,-0.58,0.42,44.67
robusta,2003-08-29,132.00,-0.09,0.33,44.31
robusta,2003-09-01,131.34,-0.50,-0.50,43.99
robusta,2003-09-02,131.43,0.07,-0.43,43.94
robusta,2003-09-03,129.79,-1.25,-1.67,43.82
robusta,2003-09-04,129.46,-0.25,-1.92,44.16
robusta,2003-09-05,130.81,1.04,-0.90,45.01
robusta,2003-09-08,132.69,1.44,0.52,45.06
robusta,2003-09-09,133.46,0.58,1.11,45.66
robusta,2003-09-10,132.32,-0.85,0.24,45.78
robusta,2003-09-11,134.03,1.29,1.54,45.98
robusta,2003-09-12,133.61,-0.31,1.22,46.03
robusta,2003-09-15,129.96,-2.73,-1.55,45.10
robusta,2003-09-16,125.11,-3.73,-5.22,42.95
robusta,2003-09-17,124.63,-0.38,-5.58,42.83
robusta,2003-09-18,125.77,0.91,-4.72,43.35
robusta,2003-09-19,125.59,-0.14,-4.86,43.26
robusta,2003-09-22,126.02,0.34,-4.53,43.41
robusta,2003-09-23,126.94,0.73,-3.83,43.43
robusta,2003-09-24,127.48,0.43,-3.42,43.63
robusta,2003-09-25,128.88,1.10,-2.36,43.84
robusta,2003-09-26,127.44,-1.12,-3.45,43.42
robusta,2003-09-29,127.37,-0.05,-3.51,43.50
robusta,2003-09-30,126.66,-0.56,-4.05,43.80
robusta,2003-10-01,127.82,0.92,0.92,44.00
robusta,2003-10-02,126.92,-0.70,0.21,43.89
robusta,2003-10-03,128.01,0.86,1.07,44.34
robusta,2003-10-06,125.46,-1.99,-0.95,43.80
robusta,2003-10-07,125.89,0.34,-0.61,44.02
robusta,2003-10-08,123.77,-1.68,-2.28,43.46
robusta,2003-10-09,122.10,-1.35,-3.60,43.10
robusta,2003-10-10,123.06,0.79,-2.84,43.45
robusta,2003-10-13,121.23,-1.49,-4.29,42.73
robusta,2003-10-14,121.10,-0.11,-4.39,42.79
robusta,2003-10-15,121.07,-0.02,-4.41,42.64
robusta,2003-10-16,120.94,-0.11,-4.52,42.43
robusta,2003-10-17,123.54,2.15,-2.46,43.06
robusta,2003-10-20,123.52,-0.02,-2.48,42.95
robusta,2003-10-21,124.65,0.91,-1.59,43.63
robusta,2003-10-22,125.12,0.38,-1.22,43.69
robusta,2003-10-23,125.93,0.65,-0.58,43.95
robusta,2003-10-24,126.37,0.35,-0.23,44.02
robusta,2003-10-27,126.91,0.43,0.20,44.22
robusta,2003-10-28,129.82,2.29,2.49,45.39
robusta,2003-10-29,127.56,-1.74,0.71,44.84
robusta,2003-10-30,128.35,0.62,1.33,45.05
robusta,2003-10-31,126.82,-1.19,0.13,44.22
robusta,2003-11-03,126.16,-0.52,-0.52,44.27
robusta,2003-11-04,126.61,0.36,-0.17,44.25
robusta,2003-11-05,127.50,0.70,0.54,44.54
robusta,2003-11-06,127.18,-0.25,0.28,44.21
robusta,2003-11-07,127.15,-0.02,0.26,44.32
robusta,2003-11-10,127.15,0.00,0.26,44.04
robusta,2003-11-11,127.08,-0.06,0.21,43.71
robusta,2003-11-12,127.54,0.36,0.57,43.94
robusta,2003-11-13,127.95,0.32,0.89,43.52
robusta,2003-11-14,128.31,0.28,1.17,43.49
robusta,2003-11-17,128.05,-0.20,0.97,43.67
robusta,2003-11-18,127.19,-0.67,0.29,43.22
robusta,2003-11-19,127.16,-0.02,0.27,43.19
robusta,2003-11-20,126.83,-0.26,0.01,43.09
robusta,2003-11-21,126.40,-0.34,-0.33,43.26
robusta,2003-11-24,126.65,0.20,-0.13,43.36
robusta,2003-11-25,126.79,0.11,-0.02,43.17
robusta,2003-11-26,127.44,0.51,0.49,43.23
robusta,2003-11-27,128.13,0.54,1.03,43.52
robusta,2003-11-28,128.39,0.20,1.24,43.57
robusta,2003-12-01,128.97,0.45,0.45,44.08
robusta,2003-12-02,130.20,0.95,1.41,44.41
robusta,2003-12-03,131.68,1.14,2.56,44.91
robusta,2003-12-04,129.06,-1.99,0.52,43.82
robusta,2003-12-05,129.56,0.39,0.91,44.14
robusta,2003-12-08,132.80,2.50,3.43,45.14
robusta,2003-12-09,131.23,-1.18,2.21,44.71
robusta,2003-12-10,134.07,2.16,4.42,45.55
robusta,2003-12-11,132.89,-0.88,3.50,45.23
robusta,2003-12-12,133.49,0.45,3.97,45.43
robusta,2003-12-15,130.27,-2.41,1.46,44.60
robusta,2003-12-16,132.31,1.57,3.05,45.05
robusta,2003-12-17,134.62,1.75,4.85,45.93
robusta,2003-12-18,133.10,-1.13,3.67,45.38
robusta,2003-12-19,132.81,-0.22,3.44,45.42
robusta,2003-12-22,133.05,0.18,3.63,45.57
robusta,2003-12-23,132.71,-0.26,3.36,45.62
robusta,2003-12-26,130.18,-1.91,1.39,44.88
robusta,2003-12-29,130.64,0.35,1.75,45.65
robusta,2003-12-30,130.12,-0.40,1.35,44.82
robusta,2004-01-02,129.87,-0.19,-0.19,45.11
robusta,2004-01-05,130.71,0.65,0.45,45.80
robusta,2004-01-06,133.12,1.84,2.31,46.42
robusta,2004-01-07,132.92,-0.15,2.15,46.51
robusta,2004-01-08,133.23,0.23,2.39,46.70
robusta,2004-01-09,134.05,0.62,3.02,47.32
robusta,2004-01-12,135.64,1.19,4.24,48.65
robusta,2004-01-13,137.31,1.23,5.53,48.93
robusta,2004-01-14,136.50,-0.59,4.90,48.44
robusta,2004-01-15,136.22,-0.21,4.69,48.39
robusta,2004-01-16,137.58,1.00,5.73,48.63
robusta,2004-01-19,140.05,1.80,7.63,49.31
robusta,2004-01-20,143.19,2.24,10.04,50.46
robusta,2004-01-21,147.46,2.98,13.33,51.83
robusta,2004-01-22,145.82,-1.11,12.07,51.36
robusta,2004-01-23,146.37,0.38,12.49,51.54
robusta,2004-01-26,151.60,3.57,16.51,53.29
robusta,2004-01-27,148.77,-1.87,14.33,51.84
robusta,2004-01-28,147.60,-0.79,13.43,50.97
robusta,2004-01-29,146.24,-0.92,12.39,49.89
robusta,2004-01-30,141.70,-3.10,8.90,48.33
robusta,2004-02-02,143.28,1.12,1.12,48.67
robusta,2004-02-03,142.88,-0.28,0.83,48.96
robusta,2004-02-04,139.11,-2.64,-1.83,47.66
robusta,2004-02-05,136.89,-1.60,-3.39,46.69
robusta,2004-02-06,135.04,-1.35,-4.70,46.03
robusta,2004-02-09,134.48,-0.41,-5.10,45.98
robusta,2004-02-10,134.12,-0.27,-5.35,45.91
robusta,2004-02-11,134.41,0.22,-5.14,46.24
robusta,2004-02-12,134.29,-0.09,-5.23,46.37
robusta,2004-02-13,134.17,-0.09,-5.31,46.17
robusta,2004-02-16,133.62,-0.41,-5.70,45.95
robusta,2004-02-17,132.30,-0.99,-6.63,45.33
robusta,2004-02-18,130.27,-1.53,-8.07,44.30
robusta,2004-02-19,128.01,-1.73,-9.66,43.25
robusta,2004-02-20,128.08,0.05,-9.61,43.27
robusta,2004-02-25,128.48,0.31,-9.33,43.68
robusta,2004-02-26,127.79,-0.54,-9.82,43.56
robusta,2004-02-27,128.67,0.69,-9.20,44.28
robusta,2004-03-01,129.04,0.29,0.29,44.56
robusta,2004-03-02,128.09,-0.74,-0.45,44.29
robusta,2004-03-03,126.38,-1.33,-1.78,43.76
robusta,2004-03-04,125.38,-0.79,-2.56,43.38
robusta,2004-03-05,125.10,-0.22,-2.77,43.61
robusta,2004-03-08,125.36,0.21,-2.57,43.59
robusta,2004-03-09,125.63,0.22,-2.36,43.61
robusta,2004-03-10,124.92,-0.57,-2.91,43.08
robusta,2004-03-11,124.84,-0.06,-2.98,42.92
robusta,2004-03-12,125.51,0.54,-2.46,43.27
robusta,2004-03-15,125.10,-0.33,-2.77,43.06
robusta,2004-03-16,126.34,0.99,-1.81,43.61
robusta,2004-03-17,124.95,-1.10,-2.89,42.91
robusta,2004-03-18,124.57,-0.30,-3.19,42.84
robusta,2004-03-19,124.28,-0.23,-3.41,42.82
robusta,2004-03-22,123.98,-0.24,-3.64,42.56
robusta,2004-03-23,123.56,-0.34,-3.97,42.39
robusta,2004-03-24,123.49,-0.06,-4.03,42.15
robusta,2004-03-25,121.23,-1.83,-5.78,41.28
robusta,2004-03-26,121.54,0.26,-5.54,41.35
robusta,2004-03-29,121.39,-0.12,-5.66,41.29
robusta,2004-03-30,120.56,-0.68,-6.30,41.44
robusta,2004-03-31,121.57,0.84,-5.52,41.98
robusta,2004-04-01,121.77,0.16,0.16,42.13
robusta,2004-04-02,123.29,1.25,1.41,42.59
robusta,2004-04-05,121.93,-1.10,0.30,42.39
robusta,2004-04-06,121.39,-0.44,-0.15,42.21
robusta,2004-04-07,121.60,0.17,0.02,42.36
robusta,2004-04-08,121.96,0.30,0.32,42.27
robusta,2004-04-12,121.75,-0.17,0.15,42.24
robusta,2004-04-13,121.71,-0.03,0.12,42.07
robusta,2004-04-14,120.94,-0.63,-0.52,41.89
robusta,2004-04-15,121.27,0.27,-0.25,41.82
robusta,2004-04-16,122.26,0.82,0.57,42.03
robusta,2004-04-19,122.60,0.28,0.85,42.18
robusta,2004-04-20,122.50,-0.08,0.76,41.84
robusta,2004-04-22,121.22,-1.04,-0.29,41.40
robusta,2004-04-23,122.92,1.40,1.11,42.24
robusta,2004-04-26,122.58,-0.28,0.83,42.11
robusta,2004-04-27,123.07,0.40,1.23,42.22
robusta,2004-04-28,124.34,1.03,2.28,42.15
robusta,2004-04-29,123.81,-0.43,1.84,41.73
robusta,2004-04-30,123.63,-0.15,1.69,42.16
robusta,2004-05-03,123.63,0.00,0.00,41.49
robusta,2004-05-04,124.55,0.74,0.74,41.93
robusta,2004-05-05,124.66,0.09,0.83,42.19
robusta,2004-05-06,124.60,-0.05,0.78,41.52
robusta,2004-05-07,124.20,-0.32,0.46,40.56
robusta,2004-05-10,124.72,0.42,0.88,39.72
robusta,2004-05-11,126.56,1.48,2.37,41.14
robusta,2004-05-12,126.52,-0.03,2.34,40.27
robusta,2004-05-13,126.37,-0.12,2.22,40.32
robusta,2004-05-14,127.12,0.59,2.82,41.11
robusta,2004-05-17,127.69,0.45,3.28,40.87
robusta,2004-05-18,129.12,1.12,4.44,41.24
robusta,2004-05-19,132.75,2.81,7.38,42.36
robusta,2004-05-20,135.18,1.83,9.34,42.07
robusta,2004-05-21,136.47,0.95,10.39,42.57
robusta,2004-05-24,139.27,2.05,12.65,43.77
robusta,2004-05-25,141.40,1.53,14.37,44.75
robusta,2004-05-26,146.37,3.51,18.39,46.30
robusta,2004-05-27,142.88,-2.38,15.57,45.79
robusta,2004-05-28,147.67,3.35,19.45,47.79
robusta,2004-05-31,145.87,-1.22,17.99,45.73
robusta,2004-06-01,144.50,-0.94,-0.94,45.66
robusta,2004-06-02,145.07,0.39,-0.55,46.32
robusta,2004-06-03,145.27,0.14,-0.41,46.19
robusta,2004-06-04,145.62,0.24,-0.17,46.49
robusta,2004-06-07,144.25,-0.94,-1.11,46.35
robusta,2004-06-08,143.99,-0.18,-1.29,46.17
robusta,2004-06-09,144.48,0.34,-0.95,46.22
robusta,2004-06-11,145.28,0.55,-0.40,46.28
robusta,2004-06-14,143.71,-1.08,-1.48,45.39
robusta,2004-06-15,140.33,-2.35,-3.80,44.70
robusta,2004-06-16,139.37,-0.68,-4.46,44.39
robusta,2004-06-17,133.98,-3.87,-8.15,42.68
robusta,2004-06-18,132.04,-1.45,-9.48,42.04
robusta,2004-06-21,129.00,-2.30,-11.57,41.23
robusta,2004-06-22,128.97,-0.02,-11.59,41.15
robusta,2004-06-23,131.98,2.33,-9.52,42.21
robusta,2004-06-24,132.80,0.62,-8.96,42.92
robusta,2004-06-25,130.62,-1.64,-10.45,41.99
robusta,2004-06-28,130.04,-0.44,-10.85,41.56
robusta,2004-06-29,131.56,1.17,-9.81,42.33
robusta,2004-06-30,130.46,-0.84,-10.56,42.00
robusta,2004-07-01,130.75,0.22,0.22,42.54
robusta,2004-07-02,128.77,-1.51,-1.30,42.33
robusta,2004-07-05,124.41,-3.39,-4.64,41.14
robusta,2004-07-06,124.79,0.31,-4.35,40.94
robusta,2004-07-07,125.10,0.25,-4.11,41.22
robusta,2004-07-08,124.55,-0.44,-4.53,40.72
robusta,2004-07-09,124.95,0.32,-4.22,41.09
robusta,2004-07-12,124.98,0.02,-4.20,41.18
robusta,2004-07-13,125.55,0.46,-3.76,41.30
robusta,2004-07-14,126.12,0.45,-3.33,41.68
robusta,2004-07-15,127.13,0.80,-2.55,42.17
robusta,2004-07-16,126.81,-0.25,-2.80,42.26
robusta,2004-07-19,127.90,0.86,-1.96,42.70
robusta,2004-07-20,130.11,1.73,-0.27,43.28
robusta,2004-07-21,130.08,-0.02,-0.29,42.96
robusta,2004-07-22,129.13,-0.73,-1.02,42.46
robusta,2004-07-23,128.37,-0.59,-1.60,42.01
robusta,2004-07-26,127.91,-0.36,-1.95,41.57
robusta,2004-07-27,129.10,0.93,-1.04,42.13
robusta,2004-07-28,130.96,1.44,0.38,42.88
robusta,2004-07-29,130.94,-0.02,0.37,43.11
robusta,2004-07-30,131.48,0.41,0.78,43.28
robusta,2004-08-02,129.71,-1.35,-1.35,42.47
robusta,2004-08-03,129.88,0.13,-1.22,42.54
robusta,2004-08-04,129.65,-0.18,-1.39,42.44
robusta,2004-08-05,127.25,-1.85,-3.22,41.46
robusta,2004-08-06,128.63,1.08,-2.17,42.42
robusta,2004-08-09,129.58,0.74,-1.45,42.62
robusta,2004-08-10,130.28,0.54,-0.91,43.01
robusta,2004-08-11,130.84,0.43,-0.49,43.08
robusta,2004-08-12,131.01,0.13,-0.36,43.17
robusta,2004-08-13,132.16,0.88,0.52,43.75
robusta,2004-08-16,133.72,1.18,1.70,44.46
robusta,2004-08-17,134.83,0.83,2.55,45.00
robusta,2004-08-18,133.12,-1.27,1.25,44.60
robusta,2004-08-19,132.82,-0.23,1.02,44.45
robusta,2004-08-20,133.03,0.16,1.18,44.85
robusta,2004-08-23,134.50,1.11,2.30,45.38
robusta,2004-08-24,135.77,0.94,3.26,45.93
robusta,2004-08-25,136.23,0.34,3.61,46.15
robusta,2004-08-26,136.64,0.30,3.92,46.22
robusta,2004-08-27,137.80,0.85,4.81,46.63
robusta,2004-08-30,137.68,-0.09,4.72,46.73
robusta,2004-08-31,136.54,-0.83,3.85,46.62
robusta,2004-09-01,137.06,0.38,0.38,46.73
robusta,2004-09-02,137.26,0.15,0.53,46.69
robusta,2004-09-03,136.37,-0.65,-0.12,46.57
robusta,2004-09-06,136.12,-0.18,-0.31,46.73
robusta,2004-09-08,136.43,0.23,-0.08,47.03
robusta,2004-09-09,137.66,0.90,0.82,47.47
robusta,2004-09-10,138.97,0.95,1.78,47.87
robusta,2004-09-13,138.99,0.01,1.79,47.75
robusta,2004-09-14,139.12,0.09,1.89,47.82
robusta,2004-09-15,139.10,-0.01,1.87,47.93
robusta,2004-09-16,139.73,0.45,2.34,48.43
robusta,2004-09-17,139.77,0.03,2.37,48.72
robusta,2004-09-20,140.09,0.23,2.60,48.71
robusta,2004-09-21,142.64,1.82,4.47,49.72
robusta,2004-09-22,145.40,1.93,6.49,50.45
robusta,2004-09-23,143.95,-1.00,5.43,49.97
robusta,2004-09-24,144.25,0.21,5.65,50.26
robusta,2004-09-27,145.61,0.94,6.64,50.68
robusta,2004-09-28,144.18,-0.98,5.60,50.29
robusta,2004-09-29,141.03,-2.18,3.29,49.42
robusta,2004-09-30,141.36,0.23,3.53,49.44
robusta,2004-10-01,139.75,-1.14,-1.14,49.23
robusta,2004-10-04,138.74,-0.72,-1.85,49.10
robusta,2004-10-05,139.42,0.49,-1.37,49.27
robusta,2004-10-06,139.94,0.37,-1.00,49.24
robusta,2004-10-07,140.14,0.14,-0.86,49.15
robusta,2004-10-08,139.87,-0.19,-1.05,49.44
robusta,2004-10-11,139.23,-0.46,-1.51,49.37
robusta,2004-10-13,137.04,-1.57,-3.06,48.25
robusta,2004-10-14,136.83,-0.15,-3.20,47.64
robusta,2004-10-15,138.32,1.09,-2.15,48.42
robusta,2004-10-18,137.87,-0.33,-2.47,48.22
robusta,2004-10-19,136.98,-0.65,-3.10,47.58
robusta,2004-10-20,136.00,-0.72,-3.79,47.35
robusta,2004-10-21,134.96,-0.76,-4.53,47.24
robusta,2004-10-22,134.94,-0.01,-4.54,47.00
robusta,2004-10-25,134.71,-0.17,-4.70,46.73
robusta,2004-10-26,135.28,0.42,-4.30,47.20
robusta,2004-10-27,136.45,0.86,-3.47,47.68
robusta,2004-10-28,136.42,-0.02,-3.49,47.58
robusta,2004-10-29,134.40,-1.48,-4.92,47.01
robusta,2004-11-01,132.49,-1.42,-1.42,46.44
robusta,2004-11-03,133.69,0.91,-0.53,47.26
robusta,2004-11-04,134.06,0.28,-0.25,47.54
robusta,2004-11-05,134.78,0.54,0.28,47.79
robusta,2004-11-08,134.70,-0.06,0.22,47.50
robusta,2004-11-09,135.57,0.65,0.87,47.97
robusta,2004-11-10,138.55,2.20,3.09,49.01
robusta,2004-11-11,138.28,-0.19,2.89,49.05
robusta,2004-11-12,137.12,-0.84,2.02,49.15
robusta,2004-11-16,137.71,0.43,2.46,49.45
robusta,2004-11-17,137.79,0.06,2.52,49.89
robusta,2004-11-18,137.22,-0.41,2.10,49.41
robusta,2004-11-19,137.39,0.12,2.22,49.32
robusta,2004-11-22,137.64,0.18,2.41,49.96
robusta,2004-11-23,138.21,0.41,2.83,50.37
robusta,2004-11-24,137.89,-0.23,2.60,50.05
robusta,2004-11-25,137.39,-0.36,2.22,50.05
robusta,2004-11-26,137.20,-0.14,2.08,50.18
robusta,2004-11-29,138.29,0.79,2.89,50.32
robusta,2004-11-30,138.66,0.27,3.17,51.02
robusta,2004-12-01,138.32,-0.25,-0.25,51.02
robusta,2004-12-02,141.23,2.10,1.85,51.67
robusta,2004-12-03,138.92,-1.64,0.19,51.28
robusta,2004-12-06,137.77,-0.83,-0.64,50.67
robusta,2004-12-07,137.36,-0.30,-0.94,49.99
robusta,2004-12-08,137.38,0.01,-0.92,49.79
robusta,2004-12-09,138.20,0.60,-0.33,49.69
robusta,2004-12-10,137.68,-0.38,-0.71,49.61
robusta,2004-12-13,137.75,0.05,-0.66,49.84
robusta,2004-12-14,137.77,0.01,-0.64,49.82
robusta,2004-12-15,138.50,0.53,-0.12,50.82
robusta,2004-12-16,140.10,1.16,1.04,51.15
robusta,2004-12-17,139.36,-0.53,0.50,50.94
robusta,2004-12-20,140.60,0.89,1.40,52.54
robusta,2004-12-21,140.96,0.26,1.66,52.19
robusta,2004-12-22,138.43,-1.79,-0.17,51.16
robusta,2004-12-23,139.22,0.57,0.40,51.53
robusta,2004-12-27,139.32,0.07,0.48,51.79
robusta,2004-12-28,139.85,0.38,0.86,51.99
robusta,2004-12-29,139.62,-0.16,0.69,52.35
robusta,2004-12-30,139.51,-0.08,0.61,52.45
robusta,2005-01-03,139.56,0.04,0.04,52.19
robusta,2005-01-04,140.60,0.75,0.78,52.07
robusta,2005-01-05,143.27,1.90,2.70,52.91
robusta,2005-01-06,142.35,-0.64,2.04,52.28
robusta,2005-01-07,141.62,-0.51,1.51,52.24
robusta,2005-01-10,142.80,0.83,2.36,52.83
robusta,2005-01-11,143.18,0.27,2.63,52.62
robusta,2005-01-12,144.96,1.24,3.91,53.67
robusta,2005-01-13,145.26,0.21,4.12,53.76
robusta,2005-01-14,144.79,-0.32,3.78,53.59
robusta,2005-01-17,145.44,0.45,4.25,53.83
robusta,2005-01-18,146.01,0.39,4.66,53.72
robusta,2005-01-19,147.31,0.89,5.59,54.36
robusta,2005-01-20,147.57,0.18,5.78,54.29
robusta,2005-01-21,147.48,-0.06,5.71,54.86
robusta,2005-01-24,147.76,0.19,5.91,55.11
robusta,2005-01-25,147.99,0.16,6.08,55.06
robusta,2005-01-26,149.28,0.87,7.00,56.04
robusta,2005-01-27,148.93,-0.23,6.75,55.86
robusta,2005-01-28,147.69,-0.83,5.86,55.80
robusta,2005-01-31,148.60,0.62,6.52,56.91
robusta,2005-02-01,148.04,-0.38,-0.38,56.72
robusta,2005-02-02,149.54,1.01,0.63,57.18
robusta,2005-02-03,148.71,-0.56,0.07,57.13
robusta,2005-02-04,149.94,0.83,0.90,57.36
robusta,2005-02-09,153.43,2.33,3.25,58.90
robusta,2005-02-10,153.00,-0.28,2.96,58.42
robusta,2005-02-11,153.76,0.50,3.47,59.05
robusta,2005-02-14,153.83,0.05,3.52,59.62
robusta,2005-02-15,152.33,-0.98,2.51,58.93
robusta,2005-02-16,155.94,2.37,4.94,60.42
robusta,2005-02-17,153.49,-1.57,3.29,59.89
robusta,2005-02-18,153.37,-0.08,3.21,59.58
robusta,2005-02-21,153.89,0.34,3.56,59.69
robusta,2005-02-22,153.23,-0.43,3.12,58.96
robusta,2005-02-23,155.60,1.55,4.71,59.99
robusta,2005-02-24,154.73,-0.56,4.13,58.79
robusta,2005-02-25,154.71,-0.01,4.11,59.10
robusta,2005-02-28,154.20,-0.33,3.77,59.54
robusta,2005-03-01,153.42,-0.51,-0.51,58.60
robusta,2005-03-02,155.72,1.50,0.99,58.92
robusta,2005-03-03,154.27,-0.93,0.05,57.52
robusta,2005-03-04,154.64,0.24,0.29,58.22
robusta,2005-03-07,155.37,0.47,0.76,58.00
robusta,2005-03-08,157.16,1.15,1.92,58.34
robusta,2005-03-09,156.52,-0.41,1.50,57.88
robusta,2005-03-10,157.58,0.68,2.19,58.06
robusta,2005-03-11,158.31,0.46,2.67,58.20
robusta,2005-03-14,158.26,-0.03,2.63,57.49
robusta,2005-03-15,156.59,-1.06,1.55,56.61
robusta,2005-03-16,155.88,-0.45,1.09,56.40
robusta,2005-03-17,155.95,0.04,1.13,57.38
robusta,2005-03-18,155.16,-0.51,0.62,57.11
robusta,2005-03-21,153.82,-0.86,-0.25,56.41
robusta,2005-03-22,152.03,-1.16,-1.41,56.35
robusta,2005-03-23,151.16,-0.57,-1.97,54.97
robusta,2005-03-24,146.84,-2.86,-4.77,53.59
robusta,2005-03-28,146.28,-0.38,-5.14,53.72
robusta,2005-03-29,150.19,2.67,-2.60,55.67
robusta,2005-03-30,149.96,-0.15,-2.75,56.04
robusta,2005-03-31,151.61,1.10,-1.68,56.82
robusta,2005-04-01,151.55,-0.04,-0.04,56.97
robusta,2005-04-04,150.72,-0.55,-0.59,57.07
robusta,2005-04-05,150.39,-0.22,-0.80,57.27
robusta,2005-04-06,151.23,0.56,-0.25,58.14
robusta,2005-04-07,149.71,-1.01,-1.25,57.67
robusta,2005-04-08,147.72,-1.33,-2.57,57.12
robusta,2005-04-11,144.13,-2.43,-4.93,55.73
robusta,2005-04-12,144.56,0.30,-4.65,56.16
robusta,2005-04-13,145.84,0.89,-3.81,56.90
robusta,2005-04-14,143.85,-1.36,-5.12,55.82
robusta,2005-04-15,144.22,0.26,-4.87,55.07
robusta,2005-04-18,144.94,0.50,-4.40,55.60
robusta,2005-04-19,147.95,2.08,-2.41,57.46
robusta,2005-04-20,149.61,1.12,-1.32,58.40
robusta,2005-04-22,151.58,1.32,-0.02,59.75
robusta,2005-04-25,152.20,0.41,0.39,60.33
robusta,2005-04-26,154.60,1.58,1.97,60.96
robusta,2005-04-27,154.42,-0.12,1.85,61.38
robusta,2005-04-28,154.60,0.12,1.97,60.56
robusta,2005-04-29,154.22,-0.25,1.72,60.98
robusta,2005-05-02,152.33,-1.23,-1.23,60.66
robusta,2005-05-03,151.93,-0.26,-1.48,60.94
robusta,2005-05-04,154.49,1.68,0.18,62.60
robusta,2005-05-05,154.28,-0.14,0.04,62.59
robusta,2005-05-06,154.52,0.16,0.19,62.76
robusta,2005-05-09,155.22,0.45,0.65,63.38
robusta,2005-05-10,154.52,-0.45,0.19,62.46
robusta,2005-05-11,155.87,0.87,1.07,63.47
robusta,2005-05-12,157.10,0.79,1.87,63.55
robusta,2005-05-13,159.61,1.60,3.50,64.54
robusta,2005-05-16,156.91,-1.69,1.74,63.35
robusta,2005-05-17,159.00,1.33,3.10,64.06
robusta,2005-05-18,161.71,1.70,4.86,65.74
robusta,2005-05-19,164.19,1.53,6.46,67.07
robusta,2005-05-20,164.36,0.10,6.58,67.33
robusta,2005-05-23,164.69,0.20,6.79,67.83
robusta,2005-05-24,164.80,0.07,6.86,67.85
robusta,2005-05-25,165.44,0.39,7.28,68.65
robusta,2005-05-27,165.65,0.13,7.41,69.48
robusta,2005-05-30,165.29,-0.22,7.18,69.71
robusta,2005-05-31,163.66,-0.99,6.12,67.94
robusta,2005-06-01,162.11,-0.95,-0.95,66.36
robusta,2005-06-02,166.14,2.49,1.52,68.83
robusta,2005-06-03,167.40,0.76,2.29,68.97
robusta,2005-06-06,166.79,-0.36,1.91,67.99
robusta,2005-06-07,169.79,1.80,3.75,68.94
robusta,2005-06-08,167.10,-1.58,2.10,67.87
robusta,2005-06-09,167.06,-0.02,2.08,66.88
robusta,2005-06-10,162.50,-2.73,-0.71,65.71
robusta,2005-06-13,155.49,-4.31,-4.99,63.49
robusta,2005-06-14,156.82,0.86,-4.18,64.40
robusta,2005-06-15,159.60,1.77,-2.48,65.54
robusta,2005-06-16,159.82,0.14,-2.35,66.43
robusta,2005-06-17,159.48,-0.21,-2.55,66.78
robusta,2005-06-20,159.36,-0.08,-2.63,66.57
robusta,2005-06-21,159.11,-0.16,-2.78,67.05
robusta,2005-06-22,162.89,2.38,-0.47,68.38
robusta,2005-06-23,159.93,-1.82,-2.28,66.67
robusta,2005-06-24,159.14,-0.49,-2.76,66.87
robusta,2005-06-27,152.49,-4.18,-6.83,64.20
robusta,2005-06-28,153.38,0.58,-6.28,64.80
robusta,2005-06-29,155.36,1.29,-5.07,65.97
robusta,2005-06-30,156.91,1.00,-4.12,67.23
robusta,2005-07-01,157.12,0.13,0.13,66.66
robusta,2005-07-04,157.72,0.38,0.52,66.66
robusta,2005-07-05,159.75,1.29,1.81,67.21
robusta,2005-07-06,159.31,-0.28,1.53,66.49
robusta,2005-07-07,159.21,-0.06,1.47,66.98
robusta,2005-07-08,158.94,-0.17,1.29,67.20
robusta,2005-07-11,157.91,-0.65,0.64,67.46
robusta,2005-07-12,157.18,-0.46,0.17,67.08
robusta,2005-07-13,157.52,0.22,0.39,66.89
robusta,2005-07-14,158.76,0.79,1.18,67.93
robusta,2005-07-15,158.22,-0.34,0.83,67.67
robusta,2005-07-18,153.68,-2.87,-2.06,65.73
robusta,2005-07-19,146.83,-4.46,-6.42,62.70
robusta,2005-07-20,148.33,1.02,-5.47,63.25
robusta,2005-07-21,149.94,1.09,-4.44,63.62
robusta,2005-07-22,151.83,1.26,-3.24,63.31
robusta,2005-07-25,154.94,2.05,-1.26,62.93
robusta,2005-07-26,156.42,0.96,-0.31,63.82
robusta,2005-07-27,156.70,0.18,-0.13,64.25
robusta,2005-07-28,157.50,0.51,0.38,65.43
robusta,2005-07-29,156.07,-0.91,-0.54,65.30
robusta,2005-08-01,154.52,-0.99,-0.99,65.28
robusta,2005-08-02,155.27,0.49,-0.51,66.30
robusta,2005-08-03,154.37,-0.58,-1.09,66.80
robusta,2005-08-04,156.12,1.13,0.03,67.76
robusta,2005-08-05,152.92,-2.05,-2.02,66.20
robusta,2005-08-08,151.38,-1.01,-3.01,65.00
robusta,2005-08-09,150.83,-0.36,-3.36,65.72
robusta,2005-08-10,149.71,-0.74,-4.08,65.69
robusta,2005-08-11,149.71,0.00,-4.08,63.81
robusta,2005-08-12,151.33,1.08,-3.04,63.74
robusta,2005-08-15,148.43,-1.92,-4.90,63.71
robusta,2005-08-16,147.27,-0.78,-5.64,62.48
robusta,2005-08-17,150.67,2.31,-3.46,64.00
robusta,2005-08-18,146.09,-3.04,-6.39,61.36
robusta,2005-08-19,147.93,1.26,-5.22,60.38
robusta,2005-08-22,148.42,0.33,-4.90,62.23
robusta,2005-08-23,151.23,1.89,-3.10,62.75
robusta,2005-08-24,150.03,-0.79,-3.87,61.51
robusta,2005-08-25,148.84,-0.79,-4.63,62.07
robusta,2005-08-26,146.09,-1.85,-6.39,60.79
robusta,2005-08-29,147.28,0.81,-5.63,61.75
robusta,2005-08-30,148.46,0.80,-4.88,62.27
robusta,2005-08-31,149.46,0.67,-4.24,63.38
robusta,2005-09-01,152.03,1.72,1.72,64.36
robusta,2005-09-02,151.21,-0.54,1.17,64.87
robusta,2005-09-05,150.55,-0.44,0.73,64.39
robusta,2005-09-06,148.91,-1.09,-0.37,64.05
robusta,2005-09-08,145.75,-2.12,-2.48,62.80
robusta,2005-09-09,146.51,0.52,-1.97,63.42
robusta,2005-09-12,147.39,0.60,-1.38,63.48
robusta,2005-09-13,147.40,0.01,-1.38,63.31
robusta,2005-09-14,147.63,0.16,-1.22,63.42
robusta,2005-09-15,148.71,0.73,-0.50,64.77
robusta,2005-09-16,146.50,-1.49,-1.98,63.72
robusta,2005-09-19,144.59,-1.30,-3.26,62.98
robusta,2005-09-20,146.94,1.63,-1.69,63.89
robusta,2005-09-21,146.34,-0.41,-2.09,64.33
robusta,2005-09-22,146.56,0.15,-1.94,64.39
robusta,2005-09-23,148.21,1.13,-0.84,65.41
robusta,2005-09-26,144.74,-2.34,-3.16,64.30
robusta,2005-09-27,145.40,0.46,-2.72,64.36
robusta,2005-09-28,145.29,-0.08,-2.79,65.00
robusta,2005-09-29,146.95,1.14,-1.68,66.37
robusta,2005-09-30,147.21,0.18,-1.51,66.02
robusta,2005-10-03,146.93,-0.19,-0.19,65.89
robusta,2005-10-04,146.40,-0.36,-0.55,64.75
robusta,2005-10-05,146.62,0.15,-0.40,64.65
robusta,2005-10-06,147.03,0.28,-0.12,64.15
robusta,2005-10-07,147.84,0.55,0.43,65.71
robusta,2005-10-10,149.09,0.85,1.28,66.59
robusta,2005-10-11,149.71,0.42,1.70,67.01
robusta,2005-10-13,149.62,-0.06,1.64,66.29
robusta,2005-10-14,149.72,0.07,1.71,66.66
robusta,2005-10-17,150.50,0.52,2.23,67.28
robusta,2005-10-18,151.03,0.35,2.59,67.40
robusta,2005-10-19,151.93,0.60,3.21,67.53
robusta,2005-10-20,151.93,0.00,3.21,67.53
robusta,2005-10-21,151.29,-0.42,2.77,66.77
robusta,2005-10-24,152.34,0.69,3.48,67.38
robusta,2005-10-25,153.33,0.65,4.16,67.76
robusta,2005-10-26,153.43,0.07,4.23,67.32
robusta,2005-10-27,153.96,0.35,4.59,67.20
robusta,2005-10-28,153.23,-0.47,4.09,67.68
robusta,2005-10-31,153.53,0.20,4.29,68.18
robusta,2005-11-01,153.63,0.07,0.07,68.40
robusta,2005-11-03,155.98,1.53,1.60,70.23
robusta,2005-11-04,155.63,-0.22,1.37,70.32
robusta,2005-11-07,157.19,1.00,2.38,71.35
robusta,2005-11-08,158.56,0.87,3.28,72.24
robusta,2005-11-09,163.08,2.85,6.22,74.84
robusta,2005-11-10,162.53,-0.34,5.86,74.93
robusta,2005-11-11,162.99,0.28,6.16,75.36
robusta,2005-11-14,160.32,-1.64,4.42,72.54
robusta,2005-11-16,157.93,-1.49,2.87,71.66
robusta,2005-11-17,159.39,0.92,3.82,72.78
robusta,2005-11-18,157.53,-1.17,2.61,70.67
robusta,2005-11-21,160.00,1.57,4.21,71.97
robusta,2005-11-22,162.04,1.27,5.54,72.12
robusta,2005-11-23,161.57,-0.29,5.24,72.10
robusta,2005-11-24,161.71,0.09,5.33,72.10
robusta,2005-11-25,163.54,1.13,6.52,73.20
robusta,2005-11-28,162.72,-0.50,5.99,73.86
robusta,2005-11-29,162.76,0.02,6.01,74.35
robusta,2005-11-30,163.21,0.28,6.30,73.99
robusta,2005-12-01,162.11,-0.67,-0.67,72.99
robusta,2005-12-02,161.99,-0.07,-0.75,73.33
robusta,2005-12-05,162.49,0.31,-0.44,73.99
robusta,2005-12-06,162.15,-0.21,-0.65,74.48
robusta,2005-12-07,161.52,-0.39,-1.04,73.59
robusta,2005-12-08,160.94,-0.36,-1.39,72.36
robusta,2005-12-09,162.17,0.76,-0.64,71.98
robusta,2005-12-12,163.81,1.01,0.37,72.48
robusta,2005-12-13,164.92,0.68,1.05,72.81
robusta,2005-12-14,163.02,-1.15,-0.12,71.47
robusta,2005-12-15,162.71,-0.19,-0.31,70.75
robusta,2005-12-16,163.15,0.27,-0.04,69.81
robusta,2005-12-19,164.27,0.69,0.65,68.96
robusta,2005-12-20,165.31,0.63,1.29,70.47
robusta,2005-12-21,165.82,0.31,1.60,71.88
robusta,2005-12-22,165.14,-0.41,1.18,70.88
robusta,2005-12-23,166.01,0.53,1.72,71.62
robusta,2005-12-26,164.82,-0.72,0.99,70.80
robusta,2005-12-27,165.15,0.20,1.19,70.64
robusta,2005-12-28,165.57,0.25,1.45,70.51
robusta,2005-12-29,166.38,0.49,1.94,70.86
robusta,2006-01-02,165.93,-0.27,-0.27,70.91
robusta,2006-01-03,168.31,1.43,1.16,72.20
robusta,2006-01-04,169.98,0.99,2.16,74.23
robusta,2006-01-05,172.96,1.75,3.95,75.59
robusta,2006-01-06,172.79,-0.10,3.85,75.72
robusta,2006-01-09,173.67,0.51,4.38,77.19
robusta,2006-01-10,173.08,-0.34,4.03,76.48
robusta,2006-01-11,174.06,0.57,4.62,76.21
robusta,2006-01-12,175.69,0.94,5.60,77.57
robusta,2006-01-13,175.56,-0.07,5.52,77.14
robusta,2006-01-16,180.01,2.53,8.19,79.16
robusta,2006-01-17,181.99,1.10,9.38,78.75
robusta,2006-01-18,186.46,2.46,12.07,80.27
robusta,2006-01-19,183.90,-1.37,10.53,78.99
robusta,2006-01-20,185.92,1.10,11.74,81.61
robusta,2006-01-23,184.52,-0.75,10.90,81.72
robusta,2006-01-24,185.53,0.55,11.51,82.68
robusta,2006-01-25,188.36,1.53,13.21,83.83
robusta,2006-01-26,188.28,-0.04,13.16,84.39
robusta,2006-01-27,188.43,0.08,13.25,85.03
robusta,2006-01-30,187.35,-0.57,12.60,84.54
robusta,2006-01-31,187.21,-0.07,12.52,84.52
robusta,2006-02-01,184.75,-1.31,-1.31,83.07
robusta,2006-02-02,184.68,-0.04,-1.35,82.96
robusta,2006-02-03,184.79,0.06,-1.29,83.65
robusta,2006-02-06,183.03,-0.95,-2.23,83.77
robusta,2006-02-07,175.90,-3.90,-6.04,80.43
robusta,2006-02-08,178.44,1.44,-4.68,81.63
robusta,2006-02-09,180.13,0.95,-3.78,83.01
robusta,2006-02-10,179.25,-0.49,-4.25,82.75
robusta,2006-02-13,176.57,-1.50,-5.68,82.01
robusta,2006-02-14,175.70,-0.49,-6.15,82.18
robusta,2006-02-15,175.31,-0.22,-6.36,82.04
robusta,2006-02-16,174.51,-0.46,-6.78,82.47
robusta,2006-02-17,177.24,1.56,-5.33,83.41
robusta,2006-02-20,177.90,0.37,-4.97,84.04
robusta,2006-02-21,179.47,0.88,-4.13,83.24
robusta,2006-02-22,178.92,-0.31,-4.43,83.57
robusta,2006-02-23,182.14,1.80,-2.71,85.03
robusta,2006-02-24,180.80,-0.74,-3.42,84.49
robusta,2006-03-01,183.58,1.54,1.54,86.76
robusta,2006-03-02,185.72,1.17,2.72,87.94
robusta,2006-03-03,186.58,0.46,3.20,88.34
robusta,2006-03-06,187.65,0.57,3.79,87.61
robusta,2006-03-07,185.23,-1.29,2.45,85.40
robusta,2006-03-08,184.22,-0.55,1.89,84.27
robusta,2006-03-09,184.05,-0.09,1.80,85.17
robusta,2006-03-10,183.46,-0.32,1.47,85.77
robusta,2006-03-13,182.01,-0.79,0.67,85.29
robusta,2006-03-14,179.92,-1.15,-0.49,84.63
robusta,2006-03-15,181.79,1.04,0.55,85.71
robusta,2006-03-16,179.67,-1.17,-0.63,85.15
robusta,2006-03-17,176.35,-1.85,-2.46,82.95
robusta,2006-03-20,176.53,0.10,-2.36,82.14
robusta,2006-03-21,175.04,-0.84,-3.19,80.52
robusta,2006-03-22,174.98,-0.03,-3.22,81.31
robusta,2006-03-23,174.56,-0.24,-3.45,80.74
robusta,2006-03-24,174.06,-0.29,-3.73,80.81
robusta,2006-03-27,174.81,0.43,-3.31,80.52
robusta,2006-03-28,174.81,0.00,-3.31,79.13
robusta,2006-03-29,175.46,0.37,-2.95,79.25
robusta,2006-03-30,175.24,-0.13,-3.08,80.06
robusta,2006-03-31,178.58,1.91,-1.23,82.49
robusta,2006-04-03,175.82,-1.55,-1.55,82.20
robusta,2006-04-04,175.52,-0.17,-1.71,82.21
robusta,2006-04-05,177.16,0.93,-0.80,83.02
robusta,2006-04-06,176.80,-0.20,-1.00,83.01
robusta,2006-04-07,175.38,-0.80,-1.79,81.57
robusta,2006-04-10,174.14,-0.71,-2.49,80.73
robusta,2006-04-11,172.32,-1.05,-3.51,80.52
robusta,2006-04-12,173.24,0.53,-2.99,81.22
robusta,2006-04-13,172.68,-0.32,-3.30,80.77
robusta,2006-04-17,170.32,-1.37,-4.63,79.74
robusta,2006-04-18,157.96,-7.26,-11.55,74.62
robusta,2006-04-19,157.84,-0.08,-11.61,74.67
robusta,2006-04-20,158.98,0.72,-10.98,74.99
robusta,2006-04-24,158.84,-0.09,-11.05,75.13
robusta,2006-04-25,158.46,-0.24,-11.27,74.50
robusta,2006-04-26,158.13,-0.21,-11.45,74.66
robusta,2006-04-27,157.95,-0.11,-11.55,75.03
robusta,2006-04-28,157.12,-0.53,-12.02,75.29
robusta,2006-05-02,157.59,0.30,0.30,76.50
robusta,2006-05-03,157.11,-0.30,-0.01,75.71
robusta,2006-05-04,155.84,-0.81,-0.81,75.25
robusta,2006-05-05,153.57,-1.46,-2.26,74.73
robusta,2006-05-08,152.48,-0.71,-2.95,73.66
robusta,2006-05-09,152.79,0.20,-2.76,74.13
robusta,2006-05-10,152.73,-0.04,-2.79,74.14
robusta,2006-05-11,151.62,-0.73,-3.50,72.16
robusta,2006-05-12,152.46,0.55,-2.97,71.11
robusta,2006-05-15,149.57,-1.90,-4.81,68.42
robusta,2006-05-16,151.03,0.98,-3.88,70.71
robusta,2006-05-17,150.64,-0.26,-4.12,68.35
robusta,2006-05-18,152.10,0.97,-3.20,69.93
robusta,2006-05-19,152.57,0.31,-2.90,69.10
robusta,2006-05-22,153.46,0.58,-2.33,67.04
robusta,2006-05-23,154.73,0.83,-1.52,67.48
robusta,2006-05-24,156.28,1.00,-0.53,65.12
robusta,2006-05-25,157.46,0.76,0.22,68.64
robusta,2006-05-26,157.51,0.03,0.25,70.31
robusta,2006-05-29,156.93,-0.37,-0.12,68.98
robusta,2006-05-30,157.64,0.45,0.33,68.24
robusta,2006-05-31,159.83,1.39,1.72,68.80
robusta,2006-06-01,159.39,-0.28,-0.28,70.75
robusta,2006-06-02,162.12,1.71,1.43,71.20
robusta,2006-06-05,160.46,-1.02,0.39,71.28
robusta,2006-06-06,159.34,-0.70,-0.31,70.60
robusta,2006-06-07,159.50,0.10,-0.21,71.21
robusta,2006-06-08,158.17,-0.83,-1.04,69.62
robusta,2006-06-09,159.12,0.60,-0.44,70.38
robusta,2006-06-12,158.95,-0.11,-0.55,69.41
robusta,2006-06-13,158.83,-0.08,-0.63,68.97
robusta,2006-06-14,160.39,0.98,0.35,70.29
robusta,2006-06-16,160.39,0.00,0.35,71.44
robusta,2006-06-19,158.33,-1.28,-0.94,70.28
robusta,2006-06-20,157.72,-0.39,-1.32,70.22
robusta,2006-06-21,158.15,0.27,-1.05,70.85
robusta,2006-06-22,156.96,-0.75,-1.80,69.95
robusta,2006-06-23,157.66,0.45,-1.36,70.70
robusta,2006-06-26,156.06,-1.01,-2.36,69.95
robusta,2006-06-27,156.83,0.49,-1.88,70.08
robusta,2006-06-28,156.74,-0.06,-1.93,70.60
robusta,2006-06-29,157.61,0.56,-1.39,72.53
robusta,2006-06-30,157.83,0.14,-1.25,72.90
robusta,2006-07-03,159.17,0.85,0.85,73.01
robusta,2006-07-04,160.03,0.54,1.39,73.78
robusta,2006-07-05,161.95,1.20,2.61,73.62
robusta,2006-07-06,161.38,-0.35,2.25,74.20
robusta,2006-07-07,161.23,-0.09,2.15,73.89
robusta,2006-07-10,162.60,0.85,3.02,74.59
robusta,2006-07-11,163.13,0.33,3.36,74.66
robusta,2006-07-12,163.92,0.48,3.86,74.51
robusta,2006-07-13,163.27,-0.40,3.45,73.55
robusta,2006-07-14,162.83,-0.27,3.17,73.58
robusta,2006-07-17,159.44,-2.08,1.02,72.31
robusta,2006-07-18,159.97,0.33,1.36,72.95
robusta,2006-07-19,160.77,0.50,1.86,73.85
robusta,2006-07-20,160.28,-0.30,1.55,73.09
robusta,2006-07-21,155.98,-2.68,-1.17,70.93
robusta,2006-07-24,157.56,1.01,-0.17,71.88
robusta,2006-07-25,159.05,0.95,0.77,72.20
robusta,2006-07-26,159.06,0.01,0.78,72.63
robusta,2006-07-27,159.94,0.55,1.34,73.00
robusta,2006-07-28,161.38,0.90,2.25,74.23
robusta,2006-07-31,163.93,1.58,3.86,75.34
robusta,2006-08-01,162.05,-1.15,-1.15,73.96
robusta,2006-08-02,164.22,1.34,0.18,75.30
robusta,2006-08-03,163.76,-0.28,-0.10,75.22
robusta,2006-08-04,164.10,0.21,0.10,75.14
robusta,2006-08-07,165.04,0.57,0.68,75.53
robusta,2006-08-08,165.96,0.56,1.24,76.20
robusta,2006-08-09,169.02,1.84,3.10,77.96
robusta,2006-08-10,170.52,0.89,4.02,78.94
robusta,2006-08-11,170.37,-0.09,3.93,78.69
robusta,2006-08-14,167.44,-1.72,2.14,77.45
robusta,2006-08-15,168.94,0.90,3.06,78.91
robusta,2006-08-16,174.56,3.33,6.48,81.65
robusta,2006-08-17,173.43,-0.65,5.80,81.00
robusta,2006-08-18,174.72,0.74,6.58,81.38
robusta,2006-08-21,178.31,2.05,8.77,83.64
robusta,2006-08-22,181.08,1.55,10.46,84.70
robusta,2006-08-23,179.94,-0.63,9.77,83.61
robusta,2006-08-24,177.17,-1.54,8.08,82.25
robusta,2006-08-25,177.05,-0.07,8.00,82.08
robusta,2006-08-28,175.98,-0.60,7.35,82.23
robusta,2006-08-29,177.80,1.03,8.46,83.16
robusta,2006-08-30,175.64,-1.21,7.14,82.15
robusta,2006-08-31,177.50,1.06,8.28,82.75
robusta,2006-09-01,178.96,0.82,0.82,83.66
robusta,2006-09-04,179.96,0.56,1.39,84.72
robusta,2006-09-05,182.36,1.33,2.74,85.53
robusta,2006-09-06,183.02,0.36,3.11,85.05
robusta,2006-09-08,182.03,-0.54,2.55,84.31
robusta,2006-09-11,180.05,-1.09,1.44,82.74
robusta,2006-09-12,180.54,0.27,1.71,83.28
robusta,2006-09-13,183.16,1.45,3.19,84.88
robusta,2006-09-14,184.23,0.58,3.79,85.17
robusta,2006-09-15,183.36,-0.47,3.30,85.21
robusta,2006-09-18,181.81,-0.85,2.43,84.68
robusta,2006-09-19,181.70,-0.06,2.37,84.00
robusta,2006-09-20,182.22,0.29,2.66,83.70
robusta,2006-09-21,183.86,0.90,3.58,83.23
robusta,2006-09-22,183.93,0.04,3.62,83.34
robusta,2006-09-25,184.56,0.34,3.98,83.17
robusta,2006-09-26,185.95,0.75,4.76,84.79
robusta,2006-09-27,186.41,0.25,5.02,85.23
robusta,2006-09-28,185.95,-0.25,4.76,85.61
robusta,2006-09-29,186.20,0.13,4.90,85.77
robusta,2006-10-02,182.65,-1.91,-1.91,84.64
robusta,2006-10-03,184.04,0.76,-1.16,84.66
robusta,2006-10-04,184.91,0.47,-0.69,85.53
robusta,2006-10-05,184.71,-0.11,-0.80,85.55
robusta,2006-10-06,184.08,-0.34,-1.14,85.10
robusta,2006-10-09,182.67,-0.77,-1.90,84.73
robusta,2006-10-10,182.20,-0.26,-2.15,84.63
robusta,2006-10-11,182.60,0.22,-1.93,84.61
robusta,2006-10-13,184.46,1.02,-0.93,86.32
robusta,2006-10-16,184.38,-0.04,-0.98,86.56
robusta,2006-10-17,185.79,0.76,-0.22,87.15
robusta,2006-10-18,186.39,0.32,0.10,87.18
robusta,2006-10-19,184.68,-0.92,-0.82,86.26
robusta,2006-10-20,186.01,0.72,-0.10,86.88
robusta,2006-10-23,188.38,1.27,1.17,88.11
robusta,2006-10-24,188.79,0.22,1.39,87.81
robusta,2006-10-25,188.16,-0.33,1.05,87.68
robusta,2006-10-26,189.39,0.65,1.71,88.58
robusta,2006-10-27,189.29,-0.05,1.66,88.70
robusta,2006-10-30,189.79,0.26,1.93,88.27
robusta,2006-10-31,191.03,0.65,2.59,89.14
robusta,2006-11-01,191.25,0.12,0.12,89.20
robusta,2006-11-03,195.27,2.10,2.22,91.25
robusta,2006-11-06,198.23,1.52,3.77,92.76
robusta,2006-11-07,201.63,1.72,5.55,94.31
robusta,2006-11-08,200.69,-0.47,5.06,93.56
robusta,2006-11-09,202.38,0.84,5.94,94.53
robusta,2006-11-10,203.79,0.70,6.68,94.70
robusta,2006-11-13,200.92,-1.41,5.18,92.63
robusta,2006-11-14,202.65,0.86,6.08,94.30
robusta,2006-11-16,205.07,1.19,7.35,95.21
robusta,2006-11-17,200.46,-2.25,4.94,92.80
robusta,2006-11-20,200.17,-0.14,4.78,92.37
robusta,2006-11-21,204.79,2.31,7.20,94.68
robusta,2006-11-22,205.29,0.24,7.46,94.78
robusta,2006-11-23,204.93,-0.18,7.28,94.52
robusta,2006-11-24,205.34,0.20,7.49,94.63
robusta,2006-11-27,208.18,1.38,8.98,95.02
robusta,2006-11-28,208.48,0.14,9.13,95.28
robusta,2006-11-29,211.13,1.27,10.52,97.34
robusta,2006-11-30,208.42,-1.28,9.10,96.31
robusta,2006-12-01,210.01,0.76,0.76,96.87
robusta,2006-12-04,210.85,0.40,1.17,97.44
robusta,2006-12-05,211.84,0.47,1.64,98.44
robusta,2006-12-06,213.69,0.87,2.53,99.58
robusta,2006-12-07,213.18,-0.24,2.28,99.48
robusta,2006-12-08,214.12,0.44,2.73,100.06
robusta,2006-12-11,214.96,0.39,3.14,100.54
robusta,2006-12-12,215.07,0.05,3.19,99.94
robusta,2006-12-13,217.01,0.90,4.12,101.12
robusta,2006-12-14,217.35,0.16,4.28,101.19
robusta,2006-12-15,219.28,0.89,5.21,102.14
robusta,2006-12-18,218.25,-0.47,4.72,101.56
robusta,2006-12-19,217.45,-0.37,4.33,100.95
robusta,2006-12-20,218.88,0.66,5.02,101.43
robusta,2006-12-21,219.98,0.50,5.55,101.99
robusta,2006-12-22,219.95,-0.01,5.53,102.45
robusta,2006-12-26,218.88,-0.49,5.02,102.09
robusta,2006-12-27,221.47,1.18,6.26,103.20
robusta,2006-12-28,219.78,-0.76,5.45,102.89
robusta,2007-01-02,221.61,0.83,0.83,104.00
robusta,2007-01-03,220.53,-0.49,0.34,103.05
robusta,2007-01-04,220.37,-0.07,0.27,102.78
robusta,2007-01-05,219.78,-0.27,0.00,102.13
robusta,2007-01-08,218.23,-0.71,-0.71,101.46
robusta,2007-01-09,218.53,0.14,-0.57,101.64
robusta,2007-01-10,214.71,-1.75,-2.31,99.91
robusta,2007-01-11,215.53,0.38,-1.93,100.48
robusta,2007-01-12,216.78,0.58,-1.37,101.25
robusta,2007-01-15,218.66,0.87,-0.51,102.18
robusta,2007-01-16,218.68,0.01,-0.50,102.19
robusta,2007-01-17,217.03,-0.75,-1.25,101.70
robusta,2007-01-18,213.71,-1.53,-2.76,100.10
robusta,2007-01-19,210.29,-1.60,-4.32,98.68
robusta,2007-01-22,211.29,0.48,-3.86,98.92
robusta,2007-01-23,206.80,-2.13,-5.91,96.95
robusta,2007-01-24,206.20,-0.29,-6.18,96.85
robusta,2007-01-25,206.63,0.21,-5.98,96.83
robusta,2007-01-26,205.30,-0.64,-6.59,96.02
robusta,2007-01-29,205.02,-0.14,-6.72,96.03
robusta,2007-01-30,203.94,-0.53,-7.21,95.73
robusta,2007-01-31,202.47,-0.72,-7.88,95.32
robusta,2007-02-01,201.52,-0.47,-0.47,95.87
robusta,2007-02-02,201.74,0.11,-0.36,95.84
robusta,2007-02-05,200.30,-0.71,-1.07,95.66
robusta,2007-02-06,199.43,-0.43,-1.50,95.60
robusta,2007-02-07,199.20,-0.12,-1.62,95.13
robusta,2007-02-08,199.70,0.25,-1.37,95.42
robusta,2007-02-09,197.91,-0.90,-2.25,93.88
robusta,2007-02-12,198.43,0.26,-2.00,93.86
robusta,2007-02-13,194.23,-2.12,-4.07,92.14
robusta,2007-02-14,194.93,0.36,-3.72,93.18
robusta,2007-02-15,195.52,0.30,-3.43,93.42
robusta,2007-02-16,194.95,-0.29,-3.71,93.14
robusta,2007-02-21,194.52,-0.22,-3.93,93.66
robusta,2007-02-22,197.12,1.34,-2.64,94.68
robusta,2007-02-23,196.52,-0.30,-2.94,94.07
robusta,2007-02-26,198.93,1.23,-1.75,95.45
robusta,2007-02-27,199.47,0.27,-1.48,94.09
robusta,2007-02-28,200.80,0.67,-0.82,94.67
robusta,2007-03-01,200.13,-0.33,-0.33,94.45
robusta,2007-03-02,200.37,0.12,-0.21,93.98
robusta,2007-03-05,198.43,-0.97,-1.18,92.94
robusta,2007-03-06,198.68,0.13,-1.06,93.85
robusta,2007-03-07,200.94,1.14,0.07,95.10
robusta,2007-03-08,200.51,-0.21,-0.14,95.17
robusta,2007-03-09,201.39,0.44,0.29,95.95
robusta,2007-03-12,201.80,0.20,0.50,96.65
robusta,2007-03-13,202.24,0.22,0.72,96.12
robusta,2007-03-14,200.30,-0.96,-0.25,95.52
robusta,2007-03-15,202.58,1.14,0.89,96.93
robusta,2007-03-16,203.23,0.32,1.21,97.10
robusta,2007-03-19,203.13,-0.05,1.16,97.71
robusta,2007-03-20,202.80,-0.16,1.00,97.64
robusta,2007-03-21,202.91,0.05,1.05,98.50
robusta,2007-03-22,202.40,-0.25,0.80,98.20
robusta,2007-03-23,203.20,0.40,1.20,98.54
robusta,2007-03-26,203.20,0.00,1.20,98.64
robusta,2007-03-27,203.94,0.36,1.56,98.86
robusta,2007-03-28,203.55,-0.19,1.37,98.38
robusta,2007-03-29,203.76,0.10,1.47,99.69
robusta,2007-03-30,201.30,-1.21,0.25,97.67
robusta,2007-04-02,201.63,0.16,0.16,98.45
robusta,2007-04-03,202.37,0.37,0.53,99.35
robusta,2007-04-04,202.69,0.16,0.69,99.65
robusta,2007-04-05,203.30,0.30,0.99,100.05
robusta,2007-04-09,201.80,-0.74,0.25,99.66
robusta,2007-04-10,202.23,0.21,0.46,99.72
robusta,2007-04-11,200.14,-1.03,-0.58,98.20
robusta,2007-04-12,201.47,0.66,0.08,99.05
robusta,2007-04-13,200.93,-0.27,-0.18,99.42
robusta,2007-04-16,199.09,-0.92,-1.10,97.74
robusta,2007-04-17,198.93,-0.08,-1.18,97.71
robusta,2007-04-18,198.30,-0.32,-1.49,97.54
robusta,2007-04-19,196.36,-0.98,-2.45,96.78
robusta,2007-04-20,195.31,-0.53,-2.98,96.35
robusta,2007-04-23,195.41,0.05,-2.93,95.98
robusta,2007-04-24,194.70,-0.36,-3.28,95.67
robusta,2007-04-25,192.64,-1.06,-4.30,95.32
robusta,2007-04-26,188.81,-1.99,-6.20,93.15
robusta,2007-04-27,184.07,-2.51,-8.56,90.58
robusta,2007-04-30,185.48,0.77,-7.86,91.10
robusta,2007-05-02,182.96,-1.36,-1.36,90.40
robusta,2007-05-03,184.39,0.78,-0.59,90.97
robusta,2007-05-04,184.32,-0.04,-0.63,90.57
robusta,2007-05-07,184.48,0.09,-0.54,91.28
robusta,2007-05-08,184.96,0.26,-0.28,91.47
robusta,2007-05-09,185.53,0.31,0.03,91.89
robusta,2007-05-10,185.24,-0.16,-0.13,91.57
robusta,2007-05-11,185.98,0.40,0.27,92.16
robusta,2007-05-14,187.13,0.62,0.89,93.14
robusta,2007-05-15,189.22,1.12,2.02,95.47
robusta,2007-05-16,189.96,0.39,2.42,97.26
robusta,2007-05-17,190.26,0.16,2.58,97.47
robusta,2007-05-18,191.81,0.81,3.41,97.81
robusta,2007-05-21,193.00,0.62,4.05,99.53
robusta,2007-05-22,194.14,0.59,4.67,99.87
robusta,2007-05-23,192.42,-0.89,3.74,98.63
robusta,2007-05-24,193.52,0.57,4.33,98.24
robusta,2007-05-25,193.98,0.24,4.58,99.37
robusta,2007-05-28,193.81,-0.09,4.49,99.75
robusta,2007-05-29,194.31,0.26,4.76,99.65
robusta,2007-05-30,193.64,-0.34,4.40,99.71
robusta,2007-05-31,192.48,-0.60,3.77,99.94
robusta,2007-06-01,195.90,1.78,1.78,102.84
robusta,2007-06-04,196.41,0.26,2.04,101.87
robusta,2007-06-05,197.16,0.38,2.43,101.37
robusta,2007-06-06,198.30,0.58,3.02,101.59
robusta,2007-06-08,203.40,2.57,5.67,103.51
robusta,2007-06-11,204.08,0.33,6.03,105.17
robusta,2007-06-12,204.20,0.06,6.09,104.93
robusta,2007-06-13,205.00,0.39,6.50,105.40
robusta,2007-06-14,203.80,-0.59,5.88,105.76
robusta,2007-06-15,204.63,0.41,6.31,106.97
robusta,2007-06-18,205.30,0.33,6.66,107.71
robusta,2007-06-19,204.21,-0.53,6.09,107.20
robusta,2007-06-20,205.63,0.70,6.83,106.60
robusta,2007-06-21,205.23,-0.19,6.62,107.06
robusta,2007-06-22,205.44,0.10,6.73,105.73
robusta,2007-06-25,203.67,-0.86,5.81,104.39
robusta,2007-06-26,204.38,0.35,6.18,104.65
robusta,2007-06-27,204.77,0.19,6.39,105.39
robusta,2007-06-28,204.55,-0.11,6.27,106.42
robusta,2007-06-29,203.91,-0.31,5.94,105.65
robusta,2007-07-02,204.13,0.11,0.11,106.60
robusta,2007-07-03,203.42,-0.35,-0.24,106.45
robusta,2007-07-04,203.05,-0.18,-0.42,106.31
robusta,2007-07-05,203.50,0.22,-0.20,106.32
robusta,2007-07-06,202.74,-0.37,-0.57,106.53
robusta,2007-07-09,203.13,0.19,-0.38,106.97
robusta,2007-07-10,203.96,0.41,0.02,107.75
robusta,2007-07-11,204.69,0.36,0.38,108.18
robusta,2007-07-12,202.94,-0.85,-0.48,108.29
robusta,2007-07-13,199.63,-1.63,-2.10,107.22
robusta,2007-07-16,199.05,-0.29,-2.38,106.39
robusta,2007-07-17,200.18,0.57,-1.83,107.62
robusta,2007-07-18,200.70,0.26,-1.57,107.90
robusta,2007-07-19,201.83,0.56,-1.02,108.86
robusta,2007-07-20,202.63,0.40,-0.63,109.18
robusta,2007-07-23,201.26,-0.68,-1.30,109.26
robusta,2007-07-24,200.09,-0.58,-1.87,107.52
robusta,2007-07-25,199.38,-0.35,-2.22,106.79
robusta,2007-07-26,200.84,0.73,-1.51,104.17
robusta,2007-07-27,197.38,-1.72,-3.20,104.21
robusta,2007-07-30,198.48,0.56,-2.66,105.86
robusta,2007-07-31,199.80,0.67,-2.02,106.16
robusta,2007-08-01,198.84,-0.48,-0.48,105.10
robusta,2007-08-02,200.02,0.59,0.11,106.68
robusta,2007-08-03,200.73,0.35,0.47,105.65
robusta,2007-08-06,200.05,-0.34,0.13,104.96
robusta,2007-08-07,200.60,0.27,0.40,105.19
robusta,2007-08-08,200.18,-0.21,0.19,106.14
robusta,2007-08-09,200.93,0.37,0.57,104.32
robusta,2007-08-10,200.96,0.01,0.58,102.95
robusta,2007-08-13,201.64,0.34,0.92,103.78
robusta,2007-08-14,202.10,0.23,1.15,101.81
robusta,2007-08-15,200.66,-0.71,0.43,98.80
robusta,2007-08-16,201.47,0.40,0.84,96.30
robusta,2007-08-17,200.23,-0.62,0.22,98.88
robusta,2007-08-20,201.80,0.78,1.00,99.46
robusta,2007-08-21,202.11,0.15,1.16,99.37
robusta,2007-08-22,201.93,-0.09,1.07,100.41
robusta,2007-08-23,201.43,-0.25,0.82,101.32
robusta,2007-08-24,201.18,-0.12,0.69,103.59
robusta,2007-08-27,201.68,0.25,0.94,103.37
robusta,2007-08-28,201.61,-0.03,0.91,100.65
robusta,2007-08-29,201.56,-0.02,0.88,102.52
robusta,2007-08-30,201.24,-0.16,0.72,101.94
robusta,2007-08-31,201.50,0.13,0.85,102.65
robusta,2007-09-03,201.52,0.01,0.01,103.13
robusta,2007-09-04,203.01,0.74,0.75,104.16
robusta,2007-09-05,202.70,-0.15,0.60,102.94
robusta,2007-09-06,203.67,0.48,1.08,103.91
robusta,2007-09-10,204.24,0.28,1.36,104.95
robusta,2007-09-11,205.66,0.70,2.06,106.84
robusta,2007-09-12,205.09,-0.28,1.78,107.43
robusta,2007-09-13,204.14,-0.46,1.31,107.22
robusta,2007-09-14,205.64,0.73,2.05,108.17
robusta,2007-09-17,207.64,0.97,3.05,108.14
robusta,2007-09-18,207.80,0.08,3.13,110.71
robusta,2007-09-19,207.19,-0.29,2.82,110.86
robusta,2007-09-20,206.47,-0.35,2.47,109.71
robusta,2007-09-21,205.81,-0.32,2.14,110.17
robusta,2007-09-24,205.03,-0.38,1.75,109.58
robusta,2007-09-25,206.19,0.57,2.33,110.86
robusta,2007-09-26,205.47,-0.35,1.97,111.25
robusta,2007-09-27,205.03,-0.21,1.75,111.25
robusta,2007-09-28,205.38,0.17,1.93,111.98
robusta,2007-10-01,206.21,0.40,0.40,113.93
robusta,2007-10-02,205.81,-0.19,0.21,112.77
robusta,2007-10-03,205.74,-0.03,0.18,111.87
robusta,2007-10-04,205.56,-0.09,0.09,112.63
robusta,2007-10-05,204.67,-0.43,-0.35,113.45
robusta,2007-10-08,205.93,0.62,0.27,113.27
robusta,2007-10-09,204.48,-0.70,-0.44,113.41
robusta,2007-10-10,205.28,0.39,-0.05,113.73
robusta,2007-10-11,206.18,0.44,0.39,114.17
robusta,2007-10-15,205.31,-0.42,-0.03,113.12
robusta,2007-10-16,203.24,-1.01,-1.04,111.98
robusta,2007-10-17,205.75,1.23,0.18,112.98
robusta,2007-10-18,204.81,-0.46,-0.28,114.67
robusta,2007-10-19,205.45,0.31,0.03,113.76
robusta,2007-10-22,204.79,-0.32,-0.29,112.64
robusta,2007-10-23,204.59,-0.10,-0.38,113.79
robusta,2007-10-24,205.38,0.39,0.00,113.60
robusta,2007-10-25,204.35,-0.50,-0.50,113.91
robusta,2007-10-26,205.52,0.57,0.07,116.18
robusta,2007-10-29,205.50,-0.01,0.06,116.96
robusta,2007-10-30,205.68,0.09,0.15,117.40
robusta,2007-10-31,205.93,0.12,0.27,118.63
robusta,2007-11-01,205.49,-0.21,-0.21,117.56
robusta,2007-11-05,205.14,-0.17,-0.38,117.29
robusta,2007-11-06,205.75,0.30,-0.09,118.52
robusta,2007-11-07,206.31,0.27,0.18,118.57
robusta,2007-11-08,205.97,-0.16,0.02,118.04
robusta,2007-11-09,206.52,0.27,0.29,118.28
robusta,2007-11-12,205.68,-0.41,-0.12,115.75
robusta,2007-11-13,206.68,0.49,0.36,116.97
robusta,2007-11-14,207.30,0.30,0.67,119.55
robusta,2007-11-16,206.66,-0.31,0.35,118.30
robusta,2007-11-19,206.97,0.15,0.51,117.13
robusta,2007-11-20,205.97,-0.48,0.02,116.90
robusta,2007-11-21,206.55,0.28,0.30,116.30
robusta,2007-11-22,206.69,0.07,0.37,116.12
robusta,2007-11-23,206.80,0.05,0.42,114.64
robusta,2007-11-26,206.87,0.03,0.46,113.41
robusta,2007-11-27,206.90,0.01,0.47,112.69
robusta,2007-11-28,206.68,-0.11,0.36,115.21
robusta,2007-11-29,207.30,0.30,0.67,115.55
robusta,2007-11-30,207.14,-0.08,0.59,115.53
robusta,2007-12-03,206.18,-0.46,-0.46,114.93
robusta,2007-12-04,205.64,-0.26,-0.72,113.68
robusta,2007-12-05,206.56,0.45,-0.28,114.95
robusta,2007-12-06,206.93,0.18,-0.10,116.52
robusta,2007-12-07,207.31,0.18,0.08,117.85
robusta,2007-12-10,207.52,0.10,0.18,117.51
robusta,2007-12-11,207.12,-0.19,-0.01,117.82
robusta,2007-12-12,207.47,0.17,0.16,117.02
robusta,2007-12-13,207.12,-0.17,-0.01,116.16
robusta,2007-12-14,207.06,-0.03,-0.04,115.22
robusta,2007-12-17,207.93,0.42,0.38,114.69
robusta,2007-12-18,208.09,0.08,0.46,114.71
robusta,2007-12-19,207.45,-0.31,0.15,115.19
robusta,2007-12-20,207.47,0.01,0.16,114.94
robusta,2007-12-21,207.61,0.07,0.23,115.72
robusta,2007-12-26,207.31,-0.14,0.08,116.99
robusta,2007-12-27,207.61,0.14,0.23,117.89
robusta,2007-12-28,206.95,-0.32,-0.09,116.59
robusta,2008-01-02,208.12,0.57,0.57,117.45
robusta,2008-01-03,207.38,-0.36,0.21,118.37
robusta,2008-01-04,207.89,0.25,0.45,118.46
robusta,2008-01-07,208.23,0.16,0.62,118.05
robusta,2008-01-08,208.47,0.12,0.73,118.38
robusta,2008-01-09,208.43,-0.02,0.72,117.89
robusta,2008-01-10,209.38,0.46,1.17,119.17
robusta,2008-01-11,210.20,0.39,1.57,120.32
robusta,2008-01-14,209.51,-0.33,1.24,120.82
robusta,2008-01-15,210.44,0.44,1.69,120.11
robusta,2008-01-16,210.12,-0.15,1.53,118.51
robusta,2008-01-17,210.39,0.13,1.66,117.74
robusta,2008-01-18,210.20,-0.09,1.57,117.76
robusta,2008-01-21,210.49,0.14,1.71,115.02
robusta,2008-01-22,209.99,-0.24,1.47,117.18
robusta,2008-01-23,210.68,0.33,1.80,115.44
robusta,2008-01-24,211.23,0.26,2.07,118.40
robusta,2008-01-25,209.76,-0.70,1.36,117.38
robusta,2008-01-28,210.47,0.34,1.70,117.98
robusta,2008-01-29,210.45,-0.01,1.69,118.16
robusta,2008-01-30,211.03,0.28,1.97,118.55
robusta,2008-01-31,211.14,0.05,2.02,120.03
robusta,2008-02-01,211.83,0.33,0.33,121.32
robusta,2008-02-06,211.33,-0.24,0.09,120.55
robusta,2008-02-07,211.33,0.00,0.09,120.21
robusta,2008-02-08,213.68,1.11,1.20,120.79
robusta,2008-02-11,214.11,0.20,1.41,121.86
robusta,2008-02-12,214.99,0.41,1.82,122.85
robusta,2008-02-13,214.07,-0.43,1.39,122.82
robusta,2008-02-14,217.82,1.75,3.16,124.47
robusta,2008-02-15,220.32,1.15,4.35,125.61
robusta,2008-02-18,215.71,-2.09,2.16,124.26
robusta,2008-02-19,221.73,2.79,5.02,127.94
robusta,2008-02-20,223.53,0.81,5.87,129.66
robusta,2008-02-21,225.24,0.76,6.68,131.64
robusta,2008-02-22,227.76,1.12,7.87,133.35
robusta,2008-02-25,229.20,0.63,8.55,134.35
robusta,2008-02-26,228.45,-0.33,8.20,135.66
robusta,2008-02-27,231.96,1.54,9.86,138.81
robusta,2008-02-28,235.31,1.44,11.45,140.99
robusta,2008-02-29,239.36,1.72,13.37,141.55
robusta,2008-03-03,239.23,-0.05,-0.05,143.17
robusta,2008-03-04,241.09,0.78,0.72,142.99
robusta,2008-03-05,238.52,-1.07,-0.35,142.65
robusta,2008-03-06,229.81,-3.65,-3.99,136.79
robusta,2008-03-07,225.65,-1.81,-5.73,133.99
robusta,2008-03-10,219.43,-2.76,-8.33,128.62
robusta,2008-03-11,226.92,3.41,-5.20,134.67
robusta,2008-03-12,234.31,3.26,-2.11,139.97
robusta,2008-03-13,238.09,1.61,-0.53,140.63
robusta,2008-03-14,232.46,-2.36,-2.88,135.62
robusta,2008-03-17,221.32,-4.79,-7.54,128.45
robusta,2008-03-18,220.86,-0.21,-7.73,130.84
robusta,2008-03-19,227.67,3.08,-4.88,132.29
robusta,2008-03-20,220.94,-2.96,-7.70,127.57
robusta,2008-03-24,218.78,-0.98,-8.60,125.23
robusta,2008-03-25,224.35,2.55,-6.27,129.53
robusta,2008-03-26,228.66,1.92,-4.47,132.56
robusta,2008-03-27,229.64,0.43,-4.06,132.21
robusta,2008-03-28,227.13,-1.09,-5.11,130.24
robusta,2008-03-31,227.56,0.19,-4.93,129.81
robusta,2008-04-01,226.35,-0.53,-0.53,129.71
robusta,2008-04-02,225.92,-0.19,-0.72,130.82
robusta,2008-04-03,226.19,0.12,-0.60,131.73
robusta,2008-04-04,225.65,-0.24,-0.84,132.03
robusta,2008-04-07,225.56,-0.04,-0.88,132.37
robusta,2008-04-08,225.75,0.08,-0.80,133.27
robusta,2008-04-09,227.04,0.57,-0.23,134.42
robusta,2008-04-10,226.58,-0.20,-0.43,134.47
robusta,2008-04-11,226.04,-0.24,-0.67,133.75
robusta,2008-04-14,226.22,0.08,-0.59,134.10
robusta,2008-04-15,226.36,0.06,-0.53,134.50
robusta,2008-04-16,226.44,0.04,-0.49,136.08
robusta,2008-04-17,225.66,-0.34,-0.83,136.10
robusta,2008-04-18,223.42,-0.99,-1.82,133.86
robusta,2008-04-22,221.40,-0.90,-2.71,133.29
robusta,2008-04-23,219.99,-0.64,-3.33,132.68
robusta,2008-04-24,216.49,-1.59,-4.86,129.63
robusta,2008-04-25,211.16,-2.46,-7.21,126.67
robusta,2008-04-28,213.16,0.95,-6.33,126.28
robusta,2008-04-29,212.79,-0.17,-6.49,124.73
robusta,2008-04-30,213.12,0.16,-6.35,128.16
robusta,2008-05-02,208.50,-2.17,-2.17,126.36
robusta,2008-05-05,209.83,0.64,-1.54,126.63
robusta,2008-05-06,210.83,0.48,-1.07,127.00
robusta,2008-05-07,211.13,0.14,-0.93,124.93
robusta,2008-05-08,210.49,-0.30,-1.23,124.33
robusta,2008-05-09,209.95,-0.26,-1.49,124.53
robusta,2008-05-12,208.14,-0.86,-2.34,125.01
robusta,2008-05-13,208.44,0.14,-2.20,125.79
robusta,2008-05-14,210.63,1.05,-1.17,126.58
robusta,2008-05-15,210.66,0.01,-1.15,127.29
robusta,2008-05-16,210.38,-0.13,-1.29,128.20
robusta,2008-05-19,211.71,0.63,-0.66,128.39
robusta,2008-05-20,212.01,0.14,-0.52,128.49
robusta,2008-05-21,211.54,-0.22,-0.74,127.59
robusta,2008-05-23,212.33,0.37,-0.37,127.83
robusta,2008-05-26,213.66,0.63,0.25,128.79
robusta,2008-05-27,214.70,0.49,0.74,128.48
robusta,2008-05-28,215.46,0.35,1.10,130.19
robusta,2008-05-29,215.11,-0.16,0.93,131.41
robusta,2008-05-30,214.27,-0.39,0.54,131.61
robusta,2008-06-02,215.09,0.38,0.38,131.80
robusta,2008-06-03,210.83,-1.98,-1.61,129.42
robusta,2008-06-04,210.36,-0.22,-1.82,129.14
robusta,2008-06-05,210.33,-0.01,-1.84,129.27
robusta,2008-06-06,210.33,0.00,-1.84,128.72
robusta,2008-06-09,206.24,-1.94,-3.75,126.84
robusta,2008-06-10,208.63,1.16,-2.63,126.67
robusta,2008-06-11,206.95,-0.81,-3.42,126.03
robusta,2008-06-12,207.48,0.26,-3.17,126.90
robusta,2008-06-13,208.43,0.46,-2.73,127.40
robusta,2008-06-16,210.25,0.87,-1.88,129.38
robusta,2008-06-17,209.93,-0.15,-2.03,130.55
robusta,2008-06-18,210.12,0.09,-1.94,130.75
robusta,2008-06-19,209.92,-0.10,-2.03,130.87
robusta,2008-06-20,212.16,1.07,-0.98,132.10
robusta,2008-06-23,212.82,0.31,-0.68,131.94
robusta,2008-06-24,213.82,0.47,-0.21,133.47
robusta,2008-06-25,214.18,0.17,-0.04,134.62
robusta,2008-06-26,215.70,0.71,0.67,134.56
robusta,2008-06-27,215.97,0.13,0.79,135.32
robusta,2008-06-30,217.49,0.70,1.50,136.19
robusta,2008-07-01,220.10,1.20,1.20,137.14
robusta,2008-07-02,220.65,0.25,1.45,137.65
robusta,2008-07-03,220.60,-0.02,1.43,136.94
robusta,2008-07-04,218.82,-0.81,0.61,136.08
robusta,2008-07-07,216.82,-0.91,-0.31,135.43
robusta,2008-07-08,209.83,-3.22,-3.52,130.04
robusta,2008-07-09,213.68,1.83,-1.75,132.89
robusta,2008-07-10,214.99,0.61,-1.15,133.53
robusta,2008-07-11,218.32,1.55,0.38,136.36
robusta,2008-07-14,216.64,-0.77,-0.39,135.91
robusta,2008-07-15,217.32,0.31,-0.08,136.85
robusta,2008-07-16,217.13,-0.09,-0.17,135.96
robusta,2008-07-17,218.62,0.69,0.52,136.72
robusta,2008-07-18,217.22,-0.64,-0.12,136.70
robusta,2008-07-21,217.07,-0.07,-0.19,137.47
robusta,2008-07-22,216.02,-0.48,-0.68,136.72
robusta,2008-07-23,214.82,-0.56,-1.23,135.62
robusta,2008-07-24,214.25,-0.27,-1.49,135.69
robusta,2008-07-25,214.82,0.27,-1.23,136.57
robusta,2008-07-28,214.82,0.00,-1.23,136.40
robusta,2008-08-11,214.99,0.08,0.08,133.04
robusta,2008-08-12,213.68,-0.61,-0.53,131.58
robusta,2008-08-13,213.49,-0.09,-0.62,132.19
robusta,2008-08-14,212.82,-0.31,-0.93,130.81
robusta,2008-08-15,213.49,0.31,-0.62,130.34
robusta,2008-08-18,213.12,-0.17,-0.79,130.03
robusta,2008-08-19,213.75,0.30,-0.50,131.38
robusta,2008-08-20,212.75,-0.47,-0.96,131.41
robusta,2008-08-21,214.07,0.62,-0.35,132.96
robusta,2008-08-22,214.45,0.18,-0.17,131.72
robusta,2008-08-25,213.82,-0.29,-0.47,130.94
robusta,2008-08-26,213.82,0.00,-0.47,131.10
robusta,2008-08-27,214.91,0.51,0.04,132.49
robusta,2008-08-28,214.16,-0.35,-0.31,131.22
robusta,2008-08-29,215.32,0.54,0.23,131.86
robusta,2008-09-01,213.82,-0.70,-0.70,129.83
robusta,2008-09-02,214.22,0.19,-0.51,128.82
robusta,2008-09-04,217.12,1.35,0.84,126.31
robusta,2008-09-05,216.92,-0.09,0.74,126.34
robusta,2008-09-08,214.99,-0.89,-0.15,123.84
robusta,2008-09-09,216.07,0.50,0.35,121.94
robusta,2008-09-10,215.49,-0.27,0.08,120.72
robusta,2008-09-11,218.42,1.36,1.44,120.34
robusta,2008-09-12,219.31,0.41,1.85,123.14
robusta,2008-09-15,219.53,0.10,1.96,121.02
robusta,2008-09-16,216.65,-1.31,0.62,119.04
robusta,2008-09-17,217.72,0.49,1.11,116.55
robusta,2008-09-18,216.40,-0.61,0.50,112.13
robusta,2008-09-19,219.42,1.40,1.90,119.90
robusta,2008-09-22,218.82,-0.27,1.63,122.04
robusta,2008-09-23,219.49,0.31,1.94,119.94
robusta,2008-09-24,219.52,0.01,1.95,118.66
robusta,2008-09-25,220.25,0.33,2.29,120.95
robusta,2008-09-26,219.49,-0.35,1.94,118.45
robusta,2008-09-29,216.15,-1.52,0.39,109.89
robusta,2008-09-30,217.24,0.50,0.89,114.10
robusta,2008-10-01,216.82,-0.19,-0.19,113.05
robusta,2008-10-02,218.65,0.84,0.65,108.19
robusta,2008-10-03,219.82,0.54,1.19,107.54
robusta,2008-10-06,216.57,-1.48,-0.31,98.44
robusta,2008-10-07,218.10,0.71,0.40,94.33
robusta,2008-10-08,220.62,1.16,1.56,96.76
robusta,2008-10-09,220.82,0.09,1.65,100.92
robusta,2008-10-10,220.87,0.02,1.67,95.45
robusta,2008-10-13,221.15,0.13,1.80,103.34
robusta,2008-10-14,221.32,0.08,1.88,105.29
robusta,2008-10-15,219.19,-0.96,0.90,101.24
robusta,2008-10-16,218.02,-0.53,0.36,100.70
robusta,2008-10-17,221.15,1.44,1.80,104.56
robusta,2008-10-20,221.07,-0.04,1.76,104.42
robusta,2008-10-21,221.82,0.34,2.11,99.20
robusta,2008-10-22,222.45,0.28,2.40,93.47
robusta,2008-10-23,223.15,0.31,2.72,96.60
robusta,2008-10-24,221.32,-0.82,1.88,95.11
robusta,2008-10-27,220.01,-0.59,1.28,98.04
robusta,2008-10-28,221.01,0.45,1.74,101.10
robusta,2008-10-29,220.67,-0.15,1.58,103.12
robusta,2008-10-30,222.43,0.80,2.39,105.77
robusta,2008-10-31,219.38,-1.37,0.99,101.75
robusta,2008-11-03,220.81,0.65,0.65,101.80
robusta,2008-11-04,221.38,0.26,0.91,104.87
robusta,2008-11-05,221.14,-0.11,0.80,104.41
robusta,2008-11-06,221.81,0.30,1.11,100.78
robusta,2008-11-07,221.31,-0.23,0.88,102.46
robusta,2008-11-10,220.14,-0.53,0.35,100.43
robusta,2008-11-11,221.24,0.50,0.85,99.57
robusta,2008-11-12,222.21,0.44,1.29,96.91
robusta,2008-11-13,222.87,0.30,1.59,93.64
robusta,2008-11-14,223.11,0.11,1.70,98.29
robusta,2008-11-17,222.78,-0.15,1.55,97.84
robusta,2008-11-18,222.24,-0.24,1.30,95.59
robusta,2008-11-19,222.59,0.16,1.46,93.33
robusta,2008-11-20,222.81,0.10,1.56,92.84
robusta,2008-11-21,221.45,-0.61,0.94,89.87
robusta,2008-11-24,221.48,0.01,0.96,95.14
robusta,2008-11-25,223.01,0.69,1.65,95.92
robusta,2008-11-26,221.81,-0.54,1.11,97.84
robusta,2008-11-27,224.31,1.13,2.25,98.34
robusta,2008-11-28,225.01,0.31,2.57,97.32
robusta,2008-12-01,224.95,-0.03,-0.03,97.02
robusta,2008-12-02,224.97,0.01,-0.02,94.09
robusta,2008-12-03,226.80,0.81,0.80,91.68
robusta,2008-12-04,228.90,0.93,1.73,90.44
robusta,2008-12-05,232.13,1.41,3.16,93.41
robusta,2008-12-08,228.99,-1.35,1.77,91.60
robusta,2008-12-09,227.69,-0.57,1.19,92.11
robusta,2008-12-10,225.64,-0.90,0.28,92.89
robusta,2008-12-11,227.66,0.90,1.18,97.08
robusta,2008-12-12,225.80,-0.82,0.35,95.48
robusta,2008-12-15,226.43,0.28,0.63,95.18
robusta,2008-12-16,226.10,-0.15,0.48,95.40
robusta,2008-12-17,224.81,-0.57,-0.09,95.74
robusta,2008-12-18,223.81,-0.44,-0.53,94.87
robusta,2008-12-19,222.47,-0.60,-1.13,94.07
robusta,2008-12-22,220.06,-1.08,-2.20,92.08
robusta,2008-12-23,220.31,0.11,-2.09,92.30
robusta,2008-12-29,220.39,0.04,-2.05,91.26
robusta,2008-12-30,219.14,-0.57,-2.61,93.81
robusta,2009-01-06,221.21,0.94,0.94,101.47
robusta,2009-01-07,222.66,0.66,1.61,98.87
robusta,2009-01-08,222.61,-0.02,1.58,96.87
robusta,2009-01-09,225.43,1.27,2.87,99.27
robusta,2009-01-12,222.89,-1.13,1.71,97.16
robusta,2009-01-13,225.56,1.20,2.93,96.89
robusta,2009-01-14,226.26,0.31,3.25,96.49
robusta,2009-01-15,226.48,0.10,3.35,95.08
robusta,2009-01-16,228.46,0.87,4.25,97.80
robusta,2009-01-19,227.91,-0.24,4.00,97.73
robusta,2009-01-20,228.95,0.46,4.48,96.56
robusta,2009-01-21,228.70,-0.11,4.36,97.24
robusta,2009-01-22,229.69,0.43,4.81,98.58
robusta,2009-01-23,231.52,0.80,5.65,98.94
robusta,2009-01-26,231.31,-0.09,5.55,100.13
robusta,2009-01-27,233.01,0.73,6.33,100.05
robusta,2009-01-28,233.38,0.16,6.50,102.58
robusta,2009-01-29,233.56,0.08,6.58,101.77
robusta,2009-01-30,232.81,-0.32,6.24,100.57
robusta,2009-02-03,230.24,-1.10,-1.10,99.24
robusta,2009-02-04,229.69,-0.24,-1.34,99.47
robusta,2009-02-05,227.67,-0.88,-2.21,99.51
robusta,2009-02-06,226.39,-0.56,-2.76,100.71
robusta,2009-02-09,226.04,-0.15,-2.91,101.04
robusta,2009-02-10,225.74,-0.13,-3.04,100.24
robusta,2009-02-11,225.81,0.03,-3.01,98.61
robusta,2009-02-12,225.31,-0.22,-3.22,98.48
robusta,2009-02-13,222.26,-1.35,-4.53,98.17
robusta,2009-02-16,220.42,-0.83,-5.32,96.67
robusta,2009-02-17,220.60,0.08,-5.24,94.84
robusta,2009-02-18,220.15,-0.20,-5.44,93.72
robusta,2009-02-19,220.82,0.30,-5.15,93.93
robusta,2009-02-20,219.60,-0.55,-5.67,91.92
robusta,2009-02-25,220.15,0.25,-5.44,92.70
robusta,2009-02-26,221.65,0.68,-4.79,94.56
robusta,2009-02-27,219.39,-1.02,-5.76,92.53
robusta,2009-03-02,220.98,0.72,0.72,90.46
robusta,2009-03-03,219.15,-0.83,-0.11,90.86
robusta,2009-03-04,220.69,0.70,0.59,93.04
robusta,2009-03-05,220.32,-0.17,0.42,92.57
robusta,2009-03-06,218.15,-0.98,-0.57,91.85
robusta,2009-03-09,216.54,-0.74,-1.30,91.17
robusta,2009-03-11,208.33,-3.79,-5.04,88.65
robusta,2009-03-12,210.68,1.13,-3.97,91.48
robusta,2009-03-13,208.83,-0.88,-4.81,90.87
robusta,2009-03-16,211.83,1.44,-3.45,93.03
robusta,2009-03-17,208.23,-1.70,-5.09,91.13
robusta,2009-03-18,209.43,0.58,-4.54,93.08
robusta,2009-03-19,211.54,1.01,-3.58,94.10
robusta,2009-03-20,209.20,-1.11,-4.64,92.40
robusta,2009-03-23,211.43,1.07,-3.63,94.18
robusta,2009-03-24,210.47,-0.45,-4.07,93.88
robusta,2009-03-25,212.23,0.84,-3.26,94.41
robusta,2009-03-26,211.63,-0.28,-3.54,94.48
robusta,2009-03-27,208.83,-1.32,-4.81,91.11
robusta,2009-03-30,208.11,-0.34,-5.14,89.28
robusta,2009-03-31,207.63,-0.23,-5.36,89.57
robusta,2009-04-01,206.43,-0.58,-0.58,90.50
robusta,2009-04-02,205.83,-0.29,-0.87,92.09
robusta,2009-04-03,205.33,-0.24,-1.11,93.08
robusta,2009-04-06,204.83,-0.24,-1.35,92.35
robusta,2009-04-07,204.42,-0.20,-1.55,92.16
robusta,2009-04-08,204.26,-0.08,-1.62,92.68
robusta,2009-04-09,206.16,0.93,-0.71,94.92
robusta,2009-04-13,205.16,-0.49,-1.19,94.55
robusta,2009-04-14,199.84,-2.59,-3.75,91.04
robusta,2009-04-15,199.44,-0.20,-3.94,90.78
robusta,2009-04-16,198.67,-0.39,-4.32,91.30
robusta,2009-04-17,197.64,-0.52,-4.81,90.20
robusta,2009-04-20,195.59,-1.04,-5.80,87.16
robusta,2009-04-22,194.24,-0.69,-6.45,88.21
robusta,2009-04-23,194.96,0.37,-6.10,87.86
robusta,2009-04-24,194.41,-0.28,-6.37,88.73
robusta,2009-04-27,196.50,1.08,-5.36,88.52
robusta,2009-04-28,195.04,-0.74,-6.06,88.78
robusta,2009-04-29,196.67,0.84,-5.28,90.42
robusta,2009-04-30,198.67,1.02,-4.32,90.80
robusta,2009-05-04,198.84,0.09,0.09,93.53
robusta,2009-05-05,198.84,0.00,0.09,92.57
robusta,2009-05-06,198.41,-0.22,-0.13,93.94
robusta,2009-05-07,198.84,0.22,0.09,94.24
robusta,2009-05-08,198.64,-0.10,-0.02,96.05
robusta,2009-05-11,195.84,-1.41,-1.42,95.11
robusta,2009-05-12,196.04,0.10,-1.32,94.70
robusta,2009-05-13,197.50,0.74,-0.59,93.78
robusta,2009-05-14,196.64,-0.44,-1.02,94.45
robusta,2009-05-18,195.04,-0.81,-1.83,93.95
robusta,2009-05-19,196.84,0.92,-0.92,96.73
robusta,2009-05-20,197.84,0.51,-0.42,97.55
robusta,2009-05-22,196.12,-0.87,-1.28,96.76
robusta,2009-05-25,196.44,0.16,-1.12,97.01
robusta,2009-05-26,196.85,0.21,-0.92,97.55
robusta,2009-05-27,197.04,0.10,-0.82,97.79
robusta,2009-05-28,197.84,0.41,-0.42,98.48
robusta,2009-05-29,197.50,-0.17,-0.59,100.26
robusta,2009-06-01,197.09,-0.21,-0.21,100.92
robusta,2009-06-02,195.04,-1.04,-1.25,101.37
robusta,2009-06-03,196.06,0.52,-0.73,99.88
robusta,2009-06-04,195.84,-0.11,-0.84,100.84
robusta,2009-06-05,196.01,0.09,-0.75,100.16
robusta,2009-06-08,195.04,-0.49,-1.25,99.21
robusta,2009-06-09,193.84,-0.62,-1.85,100.12
robusta,2009-06-12,192.84,-0.52,-2.36,100.18
robusta,2009-06-15,190.04,-1.45,-3.78,97.31
robusta,2009-06-16,189.44,-0.32,-4.08,96.31
robusta,2009-06-17,189.04,-0.21,-4.28,96.35
robusta,2009-06-18,188.05,-0.52,-4.78,95.21
robusta,2009-06-19,186.25,-0.96,-5.70,94.40
robusta,2009-06-22,183.05,-1.72,-7.32,90.44
robusta,2009-06-23,181.85,-0.66,-7.92,91.75
robusta,2009-06-24,180.28,-0.86,-8.72,90.82
robusta,2009-06-25,177.69,-1.44,-10.03,91.31
robusta,2009-06-26,177.69,0.00,-10.03,91.64
robusta,2009-06-29,178.19,0.28,-9.78,90.73
robusta,2009-06-30,180.75,1.44,-8.48,92.03
robusta,2009-07-01,180.19,-0.31,-0.31,93.41
robusta,2009-07-02,179.44,-0.42,-0.72,91.92
robusta,2009-07-03,178.95,-0.27,-1.00,91.68
robusta,2009-07-06,177.71,-0.69,-1.68,90.67
robusta,2009-07-07,178.77,0.60,-1.10,89.70
robusta,2009-07-08,177.98,-0.44,-1.53,88.55
robusta,2009-07-09,178.52,0.30,-1.23,89.62
robusta,2009-07-10,178.85,0.18,-1.05,89.43
robusta,2009-07-13,179.28,0.24,-0.81,90.55
robusta,2009-07-14,179.85,0.32,-0.50,91.34
robusta,2009-07-15,178.13,-0.96,-1.45,92.05
robusta,2009-07-16,179.85,0.97,-0.50,93.19
robusta,2009-07-17,178.57,-0.71,-1.21,92.62
robusta,2009-07-20,180.35,1.00,-0.22,94.77
robusta,2009-07-21,179.85,-0.28,-0.50,94.31
robusta,2009-07-22,179.85,0.00,-0.50,94.46
robusta,2009-07-23,181.05,0.67,0.17,95.84
robusta,2009-07-24,180.85,-0.11,0.06,95.34
robusta,2009-07-27,182.08,0.68,0.74,97.11
robusta,2009-07-28,182.99,0.50,1.24,97.23
robusta,2009-07-29,182.05,-0.51,0.72,95.61
robusta,2009-07-30,183.96,1.05,1.78,98.16
robusta,2009-07-31,182.85,-0.60,1.16,98.04
robusta,2009-08-03,184.92,1.13,1.13,100.77
robusta,2009-08-04,185.35,0.23,1.37,101.67
robusta,2009-08-05,185.08,-0.15,1.22,102.20
robusta,2009-08-06,186.10,0.55,1.78,101.30
robusta,2009-08-07,185.68,-0.23,1.55,101.80
robusta,2009-08-10,186.07,0.21,1.76,100.63
robusta,2009-08-11,186.44,0.20,1.96,101.16
robusta,2009-08-12,186.51,0.04,2.00,101.70
robusta,2009-08-13,185.99,-0.28,1.72,101.52
robusta,2009-08-14,186.34,0.19,1.91,100.56
robusta,2009-08-17,184.68,-0.89,1.00,98.86
robusta,2009-08-18,185.13,0.24,1.25,100.34
robusta,2009-08-19,184.85,-0.15,1.09,100.19
robusta,2009-08-20,185.49,0.35,1.44,100.64
robusta,2009-08-21,186.84,0.73,2.18,102.04
robusta,2009-08-24,187.11,0.14,2.33,101.41
robusta,2009-08-25,186.46,-0.35,1.97,100.41
robusta,2009-08-26,188.04,0.85,2.84,101.04
robusta,2009-08-27,186.68,-0.72,2.09,100.09
robusta,2009-08-28,187.06,0.20,2.30,99.39
robusta,2009-08-31,187.84,0.42,2.73,99.44
robusta,2009-09-01,186.24,-0.85,-0.85,97.77
robusta,2009-09-02,187.57,0.71,-0.14,99.51
robusta,2009-09-03,188.72,0.61,0.47,101.13
robusta,2009-09-04,189.38,0.35,0.82,102.92
robusta,2009-09-08,188.13,-0.66,0.15,102.97
robusta,2009-09-09,189.98,0.98,1.14,103.48
robusta,2009-09-10,189.72,-0.14,1.00,104.18
robusta,2009-09-11,188.84,-0.46,0.53,103.36
robusta,2009-09-14,189.92,0.57,1.11,104.76
robusta,2009-09-15,189.51,-0.22,0.89,104.93
robusta,2009-09-16,189.51,0.00,0.89,105.28
robusta,2009-09-17,190.59,0.57,1.46,105.47
robusta,2009-09-18,190.70,0.06,1.52,105.42
robusta,2009-09-21,189.67,-0.54,0.97,104.45
robusta,2009-09-22,189.91,0.13,1.10,105.62
robusta,2009-09-23,190.09,0.09,1.20,106.37
robusta,2009-09-24,188.34,-0.92,0.27,104.40
robusta,2009-09-25,188.14,-0.11,0.16,104.64
robusta,2009-09-28,187.41,-0.39,-0.23,104.58
robusta,2009-09-29,187.74,0.18,-0.05,104.71
robusta,2009-09-30,186.59,-0.61,-0.67,105.30
robusta,2009-10-01,187.04,0.24,0.24,104.61
robusta,2009-10-02,186.69,-0.19,0.05,105.00
robusta,2009-10-05,186.64,-0.03,0.03,105.99
robusta,2009-10-06,186.75,0.06,0.09,106.59
robusta,2009-10-07,188.56,0.97,1.06,107.38
robusta,2009-10-08,186.84,-0.91,0.13,107.44
robusta,2009-10-09,186.75,-0.05,0.09,107.51
robusta,2009-10-13,186.99,0.13,0.21,108.27
robusta,2009-10-14,186.09,-0.48,-0.27,109.27
robusta,2009-10-15,185.05,-0.56,-0.83,108.91
robusta,2009-10-16,184.66,-0.21,-1.03,107.99
robusta,2009-10-19,183.10,-0.84,-1.87,107.01
robusta,2009-10-20,180.96,-1.17,-3.02,103.76
robusta,2009-10-21,180.28,-0.38,-3.38,104.51
robusta,2009-10-22,178.85,-0.79,-4.15,103.08
robusta,2009-10-23,174.49,-2.44,-6.48,101.86
robusta,2009-10-26,169.77,-2.71,-9.01,97.57
robusta,2009-10-27,169.11,-0.39,-9.37,97.24
robusta,2009-10-28,168.86,-0.15,-9.50,96.22
robusta,2009-10-29,169.41,0.33,-9.21,97.87
robusta,2009-10-30,169.36,-0.03,-9.23,96.45
robusta,2009-11-03,168.66,-0.41,-0.41,96.65
robusta,2009-11-04,170.36,1.01,0.59,98.59
robusta,2009-11-05,169.73,-0.37,0.22,98.57
robusta,2009-11-06,168.53,-0.71,-0.49,98.04
robusta,2009-11-09,162.77,-3.42,-3.89,95.69
robusta,2009-11-10,152.98,-6.01,-9.67,89.10
robusta,2009-11-11,147.42,-3.63,-12.95,85.61
robusta,2009-11-12,147.44,0.01,-12.94,84.83
robusta,2009-11-13,148.21,0.52,-12.49,86.07
robusta,2009-11-16,150.57,1.59,-11.09,88.05
robusta,2009-11-17,153.25,1.78,-9.51,89.25
robusta,2009-11-18,157.01,2.45,-7.29,91.93
robusta,2009-11-19,158.01,0.64,-6.70,91.12
robusta,2009-11-20,159.24,0.78,-5.98,91.83
robusta,2009-11-23,163.75,2.83,-3.31,94.76
robusta,2009-11-24,170.57,4.16,0.71,98.31
robusta,2009-11-25,171.29,0.42,1.14,99.24
robusta,2009-11-26,171.00,-0.17,0.97,97.71
robusta,2009-11-27,169.46,-0.90,0.06,97.22
robusta,2009-11-30,171.94,1.46,1.52,98.03
robusta,2009-12-01,173.32,0.80,0.80,100.65
robusta,2009-12-02,174.44,0.65,1.45,101.30
robusta,2009-12-03,175.00,0.32,1.78,102.40
robusta,2009-12-04,174.85,-0.09,1.69,101.36
robusta,2009-12-07,174.73,-0.07,1.62,101.47
robusta,2009-12-08,177.85,1.79,3.44,101.17
robusta,2009-12-09,177.60,-0.14,3.29,100.28
robusta,2009-12-10,178.35,0.42,3.73,100.99
robusta,2009-12-11,178.71,0.20,3.94,101.83
robusta,2009-12-14,180.03,0.74,4.71,103.35
robusta,2009-12-15,182.25,1.23,6.00,103.96
robusta,2009-12-16,183.46,0.66,6.70,104.84
robusta,2009-12-17,179.85,-1.97,4.60,100.47
robusta,2009-12-18,179.10,-0.42,4.16,100.45
robusta,2009-12-21,177.67,-0.80,3.33,99.59
robusta,2009-12-22,174.28,-1.91,1.36,97.80
robusta,2009-12-23,172.41,-1.07,0.27,98.13
robusta,2009-12-28,171.36,-0.61,-0.34,98.42
robusta,2009-12-29,171.61,0.15,-0.19,98.45
robusta,2009-12-30,171.29,-0.19,-0.38,98.27
robusta,2010-01-04,174.28,1.75,1.75,101.33
robusta,2010-01-05,173.57,-0.41,1.33,100.27
robusta,2010-01-06,174.69,0.65,1.98,100.45
robusta,2010-01-07,174.08,-0.35,1.63,99.76
robusta,2010-01-08,174.96,0.51,2.14,101.14
robusta,2010-01-11,176.45,0.85,3.01,101.64
robusta,2010-01-12,177.52,0.61,3.64,101.55
robusta,2010-01-13,176.60,-0.52,3.10,100.34
robusta,2010-01-14,176.99,0.22,3.33,100.28
robusta,2010-01-15,175.77,-0.69,2.62,99.19
robusta,2010-01-18,176.39,0.35,2.98,99.82
robusta,2010-01-19,177.18,0.45,3.44,99.99
robusta,2010-01-20,173.63,-2.00,1.37,96.89
robusta,2010-01-21,171.23,-1.38,-0.04,95.13
robusta,2010-01-22,168.53,-1.58,-1.61,92.85
robusta,2010-01-25,168.08,-0.27,-1.87,92.30
robusta,2010-01-26,169.52,0.86,-1.03,92.33
robusta,2010-01-28,169.95,0.25,-0.78,91.03
robusta,2010-01-29,170.61,0.39,-0.40,90.51
robusta,2010-02-01,168.86,-1.03,-1.03,90.83
robusta,2010-02-02,169.94,0.64,-0.39,92.86
robusta,2010-02-03,168.78,-0.68,-1.07,91.58
robusta,2010-02-04,167.03,-1.04,-2.10,88.70
robusta,2010-02-05,164.53,-1.50,-3.56,87.05
robusta,2010-02-08,166.19,1.01,-2.59,93.16
robusta,2010-02-09,165.29,-0.54,-3.12,89.49
robusta,2010-02-10,167.00,1.03,-2.12,90.32
robusta,2010-02-11,166.94,-0.04,-2.15,90.29
robusta,2010-02-12,168.36,0.85,-1.32,90.37
robusta,2010-02-17,167.06,-0.77,-2.08,91.49
robusta,2010-02-18,169.40,1.40,-0.71,92.98
robusta,2010-02-19,170.77,0.81,0.09,94.61
robusta,2010-02-22,169.75,-0.60,-0.50,93.83
robusta,2010-02-23,169.19,-0.33,-0.83,92.66
robusta,2010-02-24,169.86,0.40,-0.44,93.02
robusta,2010-02-25,171.11,0.74,0.29,93.45
robusta,2010-02-26,172.36,0.73,1.03,95.44
robusta,2010-03-01,172.06,-0.17,-0.17,95.69
robusta,2010-03-02,173.85,1.04,0.86,97.56
robusta,2010-03-03,174.35,0.29,1.15,97.40
robusta,2010-03-04,173.39,-0.55,0.60,96.76
robusta,2010-03-05,174.24,0.49,1.09,97.56
robusta,2010-03-08,173.95,-0.17,0.92,97.29
robusta,2010-03-09,176.77,1.62,2.56,99.31
robusta,2010-03-10,176.92,0.08,2.65,99.90
robusta,2010-03-11,176.85,-0.04,2.61,99.92
robusta,2010-03-12,178.39,0.87,3.50,101.24
robusta,2010-03-15,178.21,-0.10,3.39,101.08
robusta,2010-03-16,177.85,-0.20,3.19,100.82
robusta,2010-03-17,180.60,1.55,4.78,102.32
robusta,2010-03-18,174.98,-3.11,1.52,97.97
robusta,2010-03-19,176.52,0.88,2.41,98.01
robusta,2010-03-22,172.48,-2.29,0.07,95.82
robusta,2010-03-23,171.93,-0.32,-0.25,96.75
robusta,2010-03-24,170.63,-0.76,-1.00,94.79
robusta,2010-03-25,167.78,-1.67,-2.66,92.75
robusta,2010-03-29,168.36,0.35,-2.32,93.64
robusta,2010-03-30,168.78,0.25,-2.08,94.03
robusta,2010-03-31,168.78,0.00,-2.08,94.76
robusta,2010-04-01,168.50,-0.17,-0.17,95.25
robusta,2010-04-05,167.19,-0.78,-0.94,94.89
robusta,2010-04-06,166.11,-0.65,-1.58,94.70
robusta,2010-04-07,162.76,-2.02,-3.57,91.65
robusta,2010-04-08,159.96,-1.72,-5.23,89.96
robusta,2010-04-09,158.28,-1.05,-6.22,89.22
robusta,2010-04-12,157.87,-0.26,-6.46,89.85
robusta,2010-04-13,157.70,-0.11,-6.56,89.76
robusta,2010-04-14,157.33,-0.23,-6.78,90.06
robusta,2010-04-15,157.22,-0.07,-6.85,89.69
robusta,2010-04-16,156.70,-0.33,-7.16,89.04
robusta,2010-04-19,156.87,0.11,-7.06,89.38
robusta,2010-04-20,156.40,-0.30,-7.33,89.22
robusta,2010-04-22,154.95,-0.93,-8.19,87.89
robusta,2010-04-23,153.72,-0.79,-8.92,87.29
robusta,2010-04-26,154.73,0.66,-8.32,88.67
robusta,2010-04-27,154.80,0.05,-8.28,87.70
robusta,2010-04-28,153.70,-0.71,-8.93,87.78
robusta,2010-04-29,154.14,0.29,-8.67,89.00
robusta,2010-04-30,155.58,0.93,-7.82,89.57
robusta,2010-05-03,156.87,0.83,0.83,90.68
robusta,2010-05-04,157.37,0.32,1.15,89.36
robusta,2010-05-05,157.33,-0.03,1.12,87.55
robusta,2010-05-06,157.23,-0.06,1.06,84.81
robusta,2010-05-07,157.41,0.11,1.18,85.13
robusta,2010-05-10,157.94,0.34,1.52,89.08
robusta,2010-05-11,157.95,0.01,1.52,88.49
robusta,2010-05-12,158.87,0.58,2.11,89.50
robusta,2010-05-13,160.23,0.86,2.99,90.17
robusta,2010-05-14,159.79,-0.27,2.71,88.53
robusta,2010-05-17,159.63,-0.10,2.60,88.20
robusta,2010-05-18,160.32,0.43,3.05,87.99
robusta,2010-05-19,160.10,-0.14,2.91,87.15
robusta,2010-05-20,161.11,0.63,3.55,86.53
robusta,2010-05-21,162.17,0.66,4.24,87.14
robusta,2010-05-24,161.86,-0.19,4.04,86.84
robusta,2010-05-25,162.17,0.19,4.24,86.82
robusta,2010-05-26,164.72,1.57,5.87,88.75
robusta,2010-05-27,165.61,0.54,6.45,90.70
robusta,2010-05-28,166.01,0.24,6.70,91.77
robusta,2010-05-31,166.01,0.00,6.70,91.22
robusta,2010-06-01,164.66,-0.81,-0.81,89.54
robusta,2010-06-02,161.40,-1.98,-2.78,88.39
robusta,2010-06-04,158.70,-1.67,-4.40,85.41
robusta,2010-06-07,160.71,1.27,-3.19,85.53
robusta,2010-06-08,160.42,-0.18,-3.37,86.29
robusta,2010-06-09,161.86,0.90,-2.50,87.64
robusta,2010-06-10,163.01,0.71,-1.81,90.16
robusta,2010-06-11,170.26,4.45,2.56,93.76
robusta,2010-06-14,172.27,1.18,3.77,95.28
robusta,2010-06-15,173.36,0.63,4.43,96.68
robusta,2010-06-16,174.60,0.72,5.17,97.54
robusta,2010-06-17,174.22,-0.22,4.95,97.33
robusta,2010-06-18,174.31,0.05,5.00,98.37
robusta,2010-06-21,170.22,-2.35,2.54,95.95
robusta,2010-06-22,169.68,-0.32,2.21,95.22
robusta,2010-06-23,167.86,-1.07,1.11,93.72
robusta,2010-06-24,170.13,1.35,2.48,95.10
robusta,2010-06-25,168.66,-0.86,1.60,94.81
robusta,2010-06-28,168.94,0.17,1.76,94.75
robusta,2010-06-29,171.93,1.77,3.57,94.99
robusta,2010-06-30,174.35,1.41,5.02,96.65
robusta,2010-07-01,174.27,-0.05,-0.05,97.09
robusta,2010-07-02,170.06,-2.42,-2.46,95.75
robusta,2010-07-05,170.09,0.02,-2.44,95.72
robusta,2010-07-06,168.69,-0.82,-3.25,94.66
robusta,2010-07-07,169.40,0.42,-2.84,95.93
robusta,2010-07-09,171.64,1.32,-1.55,97.52
robusta,2010-07-12,170.46,-0.69,-2.23,96.58
robusta,2010-07-13,172.98,1.48,-0.79,98.68
robusta,2010-07-14,172.36,-0.36,-1.14,97.54
robusta,2010-07-15,172.11,-0.15,-1.28,97.13
robusta,2010-07-16,173.00,0.52,-0.77,97.08
robusta,2010-07-19,171.77,-0.71,-1.48,96.12
robusta,2010-07-20,170.52,-0.73,-2.20,96.12
robusta,2010-07-21,170.48,-0.02,-2.22,95.51
robusta,2010-07-22,170.86,0.22,-2.00,97.08
robusta,2010-07-23,170.52,-0.20,-2.20,96.94
robusta,2010-07-26,171.66,0.67,-1.54,97.26
robusta,2010-07-27,171.19,-0.27,-1.81,96.72
robusta,2010-07-28,172.31,0.65,-1.17,97.35
robusta,2010-07-30,175.35,1.76,0.57,99.92
robusta,2010-08-02,172.85,-1.43,-1.43,98.72
robusta,2010-08-03,171.31,-0.89,-2.30,97.39
robusta,2010-08-04,173.28,1.15,-1.18,98.51
robusta,2010-08-05,173.50,0.13,-1.06,98.91
robusta,2010-08-06,173.24,-0.15,-1.20,98.43
robusta,2010-08-09,171.77,-0.85,-2.04,98.04
robusta,2010-08-10,171.86,0.05,-1.99,97.70
robusta,2010-08-11,172.01,0.09,-1.90,97.18
robusta,2010-08-12,172.69,0.40,-1.52,97.56
robusta,2010-08-13,171.69,-0.58,-2.09,96.89
robusta,2010-08-16,173.94,1.31,-0.80,99.00
robusta,2010-08-17,173.70,-0.14,-0.94,99.03
robusta,2010-08-18,173.52,-0.10,-1.04,99.04
robusta,2010-08-19,171.95,-0.90,-1.94,97.92
robusta,2010-08-20,173.19,0.72,-1.23,98.46
robusta,2010-08-24,167.36,-3.37,-4.56,94.82
robusta,2010-08-26,166.19,-0.70,-5.22,94.32
robusta,2010-09-29,172.47,3.78,3.78,101.16
robusta,2010-09-30,171.16,-0.76,2.99,101.16
robusta,2010-10-01,170.07,-0.64,-0.64,101.29
robusta,2010-10-04,169.86,-0.12,-0.76,100.45
robusta,2010-10-05,171.27,0.83,0.06,102.56
robusta,2010-10-06,170.11,-0.68,-0.61,101.25
robusta,2010-10-07,171.69,0.93,0.31,101.83
robusta,2010-10-08,170.86,-0.48,-0.18,102.43
robusta,2010-10-11,171.52,0.39,0.21,102.95
robusta,2010-10-13,172.02,0.29,0.50,104.13
robusta,2010-10-14,171.04,-0.57,-0.07,102.91
robusta,2010-10-15,171.49,0.26,0.19,103.00
robusta,2010-10-18,171.48,-0.01,0.19,103.05
robusta,2010-10-19,171.52,0.02,0.21,101.73
robusta,2010-10-20,173.43,1.11,1.33,103.54
robusta,2010-10-21,176.77,1.93,3.28,104.29
robusta,2010-10-22,175.85,-0.52,2.74,103.08
robusta,2010-10-25,178.28,1.38,4.16,104.87
robusta,2010-10-26,178.40,0.07,4.23,104.63
robusta,2010-10-27,179.46,0.59,4.85,104.34
robusta,2010-10-28,179.85,0.22,5.08,104.99
robusta,2010-10-29,181.20,0.75,5.87,106.47
robusta,2010-11-01,178.71,-1.37,-1.37,105.00
robusta,2010-11-03,179.69,0.55,-0.83,105.77
robusta,2010-11-04,182.54,1.59,0.74,108.91
robusta,2010-11-05,183.27,0.40,1.14,109.16
robusta,2010-11-08,183.76,0.27,1.41,108.35
robusta,2010-11-09,190.77,3.81,5.28,112.28
robusta,2010-11-10,189.17,-0.84,4.40,111.08
robusta,2010-11-11,190.12,0.50,4.92,110.73
robusta,2010-11-12,187.59,-1.33,3.53,108.88
robusta,2010-11-16,187.30,-0.15,3.37,107.64
robusta,2010-11-17,187.61,0.17,3.54,108.70
robusta,2010-11-18,188.42,0.43,3.98,110.00
robusta,2010-11-19,189.09,0.36,4.35,110.06
robusta,2010-11-22,189.24,0.08,4.44,109.51
robusta,2010-11-23,189.51,0.14,4.59,109.54
robusta,2010-11-24,189.53,0.01,4.60,110.00
robusta,2010-11-25,189.68,0.08,4.68,110.22
robusta,2010-11-26,189.11,-0.30,4.37,109.37
robusta,2010-11-29,188.92,-0.10,4.26,109.65
robusta,2010-11-30,188.84,-0.04,4.22,110.11
robusta,2010-12-01,190.34,0.79,0.79,111.44
robusta,2010-12-02,188.99,-0.71,0.08,111.04
robusta,2010-12-03,189.20,0.11,0.19,112.29
robusta,2010-12-06,189.42,0.12,0.31,112.82
robusta,2010-12-07,189.84,0.22,0.53,112.93
robusta,2010-12-08,189.09,-0.40,0.13,111.69
robusta,2010-12-10,190.41,0.70,0.83,111.16
robusta,2010-12-13,190.76,0.18,1.02,112.41
robusta,2010-12-14,191.99,0.64,1.67,113.40
robusta,2010-12-15,192.76,0.40,2.08,113.45
robusta,2010-12-16,192.48,-0.15,1.93,113.09
robusta,2010-12-17,193.05,0.30,2.23,112.57
robusta,2010-12-20,193.69,0.33,2.57,113.47
robusta,2010-12-21,195.14,0.75,3.34,114.99
robusta,2010-12-22,197.91,1.42,4.80,116.69
robusta,2010-12-23,196.25,-0.84,3.92,115.85
robusta,2010-12-27,195.25,-0.51,3.39,115.60
robusta,2010-12-28,196.83,0.81,4.23,116.40
robusta,2010-12-29,197.99,0.59,4.85,117.92
robusta,2010-12-30,198.29,0.15,5.00,119.16
robusta,2011-01-03,198.91,0.31,0.31,120.55
robusta,2011-01-04,199.14,0.12,0.43,119.67
robusta,2011-01-05,198.62,-0.26,0.17,118.65
robusta,2011-01-06,199.36,0.37,0.54,118.18
robusta,2011-01-10,203.52,2.09,2.64,120.50
robusta,2011-01-11,203.82,0.15,2.79,120.82
robusta,2011-01-12,209.18,2.63,5.49,124.81
robusta,2011-01-13,207.54,-0.78,4.66,124.27
robusta,2011-01-17,206.91,-0.30,4.35,122.94
robusta,2011-01-18,210.24,1.61,6.03,125.36
robusta,2011-01-19,209.65,-0.28,5.73,125.39
robusta,2011-01-20,209.02,-0.30,5.41,124.94
robusta,2011-01-24,209.20,0.09,5.50,125.12
robusta,2011-01-25,209.49,0.14,5.65,125.29
robusta,2011-01-26,210.13,0.31,5.97,125.75
robusta,2011-01-27,209.97,-0.08,5.89,125.06
robusta,2011-01-28,209.91,-0.03,5.86,124.58
robusta,2011-01-31,212.15,1.07,6.99,126.73
robusta,2011-02-01,213.59,0.68,0.68,128.36
robusta,2011-02-02,214.27,0.32,1.00,128.46
robusta,2011-02-03,214.74,0.22,1.22,128.59
robusta,2011-02-04,214.67,-0.03,1.19,128.09
robusta,2011-02-07,214.07,-0.28,0.91,127.42
robusta,2011-02-08,214.03,-0.02,0.89,128.39
robusta,2011-02-09,214.60,0.27,1.15,129.20
robusta,2011-02-10,214.48,-0.06,1.10,128.36
robusta,2011-02-11,214.32,-0.07,1.02,128.56
robusta,2011-02-14,213.97,-0.16,0.86,128.20
robusta,2011-02-15,215.90,0.90,1.77,129.28
robusta,2011-02-16,213.74,-1.00,0.75,127.83
robusta,2011-02-17,214.74,0.47,1.22,129.13
robusta,2011-02-18,213.89,-0.40,0.82,128.54
robusta,2011-02-21,214.32,0.20,1.02,128.49
robusta,2011-02-22,215.63,0.61,1.64,128.89
robusta,2011-02-23,214.88,-0.35,1.29,128.28
robusta,2011-02-24,213.74,-0.53,0.75,128.45
robusta,2011-02-28,213.74,0.00,0.75,128.53
robusta,2011-03-01,213.82,0.04,0.04,128.49
robusta,2011-03-02,214.20,0.18,0.22,129.04
robusta,2011-03-03,213.91,-0.14,0.08,129.48
robusta,2011-03-04,214.07,0.07,0.15,129.97
robusta,2011-03-09,215.19,0.52,0.68,129.87
robusta,2011-03-10,216.28,0.51,1.19,130.21
robusta,2011-03-11,214.04,-1.04,0.14,128.47
robusta,2011-03-14,212.19,-0.86,-0.73,127.67
robusta,2011-03-15,209.42,-1.31,-2.02,125.63
robusta,2011-03-16,211.57,1.03,-1.02,126.38
robusta,2011-03-17,214.24,1.26,0.23,127.07
robusta,2011-03-18,214.81,0.27,0.50,128.63
robusta,2011-03-21,216.45,0.76,1.27,129.84
robusta,2011-03-22,216.12,-0.15,1.11,129.96
robusta,2011-03-23,218.31,1.01,2.14,131.43
robusta,2011-03-24,218.53,0.10,2.24,131.73
robusta,2011-03-25,219.30,0.35,2.60,132.11
robusta,2011-03-28,220.42,0.51,3.13,132.62
robusta,2011-03-29,220.54,0.05,3.18,133.34
robusta,2011-03-30,219.48,-0.48,2.69,134.73
robusta,2011-03-31,219.04,-0.20,2.48,134.30
robusta,2011-04-01,219.01,-0.01,-0.01,135.86
robusta,2011-04-04,214.85,-1.90,-1.91,133.53
robusta,2011-04-05,217.86,1.40,-0.54,135.40
robusta,2011-04-06,218.32,0.21,-0.33,135.27
robusta,2011-04-07,219.67,0.62,0.29,138.68
robusta,2011-04-08,220.18,0.23,0.52,139.89
robusta,2011-04-11,219.05,-0.51,0.00,138.55
robusta,2011-04-12,218.95,-0.05,-0.04,137.44
robusta,2011-04-13,219.51,0.26,0.21,137.97
robusta,2011-04-14,220.36,0.39,0.60,139.47
robusta,2011-04-15,221.14,0.35,0.96,140.14
robusta,2011-04-18,220.01,-0.51,0.44,138.37
robusta,2011-04-19,221.28,0.58,1.02,140.40
robusta,2011-04-20,220.05,-0.56,0.46,140.07
robusta,2011-04-25,222.05,0.91,1.37,141.16
robusta,2011-04-26,224.69,1.19,2.58,143.67
robusta,2011-04-27,224.27,-0.19,2.39,142.76
robusta,2011-04-28,225.97,0.76,3.16,142.75
robusta,2011-04-29,228.43,1.09,4.29,145.22
robusta,2011-05-02,225.52,-1.27,-1.27,143.10
robusta,2011-05-03,230.58,2.24,0.94,145.11
robusta,2011-05-04,229.07,-0.65,0.28,142.72
robusta,2011-05-05,229.60,0.23,0.51,141.29
robusta,2011-05-06,230.27,0.29,0.81,142.40
robusta,2011-05-09,230.58,0.13,0.94,142.34
robusta,2011-05-10,230.07,-0.22,0.72,143.35
robusta,2011-05-11,231.26,0.52,1.24,142.76
robusta,2011-05-12,229.88,-0.60,0.63,141.64
robusta,2011-05-13,229.77,-0.05,0.59,140.70
robusta,2011-05-16,229.31,-0.20,0.39,140.51
robusta,2011-05-17,226.64,-1.16,-0.78,139.73
robusta,2011-05-18,228.07,0.63,-0.16,141.48
robusta,2011-05-19,230.31,0.98,0.82,142.43
robusta,2011-05-20,229.57,-0.32,0.50,142.15
robusta,2011-05-23,231.27,0.74,1.24,141.71
robusta,2011-05-24,233.51,0.97,2.22,143.79
robusta,2011-05-25,239.51,2.57,4.85,147.03
robusta,2011-05-26,235.93,-1.49,3.28,145.91
robusta,2011-05-27,238.39,1.04,4.36,148.90
robusta,2011-05-30,239.63,0.52,4.90,150.43
robusta,2011-05-31,238.62,-0.42,4.46,151.02
robusta,2011-06-01,237.26,-0.57,-0.57,148.66
robusta,2011-06-02,229.86,-3.12,-3.67,145.67
robusta,2011-06-03,232.55,1.17,-2.54,147.56
robusta,2011-06-06,227.33,-2.24,-4.73,143.61
robusta,2011-06-07,232.67,2.35,-2.49,147.44
robusta,2011-06-08,233.64,0.42,-2.09,147.59
robusta,2011-06-09,233.54,-0.04,-2.13,146.98
robusta,2011-06-10,238.76,2.24,0.06,149.51
robusta,2011-06-13,232.20,-2.75,-2.69,146.22
robusta,2011-06-14,234.17,0.85,-1.86,148.02
robusta,2011-06-15,228.77,-2.31,-4.13,142.98
robusta,2011-06-16,228.65,-0.05,-4.18,142.02
robusta,2011-06-17,227.61,-0.45,-4.61,142.52
robusta,2011-06-20,218.51,-4.00,-8.43,136.99
robusta,2011-06-21,217.93,-0.27,-8.67,137.15
robusta,2011-06-22,215.68,-1.03,-9.61,135.73
robusta,2011-06-24,217.53,0.86,-8.84,135.62
robusta,2011-06-27,216.48,-0.48,-9.28,135.64
robusta,2011-06-28,219.93,1.59,-7.83,139.37
robusta,2011-06-29,220.01,0.04,-7.80,139.95
robusta,2011-06-30,220.05,0.02,-7.78,140.88
robusta,2011-07-01,221.00,0.43,0.43,141.94
robusta,2011-07-04,223.77,1.25,1.69,144.09
robusta,2011-07-05,220.53,-1.45,0.22,140.91
robusta,2011-07-06,222.97,1.11,1.33,142.11
robusta,2011-07-07,223.07,0.04,1.37,143.36
robusta,2011-07-08,222.90,-0.08,1.30,142.52
robusta,2011-07-11,216.08,-3.06,-1.80,136.67
robusta,2011-07-12,214.98,-0.51,-2.30,135.98
robusta,2011-07-13,218.90,1.82,-0.52,138.99
robusta,2011-07-14,217.78,-0.51,-1.03,138.01
robusta,2011-07-15,216.18,-0.73,-1.76,137.26
robusta,2011-07-18,217.62,0.67,-1.10,137.82
robusta,2011-07-19,216.96,-0.30,-1.40,138.46
robusta,2011-07-20,215.38,-0.73,-2.12,138.06
robusta,2011-07-21,214.96,-0.20,-2.31,138.24
robusta,2011-07-22,216.11,0.53,-1.79,138.98
robusta,2011-07-25,218.15,0.94,-0.86,141.38
robusta,2011-07-26,218.87,0.33,-0.54,142.49
robusta,2011-07-27,216.87,-0.91,-1.45,139.11
robusta,2011-07-28,218.22,0.62,-0.83,139.08
robusta,2011-07-29,216.78,-0.66,-1.49,139.59
robusta,2011-08-01,218.28,0.69,0.69,139.74
robusta,2011-08-02,218.61,0.15,0.84,139.42
robusta,2011-08-03,217.68,-0.43,0.42,139.36
robusta,2011-08-04,216.96,-0.33,0.08,137.14
robusta,2011-08-05,218.14,0.54,0.63,137.54
robusta,2011-08-08,213.88,-1.95,-1.34,132.68
robusta,2011-08-09,215.69,0.85,-0.50,134.05
robusta,2011-08-10,218.00,1.07,0.56,134.82
robusta,2011-08-11,218.88,0.40,0.97,135.36
robusta,2011-08-12,217.53,-0.62,0.35,134.86
robusta,2011-08-15,217.98,0.21,0.55,137.09
robusta,2011-08-16,217.69,-0.13,0.42,136.91
robusta,2011-08-17,220.41,1.25,1.67,139.24
robusta,2011-08-18,223.02,1.18,2.88,139.22
robusta,2011-08-19,221.22,-0.81,2.05,138.35
robusta,2011-08-22,227.91,3.02,5.13,142.18
robusta,2011-08-23,229.48,0.69,5.86,143.43
robusta,2011-08-24,228.97,-0.22,5.62,142.22
robusta,2011-08-25,228.07,-0.39,5.21,141.66
robusta,2011-08-26,228.23,0.07,5.28,142.20
robusta,2011-08-29,229.41,0.52,5.83,144.10
robusta,2011-08-30,229.77,0.16,5.99,144.69
robusta,2011-08-31,230.31,0.24,6.24,144.48
robusta,2011-09-01,228.13,-0.95,-0.95,141.70
robusta,2011-09-02,230.10,0.86,-0.09,140.65
robusta,2011-09-05,227.90,-0.96,-1.05,138.12
robusta,2011-09-06,229.17,0.56,-0.49,137.80
robusta,2011-09-08,226.60,-1.12,-1.61,136.76
robusta,2011-09-09,227.27,0.30,-1.32,135.20
robusta,2011-09-12,229.64,1.04,-0.29,133.90
robusta,2011-09-13,232.46,1.23,0.93,135.71
robusta,2011-09-14,234.01,0.67,1.61,136.05
robusta,2011-09-15,232.91,-0.47,1.13,136.36
robusta,2011-09-16,234.39,0.64,1.77,135.49
robusta,2011-09-19,234.21,-0.08,1.69,132.02
robusta,2011-09-20,234.54,0.14,1.84,130.74
robusta,2011-09-21,237.26,1.16,3.02,128.67
robusta,2011-09-22,234.32,-1.24,1.74,122.87
robusta,2011-09-23,234.87,0.23,1.98,127.51
robusta,2011-09-26,234.07,-0.34,1.63,127.70
robusta,2011-09-27,236.51,1.04,2.69,130.74
robusta,2011-09-28,239.18,1.13,3.85,130.91
robusta,2011-09-29,238.26,-0.38,3.45,128.65
robusta,2011-09-30,237.22,-0.44,3.00,126.18
robusta,2011-10-03,237.85,0.27,0.27,125.85
robusta,2011-10-04,238.26,0.17,0.44,126.13
robusta,2011-10-05,239.67,0.59,1.03,130.54
robusta,2011-10-06,242.94,1.36,2.41,135.95
robusta,2011-10-07,237.96,-2.05,0.31,134.75
robusta,2011-10-10,240.26,0.97,1.28,135.74
robusta,2011-10-11,242.16,0.79,2.08,137.75
robusta,2011-10-13,241.26,-0.37,1.70,137.78
robusta,2011-10-14,240.43,-0.34,1.35,138.82
robusta,2011-10-17,241.76,0.55,1.91,137.05
robusta,2011-10-18,243.30,0.64,2.56,138.16
robusta,2011-10-19,245.25,0.80,3.39,138.25
robusta,2011-10-20,245.34,0.04,3.42,136.83
robusta,2011-10-21,244.67,-0.27,3.14,137.46
robusta,2011-10-24,245.50,0.34,3.49,140.05
robusta,2011-10-25,248.57,1.25,4.78,140.91
robusta,2011-10-26,249.29,0.29,5.09,141.56
robusta,2011-10-27,252.06,1.11,6.26,147.92
robusta,2011-10-28,252.02,-0.02,6.24,150.01
robusta,2011-10-31,254.50,0.98,7.28,150.23
robusta,2011-11-01,252.89,-0.63,-0.63,146.18
robusta,2011-11-03,255.54,1.05,0.41,146.78
robusta,2011-11-04,256.05,0.20,0.61,147.24
robusta,2011-11-07,258.57,0.98,1.60,147.67
robusta,2011-11-08,261.32,1.06,2.68,150.01
robusta,2011-11-09,261.74,0.16,2.84,148.29
robusta,2011-11-10,263.90,0.83,3.69,149.86
robusta,2011-11-11,264.82,0.35,4.06,151.85
robusta,2011-11-14,267.02,0.83,4.92,151.28
robusta,2011-11-16,268.31,0.48,5.43,151.42
robusta,2011-11-17,272.72,1.64,7.16,153.22
robusta,2011-11-18,273.47,0.28,7.45,153.38
robusta,2011-11-21,273.91,0.16,7.63,151.66
robusta,2011-11-22,275.18,0.46,8.13,152.37
robusta,2011-11-23,275.31,0.05,8.18,147.78
robusta,2011-11-24,275.08,-0.08,8.09,145.70
robusta,2011-11-25,279.55,1.62,9.84,148.30
robusta,2011-11-28,279.56,0.00,9.85,150.63
robusta,2011-11-29,280.22,0.24,10.11,151.80
robusta,2011-11-30,290.71,3.74,14.23,160.70
robusta,2011-12-01,289.37,-0.46,-0.46,160.59
robusta,2011-12-02,292.52,1.09,0.62,163.24
robusta,2011-12-05,297.70,1.77,2.40,166.50
robusta,2011-12-06,300.32,0.88,3.31,167.31
robusta,2011-12-07,300.15,-0.06,3.25,167.59
robusta,2011-12-08,303.92,1.26,4.54,167.35
robusta,2011-12-09,301.61,-0.76,3.75,167.01
robusta,2011-12-12,298.32,-1.09,2.62,161.78
robusta,2011-12-13,300.00,0.56,3.20,161.81
robusta,2011-12-14,299.70,-0.10,3.09,159.92
robusta,2011-12-15,294.70,-1.67,1.37,158.36
robusta,2011-12-16,298.98,1.45,2.84,161.09
robusta,2011-12-19,294.58,-1.47,1.33,157.70
robusta,2011-12-20,297.37,0.95,2.29,161.35
robusta,2011-12-21,295.00,-0.80,1.48,158.95
robusta,2011-12-22,295.79,0.27,1.75,159.71
robusta,2011-12-23,293.70,-0.71,1.03,157.99
robusta,2011-12-26,292.70,-0.34,0.68,157.45
robusta,2011-12-27,298.27,1.90,2.60,160.27
robusta,2011-12-28,298.95,0.23,2.83,159.52
robusta,2011-12-29,298.84,-0.04,2.80,159.89
robusta,2012-01-02,297.56,-0.43,-0.43,159.12
robusta,2012-01-03,296.00,-0.52,-0.95,161.75
robusta,2012-01-04,298.10,0.71,-0.25,162.98
robusta,2012-01-05,296.27,-0.61,-0.86,161.19
robusta,2012-01-06,297.48,0.41,-0.46,160.45
robusta,2012-01-09,298.70,0.41,-0.05,162.51
robusta,2012-01-10,297.90,-0.27,-0.31,165.23
robusta,2012-01-11,300.00,0.70,0.39,166.57
robusta,2012-01-12,300.62,0.21,0.60,168.41
robusta,2012-01-13,298.82,-0.60,-0.01,166.66
robusta,2012-01-16,300.26,0.48,0.48,168.21
robusta,2012-01-17,300.01,-0.08,0.39,168.83
robusta,2012-01-18,301.61,0.53,0.93,170.88
robusta,2012-01-19,300.70,-0.30,0.62,170.18
robusta,2012-01-20,302.40,0.57,1.19,171.92
robusta,2012-01-23,300.42,-0.65,0.53,171.77
robusta,2012-01-24,299.21,-0.40,0.12,170.49
robusta,2012-01-25,297.71,-0.50,-0.38,169.15
robusta,2012-01-26,292.90,-1.62,-1.99,168.14
robusta,2012-01-27,284.52,-2.86,-4.79,163.33
robusta,2012-01-30,283.39,-0.40,-5.17,162.03
robusta,2012-01-31,278.73,-1.64,-6.73,159.73
robusta,2012-02-01,264.74,-5.02,-5.02,152.76
robusta,2012-02-02,262.84,-0.72,-5.70,152.64
robusta,2012-02-03,264.90,0.78,-4.96,154.28
robusta,2012-02-06,263.74,-0.44,-5.38,152.72
robusta,2012-02-07,268.19,1.69,-3.78,155.56
robusta,2012-02-08,267.01,-0.44,-4.20,155.24
robusta,2012-02-09,269.12,0.79,-3.45,156.65
robusta,2012-02-10,269.16,0.01,-3.43,156.03
robusta,2012-02-13,268.74,-0.16,-3.58,156.61
robusta,2012-02-14,271.65,1.08,-2.54,157.94
robusta,2012-02-15,274.31,0.98,-1.59,159.12
robusta,2012-02-16,275.40,0.40,-1.19,160.02
robusta,2012-02-17,275.73,0.12,-1.08,160.96
robusta,2012-02-22,273.98,-0.63,-1.70,160.60
robusta,2012-02-23,274.03,0.02,-1.69,160.16
robusta,2012-02-24,274.91,0.32,-1.37,161.14
robusta,2012-02-27,273.91,-0.36,-1.73,160.37
robusta,2012-02-28,274.82,0.33,-1.40,161.47
robusta,2012-02-29,275.06,0.09,-1.32,160.29
robusta,2012-03-01,275.82,0.28,0.28,161.11
robusta,2012-03-02,276.96,0.41,0.69,159.81
robusta,2012-03-05,276.00,-0.35,0.34,158.99
robusta,2012-03-06,276.13,0.05,0.39,156.89
robusta,2012-03-07,273.13,-1.09,-0.70,154.57
robusta,2012-03-08,269.73,-1.24,-1.94,152.39
robusta,2012-03-09,269.37,-0.13,-2.07,150.99
robusta,2012-03-12,263.99,-2.00,-4.02,146.25
robusta,2012-03-13,260.04,-1.50,-5.46,144.47
robusta,2012-03-14,254.02,-2.32,-7.65,140.42
robusta,2012-03-15,249.21,-1.89,-9.40,138.14
robusta,2012-03-16,249.16,-0.02,-9.42,138.27
robusta,2012-03-19,246.30,-1.15,-10.46,136.53
robusta,2012-03-20,244.34,-0.80,-11.17,134.18
robusta,2012-03-21,245.67,0.54,-10.68,135.06
robusta,2012-03-22,245.06,-0.25,-10.91,134.35
robusta,2012-03-23,243.26,-0.73,-11.56,134.40
robusta,2012-03-26,239.92,-1.37,-12.78,132.19
robusta,2012-03-27,239.76,-0.07,-12.83,132.25
robusta,2012-03-28,240.16,0.17,-12.69,131.38
robusta,2012-03-29,238.61,-0.65,-13.25,130.67
robusta,2012-03-30,239.76,0.48,-12.83,131.23
robusta,2012-04-02,244.39,1.93,1.93,133.33
robusta,2012-04-03,242.21,-0.89,1.02,132.21
robusta,2012-04-04,243.98,0.73,1.76,133.54
robusta,2012-04-05,245.90,0.79,2.56,134.67
robusta,2012-04-09,245.03,-0.35,2.20,134.63
robusta,2012-04-10,246.25,0.50,2.71,134.49
robusta,2012-04-11,248.45,0.89,3.62,135.47
robusta,2012-04-12,249.42,0.39,4.03,136.52
robusta,2012-04-13,248.45,-0.39,3.62,135.18
robusta,2012-04-16,249.25,0.32,3.96,135.39
robusta,2012-04-17,248.75,-0.20,3.75,134.17
robusta,2012-04-18,250.75,0.80,4.58,133.59
robusta,2012-04-19,247.98,-1.10,3.43,131.48
robusta,2012-04-20,250.45,1.00,4.46,133.72
robusta,2012-04-23,251.45,0.40,4.88,133.68
robusta,2012-04-24,253.74,0.91,5.83,134.76
robusta,2012-04-25,253.97,0.09,5.93,134.87
robusta,2012-04-26,250.90,-1.21,4.65,133.10
robusta,2012-04-27,252.38,0.59,5.26,133.82
robusta,2012-04-30,249.50,-1.14,4.06,130.90
robusta,2012-05-02,250.85,0.54,0.54,130.58
robusta,2012-05-03,249.85,-0.40,0.14,130.47
robusta,2012-05-04,250.75,0.36,0.50,130.60
robusta,2012-05-07,249.57,-0.47,0.03,129.92
robusta,2012-05-08,250.55,0.39,0.42,129.35
robusta,2012-05-09,250.38,-0.07,0.35,127.61
robusta,2012-05-10,252.53,0.86,1.21,129.70
robusta,2012-05-11,251.42,-0.44,0.77,128.80
robusta,2012-05-14,251.64,0.09,0.86,126.64
robusta,2012-05-15,250.21,-0.57,0.28,125.10
robusta,2012-05-16,253.19,1.19,1.48,126.53
robusta,2012-05-17,252.55,-0.25,1.22,126.34
robusta,2012-05-18,254.65,0.83,2.06,126.06
robusta,2012-05-21,255.86,0.48,2.55,125.30
robusta,2012-05-22,255.76,-0.04,2.51,122.90
robusta,2012-05-23,257.69,0.75,3.28,126.13
robusta,2012-05-24,258.85,0.45,3.75,127.14
robusta,2012-05-25,261.64,1.08,4.87,130.95
robusta,2012-05-28,259.94,-0.65,4.18,131.15
robusta,2012-05-29,259.34,-0.23,3.94,130.52
robusta,2012-05-30,254.22,-1.97,1.89,126.04
robusta,2012-05-31,250.98,-1.27,0.59,124.43
robusta,2012-06-01,244.78,-2.47,-2.47,119.64
robusta,2012-06-04,245.77,0.40,-2.08,119.83
robusta,2012-06-05,247.55,0.72,-1.37,122.43
robusta,2012-06-06,250.50,1.19,-0.19,123.46
robusta,2012-06-08,244.77,-2.29,-2.47,120.88
robusta,2012-06-11,246.50,0.71,-1.79,120.24
robusta,2012-06-12,248.68,0.88,-0.92,120.54
robusta,2012-06-13,253.18,1.81,0.88,122.19
robusta,2012-06-14,252.17,-0.40,0.47,122.59
robusta,2012-06-15,255.01,1.13,1.61,124.95
robusta,2012-06-18,253.05,-0.77,0.82,122.90
robusta,2012-06-19,253.02,-0.01,0.81,124.64
robusta,2012-06-20,254.84,0.72,1.54,125.23
robusta,2012-06-21,254.84,0.00,1.54,124.13
robusta,2012-06-22,254.56,-0.11,1.43,123.28
robusta,2012-06-25,253.92,-0.25,1.17,122.90
robusta,2012-06-26,257.53,1.42,2.61,124.17
robusta,2012-06-27,258.43,0.35,2.97,124.07
robusta,2012-06-28,258.13,-0.12,2.85,123.92
robusta,2012-06-29,261.66,1.37,4.26,130.18
robusta,2012-07-02,261.90,0.09,0.09,131.67
robusta,2012-07-03,262.51,0.23,0.32,130.28
robusta,2012-07-04,265.42,1.11,1.44,130.69
robusta,2012-07-05,265.75,0.12,1.56,131.11
robusta,2012-07-06,265.59,-0.06,1.50,130.77
robusta,2012-07-09,266.03,0.17,1.67,130.98
robusta,2012-07-10,266.88,0.32,1.99,130.82
robusta,2012-07-11,268.50,0.61,2.61,131.88
robusta,2012-07-12,270.05,0.58,3.21,132.51
robusta,2012-07-13,268.50,-0.57,2.61,131.81
robusta,2012-07-16,270.21,0.64,3.27,132.71
robusta,2012-07-17,274.25,1.50,4.81,135.30
robusta,2012-07-18,276.28,0.74,5.59,136.50
robusta,2012-07-19,282.01,2.07,7.78,139.89
robusta,2012-07-20,283.74,0.61,8.44,140.12
robusta,2012-07-23,284.99,0.44,8.92,139.77
robusta,2012-07-24,283.91,-0.38,8.50,138.76
robusta,2012-07-25,284.74,0.29,8.82,139.85
robusta,2012-07-26,285.45,0.25,9.09,141.10
robusta,2012-07-27,288.23,0.97,10.15,142.41
robusta,2012-07-30,289.37,0.40,10.59,141.85
robusta,2012-07-31,290.01,0.22,10.83,141.67
robusta,2012-08-01,292.23,0.77,0.77,143.04
robusta,2012-08-02,287.34,-1.67,-0.92,140.16
robusta,2012-08-03,284.74,-0.90,-1.82,140.40
robusta,2012-08-06,283.38,-0.48,-2.29,139.73
robusta,2012-08-07,284.74,0.48,-1.82,140.40
robusta,2012-08-08,279.24,-1.93,-3.71,138.10
robusta,2012-08-09,278.65,-0.21,-3.92,138.15
robusta,2012-08-10,275.95,-0.97,-4.85,136.88
robusta,2012-08-13,275.50,-0.16,-5.00,136.25
robusta,2012-08-14,269.48,-2.19,-7.08,132.95
robusta,2012-08-15,268.45,-0.38,-7.43,132.76
robusta,2012-08-16,267.59,-0.32,-7.73,132.54
robusta,2012-08-17,267.76,0.06,-7.67,132.88
robusta,2012-08-20,271.21,1.29,-6.48,134.39
robusta,2012-08-21,273.15,0.72,-5.81,135.42
robusta,2012-08-22,272.92,-0.08,-5.89,135.11
robusta,2012-08-23,272.35,-0.21,-6.09,134.56
robusta,2012-08-24,272.08,-0.10,-6.18,134.43
robusta,2012-08-27,272.83,0.28,-5.92,134.27
robusta,2012-08-28,276.75,1.44,-4.57,135.46
robusta,2012-08-29,278.89,0.77,-3.83,136.11
robusta,2012-08-30,280.20,0.47,-3.38,136.95
robusta,2012-08-31,281.74,0.55,-2.85,138.79
robusta,2012-09-03,285.54,1.35,1.35,140.52
robusta,2012-09-04,283.49,-0.72,0.62,138.90
robusta,2012-09-05,283.83,0.12,0.74,139.20
robusta,2012-09-06,284.19,0.13,0.87,139.99
robusta,2012-09-10,285.74,0.55,1.42,141.11
robusta,2012-09-11,287.01,0.44,1.87,142.15
robusta,2012-09-12,287.55,0.19,2.06,141.79
robusta,2012-09-13,290.51,1.03,3.11,143.75
robusta,2012-09-14,289.36,-0.40,2.70,143.75
robusta,2012-09-17,291.28,0.66,3.39,143.56
robusta,2012-09-18,290.62,-0.23,3.15,143.73
robusta,2012-09-19,290.43,-0.07,3.08,143.49
robusta,2012-09-20,285.60,-1.66,1.37,141.17
robusta,2012-09-21,288.28,0.94,2.32,142.43
robusta,2012-09-24,286.28,-0.69,1.61,141.30
robusta,2012-09-25,288.29,0.70,2.32,142.09
robusta,2012-09-26,288.24,-0.02,2.31,141.64
robusta,2012-09-27,287.86,-0.13,2.17,141.81
robusta,2012-09-28,288.74,0.31,2.48,142.31
robusta,2012-10-01,289.96,0.42,0.42,143.05
robusta,2012-10-02,289.11,-0.29,0.13,142.63
robusta,2012-10-03,290.01,0.31,0.44,143.43
robusta,2012-10-04,289.04,-0.33,0.10,143.16
robusta,2012-10-05,284.64,-1.52,-1.42,140.22
robusta,2012-10-08,285.13,0.17,-1.25,140.53
robusta,2012-10-09,284.63,-0.18,-1.42,139.80
robusta,2012-10-10,284.92,0.10,-1.32,139.67
robusta,2012-10-11,283.44,-0.52,-1.84,139.01
robusta,2012-10-15,283.97,0.19,-1.65,139.61
robusta,2012-10-16,283.96,-0.00,-1.66,139.47
robusta,2012-10-17,284.41,0.16,-1.50,140.03
robusta,2012-10-18,283.58,-0.29,-1.79,139.83
robusta,2012-10-19,283.29,-0.10,-1.89,139.69
robusta,2012-10-22,284.64,0.48,-1.42,140.63
robusta,2012-10-23,283.16,-0.52,-1.93,139.69
robusta,2012-10-24,282.90,-0.09,-2.02,139.56
robusta,2012-10-25,278.75,-1.47,-3.46,137.59
robusta,2012-10-26,279.05,0.11,-3.36,137.67
robusta,2012-10-29,276.83,-0.80,-4.12,136.17
robusta,2012-10-30,275.53,-0.47,-4.58,135.66
robusta,2012-10-31,274.33,-0.44,-4.99,135.14
robusta,2012-11-01,277.08,1.00,1.00,136.36
robusta,2012-11-05,274.08,-1.08,-0.09,134.68
robusta,2012-11-06,270.98,-1.13,-1.22,133.22
robusta,2012-11-07,270.85,-0.05,-1.27,133.10
robusta,2012-11-08,270.75,-0.04,-1.30,132.59
robusta,2012-11-09,270.75,0.00,-1.30,132.20
robusta,2012-11-12,269.95,-0.30,-1.60,131.56
robusta,2012-11-13,269.21,-0.27,-1.87,129.80
robusta,2012-11-14,267.36,-0.69,-2.54,129.35
robusta,2012-11-16,266.90,-0.17,-2.71,128.32
robusta,2012-11-19,267.26,0.13,-2.58,128.55
robusta,2012-11-20,267.30,0.01,-2.56,128.20
robusta,2012-11-21,266.66,-0.24,-2.80,127.34
robusta,2012-11-22,266.94,0.11,-2.69,127.30
robusta,2012-11-23,262.54,-1.65,-4.30,126.04
robusta,2012-11-26,257.32,-1.99,-6.20,123.59
robusta,2012-11-27,257.14,-0.07,-6.27,123.57
robusta,2012-11-28,257.27,0.05,-6.22,123.21
robusta,2012-11-29,256.34,-0.36,-6.56,122.18
robusta,2012-11-30,256.11,-0.09,-6.64,120.41
robusta,2012-12-03,257.21,0.43,0.43,121.38
robusta,2012-12-04,257.41,0.08,0.51,121.59
robusta,2012-12-05,258.66,0.49,1.00,123.23
robusta,2012-12-06,258.02,-0.25,0.75,124.11
robusta,2012-12-07,258.55,0.21,0.95,123.88
robusta,2012-12-10,257.37,-0.46,0.49,123.85
robusta,2012-12-11,255.21,-0.84,-0.35,122.70
robusta,2012-12-12,257.27,0.81,0.45,124.04
robusta,2012-12-13,256.77,-0.19,0.26,123.33
robusta,2012-12-14,254.27,-0.97,-0.72,121.78
robusta,2012-12-17,256.41,0.84,0.12,122.33
robusta,2012-12-18,255.61,-0.31,-0.20,122.36
robusta,2012-12-19,255.60,-0.00,-0.20,123.42
robusta,2012-12-20,256.07,0.18,-0.02,124.18
robusta,2012-12-21,254.27,-0.70,-0.72,122.66
robusta,2012-12-26,256.43,0.85,0.12,124.78
robusta,2012-12-27,257.60,0.46,0.58,126.03
robusta,2012-12-28,256.27,-0.52,0.06,125.31
robusta,2013-01-02,257.37,0.43,0.43,125.85
robusta,2013-01-03,259.10,0.67,1.10,127.26
robusta,2013-01-04,259.56,0.18,1.28,127.36
robusta,2013-01-07,258.46,-0.42,0.85,127.26
robusta,2013-01-08,257.47,-0.38,0.47,126.21
robusta,2013-01-09,261.22,1.46,1.93,128.17
robusta,2013-01-10,261.26,0.02,1.95,128.70
robusta,2013-01-11,262.87,0.62,2.58,129.11
robusta,2013-01-14,266.56,1.40,4.02,131.18
robusta,2013-01-15,266.96,0.15,4.17,131.12
robusta,2013-01-16,268.91,0.73,4.93,131.56
robusta,2013-01-17,271.37,0.91,5.89,132.83
robusta,2013-01-18,272.38,0.37,6.29,133.19
robusta,2013-01-21,274.24,0.68,7.01,134.30
robusta,2013-01-22,272.74,-0.55,6.43,133.44
robusta,2013-01-23,275.56,1.03,7.53,135.21
robusta,2013-01-24,272.15,-1.24,6.20,134.00
robusta,2013-01-25,272.05,-0.04,6.16,134.01
robusta,2013-01-28,273.94,0.69,6.90,136.83
robusta,2013-01-29,273.60,-0.12,6.76,137.76
robusta,2013-01-30,272.20,-0.51,6.22,136.78
robusta,2013-01-31,268.75,-1.27,4.87,135.25
robusta,2013-02-01,267.55,-0.45,-0.45,134.65
robusta,2013-02-04,266.25,-0.49,-0.93,133.59
robusta,2013-02-05,268.96,1.02,0.08,135.43
robusta,2013-02-06,267.58,-0.51,-0.44,134.53
robusta,2013-02-07,268.00,0.16,-0.28,135.90
robusta,2013-02-08,268.75,0.28,0.00,136.28
robusta,2013-02-13,264.75,-1.49,-1.49,134.66
robusta,2013-02-14,268.74,1.51,-0.00,137.18
robusta,2013-02-15,268.08,-0.25,-0.25,136.29
robusta,2013-02-18,266.25,-0.68,-0.93,135.63
robusta,2013-02-19,268.08,0.69,-0.25,137.12
robusta,2013-02-20,263.75,-1.62,-1.86,134.29
robusta,2013-02-21,261.31,-0.93,-2.77,132.31
robusta,2013-02-22,260.91,-0.15,-2.92,132.31
robusta,2013-02-25,262.11,0.46,-2.47,132.58
robusta,2013-02-26,260.50,-0.61,-3.07,131.30
robusta,2013-02-27,260.07,-0.17,-3.23,131.82
robusta,2013-02-28,258.03,-0.78,-3.99,130.58
robusta,2013-03-01,251.92,-2.37,-2.37,127.10
robusta,2013-03-04,249.58,-0.93,-3.27,126.18
robusta,2013-03-05,249.66,0.03,-3.24,126.99
robusta,2013-03-06,251.16,0.60,-2.66,127.56
robusta,2013-03-07,250.85,-0.12,-2.78,127.92
robusta,2013-03-08,252.87,0.81,-2.00,129.68
robusta,2013-03-11,254.03,0.46,-1.55,129.74
robusta,2013-03-12,253.85,-0.07,-1.62,129.38
robusta,2013-03-13,254.45,0.24,-1.39,129.03
robusta,2013-03-14,254.54,0.04,-1.35,128.75
robusta,2013-03-15,255.58,0.41,-0.95,128.88
robusta,2013-03-18,254.84,-0.29,-1.24,128.12
robusta,2013-03-19,254.13,-0.28,-1.51,127.90
robusta,2013-03-20,253.69,-0.17,-1.68,127.35
robusta,2013-03-21,255.54,0.73,-0.97,127.32
robusta,2013-03-22,254.84,-0.27,-1.24,126.53
robusta,2013-03-25,254.88,0.02,-1.22,126.62
robusta,2013-03-26,254.59,-0.11,-1.33,126.22
robusta,2013-03-27,251.13,-1.36,-2.67,125.06
robusta,2013-03-28,251.76,0.25,-2.43,124.51
robusta,2013-04-01,250.56,-0.48,-0.48,124.04
robusta,2013-04-02,249.04,-0.61,-1.08,123.16
robusta,2013-04-03,250.86,0.73,-0.36,123.94
robusta,2013-04-04,250.58,-0.11,-0.47,124.36
robusta,2013-04-05,250.76,0.07,-0.40,126.14
robusta,2013-04-08,249.58,-0.47,-0.87,125.42
robusta,2013-04-09,249.58,0.00,-0.87,125.73
robusta,2013-04-10,249.76,0.07,-0.79,126.27
robusta,2013-04-11,250.49,0.29,-0.50,126.70
robusta,2013-04-12,248.68,-0.72,-1.22,126.23
robusta,2013-04-15,249.95,0.51,-0.72,125.29
robusta,2013-04-16,251.35,0.56,-0.16,126.05
robusta,2013-04-17,251.58,0.09,-0.07,125.79
robusta,2013-04-18,251.18,-0.16,-0.23,124.47
robusta,2013-04-19,252.96,0.71,0.48,125.85
robusta,2013-04-22,252.06,-0.36,0.12,124.78
robusta,2013-04-23,250.54,-0.60,-0.48,123.85
robusta,2013-04-24,250.40,-0.06,-0.54,124.14
robusta,2013-04-25,249.47,-0.37,-0.91,124.24
robusta,2013-04-26,248.99,-0.19,-1.10,124.56
robusta,2013-04-29,249.01,0.01,-1.09,124.45
robusta,2013-04-30,249.66,0.26,-0.83,124.71
robusta,2013-05-02,249.06,-0.24,-0.24,123.85
robusta,2013-05-03,247.60,-0.59,-0.83,123.12
robusta,2013-05-06,249.10,0.61,-0.22,123.62
robusta,2013-05-07,251.39,0.92,0.69,125.32
robusta,2013-05-08,250.86,-0.21,0.48,125.12
robusta,2013-05-09,250.68,-0.07,0.41,124.53
robusta,2013-05-10,250.18,-0.20,0.21,123.42
robusta,2013-05-13,251.85,0.67,0.88,125.30
robusta,2013-05-14,251.21,-0.25,0.62,124.61
robusta,2013-05-15,252.54,0.53,1.15,124.65
robusta,2013-05-16,253.20,0.26,1.42,124.73
robusta,2013-05-17,251.39,-0.71,0.69,123.35
robusta,2013-05-20,252.15,0.30,1.00,123.67
robusta,2013-05-21,252.76,0.24,1.24,124.02
robusta,2013-05-22,252.16,-0.24,1.00,122.95
robusta,2013-05-23,251.86,-0.12,0.88,122.56
robusta,2013-05-24,250.89,-0.39,0.49,122.33
robusta,2013-05-27,250.71,-0.07,0.42,121.94
robusta,2013-05-28,251.16,0.18,0.60,121.16
robusta,2013-05-29,249.13,-0.81,-0.21,118.07
robusta,2013-05-31,248.66,-0.19,-0.40,115.82
robusta,2013-06-03,248.49,-0.07,-0.07,116.77
robusta,2013-06-04,249.66,0.47,0.40,116.83
robusta,2013-06-05,248.86,-0.32,0.08,116.73
robusta,2013-06-06,249.22,0.14,0.23,117.44
robusta,2013-06-07,248.10,-0.45,-0.23,116.15
robusta,2013-06-10,249.87,0.71,0.49,116.33
robusta,2013-06-11,248.26,-0.64,-0.16,116.17
robusta,2013-06-12,245.27,-1.20,-1.36,113.97
robusta,2013-06-13,243.97,-0.53,-1.89,113.90
robusta,2013-06-14,243.66,-0.13,-2.01,114.13
robusta,2013-06-17,243.60,-0.02,-2.03,112.16
robusta,2013-06-18,242.60,-0.41,-2.44,111.44
robusta,2013-06-19,242.23,-0.15,-2.59,109.86
robusta,2013-06-20,242.77,0.22,-2.37,107.47
robusta,2013-06-21,243.14,0.15,-2.22,108.35
robusta,2013-06-24,243.02,-0.05,-2.27,109.12
robusta,2013-06-25,242.70,-0.13,-2.40,109.08
robusta,2013-06-26,242.77,0.03,-2.37,110.35
robusta,2013-06-27,241.44,-0.55,-2.90,110.65
robusta,2013-06-28,242.10,0.27,-2.64,109.15
robusta,2013-07-01,241.77,-0.14,-0.14,108.42
robusta,2013-07-02,241.66,-0.05,-0.18,107.45
robusta,2013-07-03,243.05,0.58,0.39,107.12
robusta,2013-07-04,242.90,-0.06,0.33,107.48
robusta,2013-07-05,243.38,0.20,0.53,107.60
robusta,2013-07-08,244.17,0.32,0.86,108.13
robusta,2013-07-09,242.10,-0.85,0.00,106.93
robusta,2013-07-10,244.85,1.14,1.14,107.86
robusta,2013-07-11,243.60,-0.51,0.62,107.89
robusta,2013-07-12,245.32,0.71,1.33,108.26
robusta,2013-07-15,245.49,0.07,1.40,108.87
robusta,2013-07-16,248.66,1.29,2.71,111.21
robusta,2013-07-17,252.06,1.37,4.11,112.98
robusta,2013-07-18,256.12,1.61,5.79,114.95
robusta,2013-07-19,256.30,0.07,5.87,114.47
robusta,2013-07-22,255.75,-0.21,5.64,114.38
robusta,2013-07-23,255.60,-0.06,5.58,114.93
robusta,2013-07-24,252.60,-1.17,4.34,112.27
robusta,2013-07-25,253.30,0.28,4.63,112.88
robusta,2013-07-26,254.15,0.34,4.98,112.86
robusta,2013-07-29,254.27,0.05,5.03,112.06
robusta,2013-07-30,254.40,0.05,5.08,111.53
robusta,2013-07-31,253.40,-0.39,4.67,111.24
robusta,2013-08-01,254.21,0.32,0.32,110.38
robusta,2013-08-02,254.35,0.06,0.37,111.61
robusta,2013-08-05,254.03,-0.13,0.25,110.45
robusta,2013-08-06,253.42,-0.24,0.01,110.23
robusta,2013-08-07,252.99,-0.17,-0.16,109.52
robusta,2013-08-08,253.98,0.39,0.23,111.20
robusta,2013-08-09,254.66,0.27,0.50,112.09
robusta,2013-08-12,254.45,-0.08,0.41,111.26
robusta,2013-08-13,253.68,-0.30,0.11,109.87
robusta,2013-08-14,254.39,0.28,0.39,109.51
robusta,2013-08-15,254.26,-0.05,0.34,108.52
robusta,2013-08-16,253.85,-0.16,0.18,106.12
robusta,2013-08-19,256.59,1.08,1.26,106.29
robusta,2013-08-20,256.75,0.06,1.32,107.25
robusta,2013-08-21,255.25,-0.58,0.73,104.78
robusta,2013-08-22,258.25,1.18,1.91,105.93
robusta,2013-08-23,251.25,-2.71,-0.85,106.64
robusta,2013-08-26,250.92,-0.13,-0.98,105.08
robusta,2013-08-27,250.64,-0.11,-1.09,105.71
robusta,2013-08-28,249.94,-0.28,-1.37,106.63
robusta,2013-08-29,247.03,-1.16,-2.51,103.88
robusta,2013-08-30,245.98,-0.43,-2.93,103.22
robusta,2013-09-02,245.03,-0.39,-0.39,103.17
robusta,2013-09-03,247.63,1.06,0.67,104.93
robusta,2013-09-04,246.13,-0.61,0.06,104.47
robusta,2013-09-05,244.56,-0.64,-0.58,105.37
robusta,2013-09-06,240.54,-1.64,-2.21,104.27
robusta,2013-09-09,240.58,0.02,-2.20,105.66
robusta,2013-09-10,238.32,-0.94,-3.11,104.25
robusta,2013-09-11,238.02,-0.13,-3.24,104.71
robusta,2013-09-12,236.10,-0.81,-4.02,103.87
robusta,2013-09-13,237.28,0.50,-3.54,104.02
robusta,2013-09-16,237.37,0.04,-3.50,104.25
robusta,2013-09-17,234.87,-1.05,-4.52,103.97
robusta,2013-09-18,234.48,-0.17,-4.68,106.97
robusta,2013-09-19,233.86,-0.26,-4.93,106.20
robusta,2013-09-20,231.86,-0.86,-5.74,104.49
robusta,2013-09-23,231.77,-0.04,-5.78,105.35
robusta,2013-09-24,231.61,-0.07,-5.84,105.42
robusta,2013-09-25,232.00,0.17,-5.68,104.18
robusta,2013-09-26,230.39,-0.69,-6.34,102.58
robusta,2013-09-27,225.08,-2.30,-8.50,99.64
robusta,2013-09-30,223.60,-0.66,-9.10,100.90
robusta,2013-10-01,221.89,-0.76,-0.76,99.82
robusta,2013-10-02,221.42,-0.21,-0.97,100.74
robusta,2013-10-03,218.97,-1.11,-2.07,99.49
robusta,2013-10-04,216.70,-1.04,-3.09,98.01
robusta,2013-10-07,219.02,1.07,-2.05,99.24
robusta,2013-10-08,218.51,-0.23,-2.28,99.05
robusta,2013-10-09,216.99,-0.70,-2.96,98.36
robusta,2013-10-10,216.43,-0.26,-3.21,99.33
robusta,2013-10-11,214.29,-0.99,-4.16,98.39
robusta,2013-10-14,212.38,-0.89,-5.02,97.64
robusta,2013-10-15,209.59,-1.31,-6.27,95.97
robusta,2013-10-16,209.46,-0.06,-6.32,96.26
robusta,2013-10-17,204.62,-2.31,-8.49,94.64
robusta,2013-10-18,201.18,-1.68,-10.03,92.54
robusta,2013-10-21,198.89,-1.14,-11.05,91.32
robusta,2013-10-22,193.45,-2.74,-13.48,88.98
robusta,2013-10-23,193.81,0.19,-13.32,88.54
robusta,2013-10-24,193.81,0.00,-13.32,87.94
robusta,2013-10-25,193.36,-0.23,-13.52,88.33
robusta,2013-10-28,186.73,-3.43,-16.49,85.58
robusta,2013-10-29,184.52,-1.18,-17.48,84.60
robusta,2013-10-30,187.63,1.69,-16.09,85.40
robusta,2013-10-31,186.63,-0.53,-16.53,83.66
robusta,2013-11-01,189.59,1.59,1.59,84.11
robusta,2013-11-04,188.66,-0.49,1.09,84.00
robusta,2013-11-05,189.48,0.43,1.53,82.67
robusta,2013-11-06,188.99,-0.26,1.26,82.82
robusta,2013-11-07,190.27,0.68,1.95,82.51
robusta,2013-11-08,193.67,1.79,3.77,83.66
robusta,2013-11-11,193.51,-0.08,3.69,82.87
robusta,2013-11-12,193.81,0.16,3.85,83.04
robusta,2013-11-13,194.81,0.52,4.38,83.47
robusta,2013-11-14,195.89,0.55,4.96,84.44
robusta,2013-11-18,197.04,0.59,5.58,86.88
robusta,2013-11-19,201.01,2.01,7.71,88.32
robusta,2013-11-20,202.03,0.51,8.25,88.69
robusta,2013-11-21,204.43,1.19,9.54,88.61
robusta,2013-11-22,205.30,0.43,10.00,89.85
robusta,2013-11-25,205.40,0.05,10.06,89.93
robusta,2013-11-26,206.31,0.44,10.54,89.86
robusta,2013-11-27,209.92,1.75,12.48,90.56
robusta,2013-11-28,211.89,0.94,13.53,91.37
robusta,2013-11-29,214.54,1.25,14.95,91.84
robusta,2013-12-02,215.51,0.45,0.45,91.39
robusta,2013-12-03,219.80,1.99,2.45,92.47
robusta,2013-12-04,224.33,2.06,4.56,93.90
robusta,2013-12-05,228.06,1.66,6.30,96.51
robusta,2013-12-06,228.28,0.10,6.40,97.89
robusta,2013-12-09,229.18,0.39,6.82,98.78
robusta,2013-12-10,229.45,0.12,6.95,99.41
robusta,2013-12-11,227.89,-0.68,6.22,97.31
robusta,2013-12-12,225.79,-0.92,5.24,96.37
robusta,2013-12-13,228.28,1.10,6.40,97.77
robusta,2013-12-16,229.34,0.46,6.90,98.47
robusta,2013-12-17,226.33,-1.31,5.50,97.51
robusta,2013-12-18,219.79,-2.89,2.45,93.81
robusta,2013-12-19,217.79,-0.91,1.51,92.68
robusta,2013-12-20,218.49,0.32,1.84,91.77
robusta,2013-12-23,217.13,-0.62,1.21,91.96
robusta,2013-12-26,216.51,-0.29,0.92,91.74
robusta,2013-12-27,219.93,1.58,2.51,93.91
robusta,2013-12-30,217.29,-1.20,1.28,92.23
robusta,2014-01-02,214.80,-1.15,-1.15,89.84
robusta,2014-01-03,221.07,2.92,1.74,93.04
robusta,2014-01-06,219.46,-0.73,1.00,92.32
robusta,2014-01-07,224.60,2.34,3.36,94.57
robusta,2014-01-08,225.03,0.19,3.56,94.16
robusta,2014-01-09,225.48,0.20,3.77,94.07
robusta,2014-01-10,227.23,0.78,4.57,96.08
robusta,2014-01-13,228.34,0.49,5.09,96.96
robusta,2014-01-14,228.70,0.16,5.25,97.07
robusta,2014-01-15,228.06,-0.28,4.96,96.80
robusta,2014-01-16,229.79,0.76,5.75,97.24
robusta,2014-01-17,229.14,-0.28,5.45,97.55
robusta,2014-01-20,229.36,0.10,5.55,98.06
robusta,2014-01-21,228.79,-0.25,5.29,96.86
robusta,2014-01-22,228.52,-0.12,5.17,96.46
robusta,2014-01-23,226.89,-0.71,4.42,94.54
robusta,2014-01-24,226.40,-0.22,4.19,94.45
robusta,2014-01-27,226.51,0.05,4.24,93.52
robusta,2014-01-28,226.89,0.17,4.42,93.49
robusta,2014-01-29,228.55,0.73,5.18,93.82
robusta,2014-01-30,231.87,1.45,6.71,95.97
robusta,2014-01-31,234.48,1.13,7.91,96.97
robusta,2014-02-03,237.51,1.29,1.29,97.54
robusta,2014-02-04,241.87,1.84,3.15,100.28
robusta,2014-02-05,239.78,-0.86,2.26,99.91
robusta,2014-02-06,240.15,0.15,2.42,100.78
robusta,2014-02-07,236.29,-1.61,0.77,99.32
robusta,2014-02-10,233.29,-1.27,-0.51,96.92
robusta,2014-02-11,236.06,1.19,0.67,98.24
robusta,2014-02-12,236.70,0.27,0.95,97.69
robusta,2014-02-13,235.59,-0.47,0.47,97.92
robusta,2014-02-14,234.89,-0.30,0.17,98.53
robusta,2014-02-17,235.89,0.43,0.60,98.82
robusta,2014-02-18,239.78,1.65,2.26,100.20
robusta,2014-02-19,243.78,1.67,3.97,101.91
robusta,2014-02-20,248.58,1.97,6.01,104.71
robusta,2014-02-21,249.48,0.36,6.40,105.89
robusta,2014-02-24,254.90,2.17,8.71,108.74
robusta,2014-02-25,253.90,-0.39,8.28,108.55
robusta,2014-02-26,256.27,0.93,9.29,108.87
robusta,2014-02-27,257.34,0.42,9.75,110.83
robusta,2014-02-28,257.60,0.10,9.86,109.99
robusta,2014-03-05,257.87,0.10,0.10,111.25
robusta,2014-03-06,262.09,1.64,1.74,113.07
robusta,2014-03-07,263.03,0.36,2.11,111.98
robusta,2014-03-10,267.01,1.51,3.65,113.52
robusta,2014-03-11,274.75,2.90,6.66,116.27
robusta,2014-03-12,278.00,1.18,7.92,117.80
robusta,2014-03-13,276.75,-0.45,7.43,117.02
robusta,2014-03-14,277.55,0.29,7.74,118.06
robusta,2014-03-17,274.25,-1.19,6.46,116.75
robusta,2014-03-18,271.64,-0.95,5.45,116.04
robusta,2014-03-19,260.76,-4.01,1.23,110.87
robusta,2014-03-20,254.37,-2.45,-1.25,109.17
robusta,2014-03-21,250.78,-1.41,-2.65,107.91
robusta,2014-03-24,252.77,0.79,-1.88,108.91
robusta,2014-03-25,253.49,0.28,-1.60,109.88
robusta,2014-03-26,255.40,0.75,-0.85,110.56
robusta,2014-03-27,257.47,0.81,-0.05,113.57
robusta,2014-03-28,256.66,-0.31,-0.36,113.46
robusta,2014-03-31,257.07,0.16,-0.21,113.40
robusta,2014-04-01,252.44,-1.80,-1.80,111.40
robusta,2014-04-02,247.95,-1.78,-3.55,109.13
robusta,2014-04-03,249.52,0.63,-2.94,109.54
robusta,2014-04-04,256.66,2.86,-0.16,114.38
robusta,2014-04-07,257.43,0.30,0.14,116.12
robusta,2014-04-08,261.01,1.39,1.53,118.37
robusta,2014-04-09,259.77,-0.48,1.05,118.18
robusta,2014-04-10,258.10,-0.64,0.40,117.27
robusta,2014-04-11,260.10,0.77,1.18,117.16
robusta,2014-04-14,257.20,-1.11,0.05,116.01
robusta,2014-04-15,253.33,-1.50,-1.45,113.24
robusta,2014-04-16,249.78,-1.40,-2.84,111.46
robusta,2014-04-17,254.07,1.72,-1.17,113.43
robusta,2014-04-22,260.32,2.46,1.26,116.11
robusta,2014-04-23,264.26,1.51,2.80,118.88
robusta,2014-04-24,261.11,-1.19,1.57,117.78
robusta,2014-04-25,261.34,0.09,1.66,116.57
robusta,2014-04-28,257.15,-1.60,0.03,115.47
robusta,2014-04-29,256.82,-0.13,-0.10,115.53
robusta,2014-04-30,257.05,0.09,-0.01,115.06
robusta,2014-05-02,258.00,0.37,0.37,116.16
robusta,2014-05-05,256.17,-0.71,-0.34,114.00
robusta,2014-05-06,254.16,-0.78,-1.12,114.13
robusta,2014-05-07,257.57,1.34,0.20,116.02
robusta,2014-05-08,253.61,-1.54,-1.34,114.70
robusta,2014-05-09,249.12,-1.77,-3.09,112.37
robusta,2014-05-12,249.03,-0.04,-3.12,112.23
robusta,2014-05-13,248.23,-0.32,-3.43,112.07
robusta,2014-05-14,249.84,0.65,-2.80,113.20
robusta,2014-05-15,249.33,-0.20,-3.00,112.21
robusta,2014-05-16,247.24,-0.84,-3.82,111.72
robusta,2014-05-19,244.15,-1.25,-5.02,110.58
robusta,2014-05-20,244.83,0.28,-4.75,110.38
robusta,2014-05-21,242.92,-0.78,-5.50,109.97
robusta,2014-05-22,239.11,-1.57,-6.98,107.90
robusta,2014-05-23,239.24,0.05,-6.93,107.57
robusta,2014-05-26,239.10,-0.06,-6.98,107.51
robusta,2014-05-27,238.44,-0.28,-7.24,106.40
robusta,2014-05-28,234.74,-1.55,-8.68,105.12
robusta,2014-05-29,234.33,-0.17,-8.84,105.36
robusta,2014-05-30,233.02,-0.56,-9.35,104.03
robusta,2014-06-02,233.84,0.35,0.35,102.88
robusta,2014-06-03,232.49,-0.58,-0.23,102.02
robusta,2014-06-04,232.24,-0.11,-0.33,101.68
robusta,2014-06-05,232.41,0.07,-0.26,102.66
robusta,2014-06-06,234.30,0.81,0.55,104.23
robusta,2014-06-09,229.47,-2.06,-1.52,102.95
robusta,2014-06-10,228.85,-0.27,-1.79,102.76
robusta,2014-06-11,232.74,1.70,-0.12,104.09
robusta,2014-06-12,230.18,-1.10,-1.22,103.08
robusta,2014-06-13,235.44,2.29,1.04,105.58
robusta,2014-06-16,235.38,-0.03,1.01,105.27
robusta,2014-06-17,234.54,-0.36,0.65,103.96
robusta,2014-06-18,236.04,0.64,1.30,105.85
robusta,2014-06-20,237.24,0.51,1.81,106.34
robusta,2014-06-23,238.99,0.74,2.56,107.75
robusta,2014-06-24,239.13,0.06,2.62,107.43
robusta,2014-06-25,239.73,0.25,2.88,108.67
robusta,2014-06-26,240.43,0.29,3.18,109.39
robusta,2014-06-27,242.24,0.75,3.96,110.21
robusta,2014-06-30,237.14,-2.11,1.77,107.21
robusta,2014-07-01,237.94,0.34,0.34,107.91
robusta,2014-07-02,238.82,0.37,0.71,107.38
robusta,2014-07-04,241.61,1.17,1.88,109.08
robusta,2014-07-07,238.87,-1.13,0.73,107.36
robusta,2014-07-08,242.72,1.61,2.35,109.63
robusta,2014-07-09,241.43,-0.53,1.81,108.90
robusta,2014-07-10,240.83,-0.25,1.56,108.43
robusta,2014-07-11,238.06,-1.15,0.39,107.14
robusta,2014-07-14,237.53,-0.22,0.16,107.33
robusta,2014-07-15,240.48,1.24,1.41,108.23
robusta,2014-07-16,238.06,-1.01,0.39,107.14
robusta,2014-07-17,240.06,0.84,1.23,106.69
robusta,2014-07-18,241.59,0.64,1.88,108.33
robusta,2014-07-21,241.56,-0.01,1.86,108.66
robusta,2014-07-22,242.88,0.55,2.42,109.85
robusta,2014-07-23,243.10,0.09,2.51,109.51
robusta,2014-07-24,245.98,1.18,3.73,110.80
robusta,2014-07-25,246.30,0.13,3.86,110.55
robusta,2014-07-28,246.83,0.22,4.09,111.03
robusta,2014-07-29,246.76,-0.03,4.06,110.65
robusta,2014-07-30,250.87,1.67,5.79,111.60
robusta,2014-07-31,251.90,0.41,6.22,110.97
robusta,2014-08-01,255.61,1.47,1.47,113.05
robusta,2014-08-04,250.14,-2.14,-0.70,110.73
robusta,2014-08-05,249.07,-0.43,-1.12,109.00
robusta,2014-08-06,248.88,-0.08,-1.20,109.49
robusta,2014-08-07,246.86,-0.81,-2.00,107.47
robusta,2014-08-08,245.08,-0.72,-2.71,107.26
robusta,2014-08-11,246.90,0.74,-1.98,108.58
robusta,2014-08-12,245.99,-0.37,-2.35,107.94
robusta,2014-08-13,249.28,1.34,-1.04,109.24
robusta,2014-08-14,246.10,-1.28,-2.30,108.37
robusta,2014-08-15,246.21,0.04,-2.26,108.75
robusta,2014-08-18,244.38,-0.74,-2.99,108.23
robusta,2014-08-19,241.32,-1.25,-4.20,107.20
robusta,2014-08-20,243.97,1.10,-3.15,107.95
robusta,2014-08-21,246.46,1.02,-2.16,108.77
robusta,2014-08-22,250.71,1.72,-0.47,109.96
robusta,2014-08-25,248.80,-0.76,-1.23,108.84
robusta,2014-08-26,250.53,0.70,-0.54,110.56
robusta,2014-08-27,252.63,0.84,0.29,112.13
robusta,2014-08-28,254.56,0.76,1.06,113.49
robusta,2014-08-29,253.25,-0.51,0.54,112.96
robusta,2014-09-01,256.06,1.11,1.11,114.21
robusta,2014-09-02,257.24,0.46,1.58,114.63
robusta,2014-09-03,254.35,-1.12,0.43,113.80
robusta,2014-09-04,253.48,-0.34,0.09,112.96
robusta,2014-09-05,251.25,-0.88,-0.79,112.01
robusta,2014-09-08,248.79,-0.98,-1.76,109.79
robusta,2014-09-09,253.83,2.03,0.23,110.94
robusta,2014-09-10,249.50,-1.71,-1.48,108.95
robusta,2014-09-11,244.80,-1.88,-3.34,106.81
robusta,2014-09-12,245.55,0.31,-3.04,105.02
robusta,2014-09-15,246.37,0.33,-2.72,105.20
robusta,2014-09-16,251.41,2.05,-0.73,107.95
robusta,2014-09-17,251.26,-0.06,-0.79,106.69
robusta,2014-09-18,250.81,-0.18,-0.96,106.05
robusta,2014-09-19,247.41,-1.36,-2.31,104.04
robusta,2014-09-22,247.28,-0.05,-2.36,103.25
robusta,2014-09-23,249.46,0.88,-1.50,103.60
robusta,2014-09-24,250.07,0.24,-1.26,104.85
robusta,2014-09-25,248.07,-0.80,-2.05,102.09
robusta,2014-09-26,250.85,1.12,-0.95,103.91
robusta,2014-09-29,250.94,0.04,-0.91,102.38
robusta,2014-09-30,253.46,1.00,0.08,103.45
robusta,2014-10-01,259.43,2.36,2.36,104.44
robusta,2014-10-02,262.00,0.99,3.37,105.31
robusta,2014-10-03,260.44,-0.60,2.75,105.31
robusta,2014-10-06,266.01,2.14,4.95,109.52
robusta,2014-10-07,265.62,-0.15,4.80,110.40
robusta,2014-10-08,265.36,-0.10,4.70,111.45
robusta,2014-10-09,263.82,-0.58,4.09,110.48
robusta,2014-10-10,268.38,1.73,5.89,110.99
robusta,2014-10-13,268.30,-0.03,5.85,112.31
robusta,2014-10-14,266.72,-0.59,5.23,111.04
robusta,2014-10-15,267.32,0.22,5.47,109.65
robusta,2014-10-16,266.86,-0.17,5.29,108.08
robusta,2014-10-17,269.94,1.15,6.50,110.81
robusta,2014-10-20,258.33,-4.30,1.92,104.93
robusta,2014-10-21,263.12,1.85,3.81,106.35
robusta,2014-10-22,264.52,0.53,4.36,106.32
robusta,2014-10-23,261.39,-1.18,3.13,104.18
robusta,2014-10-24,260.92,-0.18,2.94,105.94
robusta,2014-10-27,263.42,0.96,3.93,104.28
robusta,2014-10-28,263.42,0.00,3.93,106.56
robusta,2014-10-29,265.00,0.60,4.55,107.50
robusta,2014-10-30,264.72,-0.11,4.44,109.71
robusta,2014-10-31,262.72,-0.76,3.65,106.28
robusta,2014-11-03,266.05,1.27,1.27,106.29
robusta,2014-11-04,268.00,0.73,2.01,106.82
robusta,2014-11-05,269.82,0.68,2.70,107.37
robusta,2014-11-06,270.26,0.16,2.87,105.98
robusta,2014-11-07,272.57,0.85,3.75,106.22
robusta,2014-11-10,271.55,-0.37,3.36,106.28
robusta,2014-11-11,275.21,1.35,4.75,107.38
robusta,2014-11-12,273.63,-0.57,4.15,106.88
robusta,2014-11-13,277.63,1.46,5.68,106.94
robusta,2014-11-14,279.71,0.75,6.47,107.83
robusta,2014-11-17,280.87,0.41,6.91,107.94
robusta,2014-11-18,279.56,-0.47,6.41,107.98
robusta,2014-11-19,281.25,0.60,7.05,109.01
robusta,2014-11-20,281.79,0.19,7.26,109.56
robusta,2014-11-21,282.70,0.32,7.61,112.45
robusta,2014-11-24,279.11,-1.27,6.24,109.45
robusta,2014-11-25,282.55,1.23,7.55,111.33
robusta,2014-11-26,283.24,0.24,7.81,113.07
robusta,2014-11-27,283.03,-0.07,7.73,112.36
robusta,2014-11-28,281.93,-0.39,7.31,109.83
robusta,2014-12-01,279.25,-0.95,-0.95,109.38
robusta,2014-12-02,274.70,-1.63,-2.56,106.72
robusta,2014-12-03,277.45,1.00,-1.59,108.59
robusta,2014-12-04,281.24,1.37,-0.24,108.76
robusta,2014-12-05,277.16,-1.45,-1.69,106.76
robusta,2014-12-08,276.04,-0.40,-2.09,105.72
robusta,2014-12-09,276.27,0.08,-2.01,106.46
robusta,2014-12-10,271.21,-1.83,-3.80,103.83
robusta,2014-12-11,268.21,-1.11,-4.87,101.17
robusta,2014-12-12,274.16,2.22,-2.76,103.10
robusta,2014-12-15,273.91,-0.09,-2.84,101.94
robusta,2014-12-16,277.70,1.38,-1.50,101.31
robusta,2014-12-17,280.36,0.96,-0.56,103.76
robusta,2014-12-18,276.59,-1.34,-1.89,104.22
robusta,2014-12-19,277.45,0.31,-1.59,104.46
robusta,2014-12-22,274.03,-1.23,-2.80,102.94
robusta,2014-12-23,273.01,-0.37,-3.16,100.85
robusta,2014-12-26,270.71,-0.84,-3.98,101.12
robusta,2014-12-29,272.99,0.84,-3.17,100.96
robusta,2014-12-30,272.53,-0.17,-3.33,102.65
robusta,2015-01-02,268.04,-1.65,-1.65,99.57
robusta,2015-01-05,271.54,1.31,-0.36,99.98
robusta,2015-01-06,276.94,1.99,1.62,102.65
robusta,2015-01-07,281.66,1.70,3.35,104.05
robusta,2015-01-08,282.59,0.33,3.69,105.92
robusta,2015-01-09,284.30,0.61,4.32,107.73
robusta,2015-01-12,287.86,1.25,5.63,107.89
robusta,2015-01-13,286.23,-0.57,5.03,108.71
robusta,2015-01-14,290.52,1.50,6.60,110.88
robusta,2015-01-15,287.13,-1.17,5.36,109.01
robusta,2015-01-16,285.91,-0.42,4.91,109.08
robusta,2015-01-19,286.05,0.05,4.96,107.95
robusta,2015-01-20,281.89,-1.45,3.43,107.75
robusta,2015-01-21,283.89,0.71,4.17,108.94
robusta,2015-01-22,280.51,-1.19,2.93,108.89
robusta,2015-01-23,282.47,0.70,3.65,109.40
robusta,2015-01-26,283.84,0.49,4.15,109.72
robusta,2015-01-27,286.58,0.97,5.16,111.47
robusta,2015-01-28,287.86,0.45,5.63,111.79
robusta,2015-01-29,284.24,-1.26,4.30,108.99
robusta,2015-01-30,288.96,1.66,6.03,107.62
robusta,2015-02-02,290.07,0.38,0.38,106.92
robusta,2015-02-03,289.22,-0.29,0.09,107.36
robusta,2015-02-04,297.61,2.90,2.99,108.34
robusta,2015-02-05,296.68,-0.31,2.67,108.20
robusta,2015-02-06,298.85,0.73,3.42,107.81
robusta,2015-02-09,299.22,0.12,3.55,107.63
robusta,2015-02-10,304.24,1.68,5.29,107.47
robusta,2015-02-11,305.91,0.55,5.87,106.59
robusta,2015-02-12,309.25,1.09,7.02,109.24
robusta,2015-02-13,310.16,0.29,7.34,109.41
robusta,2015-02-18,305.51,-1.50,5.73,107.42
robusta,2015-02-19,303.31,-0.72,4.97,105.87
robusta,2015-02-20,306.31,0.99,6.00,106.66
robusta,2015-02-23,304.09,-0.72,5.24,105.81
robusta,2015-02-24,297.12,-2.29,2.82,104.84
robusta,2015-02-25,292.54,-1.54,1.24,101.96
robusta,2015-02-26,291.44,-0.38,0.86,101.27
robusta,2015-02-27,290.92,-0.18,0.68,101.86
robusta,2015-03-02,293.16,0.77,0.77,101.33
robusta,2015-03-03,295.51,0.80,1.58,101.24
robusta,2015-03-04,293.02,-0.84,0.72,98.36
robusta,2015-03-05,296.04,1.03,1.76,98.39
robusta,2015-03-06,300.46,1.49,3.28,98.51
robusta,2015-03-09,308.47,2.67,6.03,98.77
robusta,2015-03-10,308.99,0.17,6.21,99.39
robusta,2015-03-11,306.14,-0.92,5.23,97.96
robusta,2015-03-12,301.39,-1.55,3.60,95.56
robusta,2015-03-13,298.74,-0.88,2.69,91.64
robusta,2015-03-16,298.65,-0.03,2.66,92.01
robusta,2015-03-17,306.18,2.52,5.25,94.33
robusta,2015-03-18,306.54,0.12,5.37,95.35
robusta,2015-03-19,309.62,1.00,6.43,93.97
robusta,2015-03-20,307.47,-0.69,5.69,94.99
robusta,2015-03-23,304.90,-0.84,4.81,96.76
robusta,2015-03-24,305.35,0.15,4.96,97.71
robusta,2015-03-25,307.26,0.63,5.62,96.11
robusta,2015-03-26,310.63,1.10,6.78,97.44
robusta,2015-03-27,308.90,-0.56,6.18,95.46
robusta,2015-03-30,305.55,-1.08,5.03,94.92
robusta,2015-03-31,302.75,-0.92,4.07,94.61
robusta,2015-04-01,302.20,-0.18,-0.18,95.24
robusta,2015-04-02,303.30,0.36,0.18,96.99
robusta,2015-04-06,301.18,-0.70,-0.52,96.38
robusta,2015-04-07,305.64,1.48,0.95,97.87
robusta,2015-04-08,299.37,-2.05,-1.12,97.99
robusta,2015-04-09,296.15,-1.08,-2.18,96.53
robusta,2015-04-10,296.94,0.27,-1.92,96.19
robusta,2015-04-13,293.78,-1.06,-2.96,94.16
robusta,2015-04-14,294.48,0.24,-2.73,96.17
robusta,2015-04-15,293.57,-0.31,-3.03,96.57
robusta,2015-04-16,294.59,0.35,-2.70,97.87
robusta,2015-04-17,297.16,0.87,-1.85,97.62
robusta,2015-04-20,295.72,-0.48,-2.32,97.79
robusta,2015-04-22,295.84,0.04,-2.28,98.22
robusta,2015-04-23,295.91,0.02,-2.26,99.37
robusta,2015-04-24,294.11,-0.61,-2.85,99.46
robusta,2015-04-27,289.65,-1.52,-4.33,99.23
robusta,2015-04-28,287.34,-0.80,-5.09,97.73
robusta,2015-04-29,286.57,-0.27,-5.34,97.01
robusta,2015-04-30,294.19,2.66,-2.83,97.74
robusta,2015-05-04,293.17,-0.35,-0.35,94.97
robusta,2015-05-05,292.87,-0.10,-0.45,95.30
robusta,2015-05-06,288.94,-1.34,-1.78,94.92
robusta,2015-05-07,285.52,-1.18,-2.95,94.42
robusta,2015-05-08,290.93,1.89,-1.11,97.56
robusta,2015-05-11,289.64,-0.44,-1.55,95.00
robusta,2015-05-12,291.64,0.69,-0.87,96.44
robusta,2015-05-13,291.56,-0.03,-0.89,95.94
robusta,2015-05-14,291.10,-0.16,-1.05,97.16
robusta,2015-05-15,289.23,-0.64,-1.69,96.54
robusta,2015-05-18,292.72,1.21,-0.50,96.96
robusta,2015-05-19,291.72,-0.34,-0.84,95.99
robusta,2015-05-20,293.97,0.77,-0.07,97.83
robusta,2015-05-21,290.73,-1.10,-1.18,95.60
robusta,2015-05-22,290.77,0.01,-1.16,94.16
robusta,2015-05-25,285.73,-1.73,-2.88,92.20
robusta,2015-05-26,286.73,0.35,-2.54,90.97
robusta,2015-05-27,289.57,0.99,-1.57,92.07
robusta,2015-05-28,290.80,0.42,-1.15,92.00
robusta,2015-05-29,289.18,-0.56,-1.70,90.80
robusta,2015-06-01,293.21,1.39,1.39,92.32
robusta,2015-06-02,295.64,0.83,2.23,94.33
robusta,2015-06-03,299.36,1.26,3.52,95.58
robusta,2015-06-05,293.04,-2.11,1.33,93.03
robusta,2015-06-08,299.66,2.26,3.62,96.29
robusta,2015-06-09,301.32,0.55,4.20,97.26
robusta,2015-06-10,299.01,-0.77,3.40,95.96
robusta,2015-06-11,294.13,-1.63,1.71,94.73
robusta,2015-06-12,302.45,2.83,4.59,97.10
robusta,2015-06-15,299.89,-0.85,3.70,95.84
robusta,2015-06-16,295.46,-1.48,2.17,95.56
robusta,2015-06-17,300.80,1.81,4.02,98.27
robusta,2015-06-18,301.02,0.07,4.09,98.53
robusta,2015-06-19,301.43,0.14,4.24,97.20
robusta,2015-06-22,303.08,0.55,4.81,98.37
robusta,2015-06-23,304.32,0.41,5.24,98.71
robusta,2015-06-24,308.23,1.28,6.59,99.59
robusta,2015-06-25,306.56,-0.54,6.01,98.26
robusta,2015-06-26,309.07,0.82,6.88,98.81
robusta,2015-06-29,306.36,-0.88,5.94,98.38
robusta,2015-06-30,307.58,0.40,6.36,98.93
robusta,2015-07-01,304.94,-0.86,-0.86,96.99
robusta,2015-07-02,306.63,0.55,-0.31,98.98
robusta,2015-07-03,301.18,-1.78,-2.08,96.04
robusta,2015-07-06,304.30,1.04,-1.07,96.63
robusta,2015-07-07,302.45,-0.61,-1.67,95.02
robusta,2015-07-08,309.22,2.24,0.53,95.79
robusta,2015-07-09,309.44,0.07,0.60,96.28
robusta,2015-07-10,307.99,-0.47,0.13,97.28
robusta,2015-07-13,309.24,0.41,0.54,98.70
robusta,2015-07-14,307.79,-0.47,0.07,98.08
robusta,2015-07-15,306.39,-0.45,-0.39,97.80
robusta,2015-07-16,303.90,-0.81,-1.20,96.38
robusta,2015-07-17,300.83,-1.01,-2.19,94.25
robusta,2015-07-20,302.76,0.64,-1.57,94.64
robusta,2015-07-21,305.53,0.91,-0.67,96.44
robusta,2015-07-22,304.09,-0.47,-1.13,94.23
robusta,2015-07-23,307.81,1.22,0.07,93.53
robusta,2015-07-24,310.62,0.91,0.99,92.75
robusta,2015-07-27,311.54,0.30,1.29,92.69
robusta,2015-07-28,313.31,0.57,1.86,92.97
robusta,2015-07-29,310.91,-0.77,1.08,93.37
robusta,2015-07-30,313.01,0.68,1.77,92.61
robusta,2015-07-31,313.62,0.19,1.96,91.78
robusta,2015-08-03,316.24,0.84,0.84,91.64
robusta,2015-08-04,318.46,0.70,1.54,92.04
robusta,2015-08-05,318.78,0.10,1.65,91.37
robusta,2015-08-06,323.02,1.33,3.00,91.35
robusta,2015-08-07,323.77,0.23,3.24,92.24
robusta,2015-08-10,323.48,-0.09,3.14,93.76
robusta,2015-08-11,329.92,1.99,5.20,94.26
robusta,2015-08-12,329.92,0.00,5.20,95.00
robusta,2015-08-13,329.28,-0.19,4.99,93.87
robusta,2015-08-14,330.75,0.45,5.46,94.91
robusta,2015-08-17,329.83,-0.28,5.17,94.64
robusta,2015-08-18,330.67,0.25,5.44,95.38
robusta,2015-08-19,330.76,0.03,5.47,95.02
robusta,2015-08-20,328.51,-0.68,4.75,95.17
robusta,2015-08-21,325.60,-0.89,3.82,93.21
robusta,2015-08-24,321.86,-1.15,2.63,90.43
robusta,2015-08-25,322.33,0.15,2.78,89.73
robusta,2015-08-26,322.08,-0.08,2.70,89.39
robusta,2015-08-27,326.51,1.38,4.11,91.64
robusta,2015-08-28,328.22,0.52,4.66,91.60
robusta,2015-08-31,329.35,0.34,5.02,90.66
robusta,2015-09-01,329.76,0.12,0.12,89.34
robusta,2015-09-02,329.14,-0.19,-0.06,87.70
robusta,2015-09-03,334.59,1.66,1.59,89.13
robusta,2015-09-04,335.51,0.27,1.87,87.14
robusta,2015-09-08,329.68,-1.74,0.10,86.35
robusta,2015-09-09,337.40,2.34,2.44,88.84
robusta,2015-09-10,336.04,-0.40,2.03,87.01
robusta,2015-09-11,336.34,0.09,2.12,86.71
robusta,2015-09-14,336.95,0.18,2.31,88.23
robusta,2015-09-15,338.76,0.54,2.86,87.85
robusta,2015-09-16,339.74,0.29,3.15,88.64
robusta,2015-09-17,340.31,0.17,3.33,88.12
robusta,2015-09-18,336.33,-1.17,2.12,85.15
robusta,2015-09-21,341.82,1.63,3.79,85.95
robusta,2015-09-22,342.92,0.32,4.12,84.67
robusta,2015-09-23,347.05,1.20,5.37,83.93
robusta,2015-09-24,351.83,1.38,6.83,86.96
robusta,2015-09-25,352.85,0.29,7.14,88.90
robusta,2015-09-28,352.20,-0.18,6.94,86.32
robusta,2015-09-29,355.02,0.80,7.79,87.38
robusta,2015-09-30,352.91,-0.59,7.15,88.80
robusta,2015-10-01,354.47,0.44,0.44,88.84
robusta,2015-10-02,356.65,0.62,1.06,90.45
robusta,2015-10-05,357.77,0.31,1.38,91.69
robusta,2015-10-06,356.73,-0.29,1.08,92.80
robusta,2015-10-07,355.05,-0.47,0.61,91.60
robusta,2015-10-08,356.73,0.47,1.08,93.63
robusta,2015-10-09,359.65,0.82,1.91,95.88
robusta,2015-10-13,358.44,-0.34,1.57,92.57
robusta,2015-10-14,362.23,1.06,2.64,94.85
robusta,2015-10-15,363.47,0.34,2.99,95.65
robusta,2015-10-16,362.63,-0.23,2.75,94.44
robusta,2015-10-19,366.14,0.97,3.75,94.15
robusta,2015-10-20,365.06,-0.29,3.44,93.46
robusta,2015-10-21,367.46,0.66,4.12,93.14
robusta,2015-10-22,370.09,0.72,4.87,94.27
robusta,2015-10-23,370.92,0.22,5.10,95.50
robusta,2015-10-26,371.12,0.05,5.16,94.87
robusta,2015-10-27,371.56,0.12,5.28,95.32
robusta,2015-10-28,369.91,-0.44,4.82,94.29
robusta,2015-10-29,372.84,0.79,5.65,96.64
robusta,2015-10-30,373.88,0.28,5.94,96.76
robusta,2015-11-03,374.18,0.08,0.08,99.43
robusta,2015-11-04,374.64,0.12,0.20,98.59
robusta,2015-11-05,375.13,0.13,0.33,99.27
robusta,2015-11-06,375.17,0.01,0.35,99.25
robusta,2015-11-09,373.89,-0.34,0.00,98.37
robusta,2015-11-10,374.72,0.22,0.22,98.82
robusta,2015-11-11,375.55,0.22,0.45,99.59
robusta,2015-11-12,375.54,-0.00,0.44,99.83
robusta,2015-11-13,375.17,-0.10,0.35,97.96
robusta,2015-11-16,375.97,0.21,0.56,98.58
robusta,2015-11-17,376.00,0.01,0.57,98.38
robusta,2015-11-18,374.46,-0.41,0.16,99.14
robusta,2015-11-19,374.64,0.05,0.20,100.14
robusta,2015-11-20,374.72,0.02,0.22,101.36
robusta,2015-11-23,374.10,-0.17,0.06,100.24
robusta,2015-11-24,374.56,0.12,0.18,101.31
robusta,2015-11-25,376.26,0.45,0.64,100.31
robusta,2015-11-26,377.63,0.36,1.00,100.70
robusta,2015-11-27,377.40,-0.06,0.94,99.16
robusta,2015-11-30,375.88,-0.40,0.53,96.75
robusta,2015-12-01,375.47,-0.11,-0.11,97.20
robusta,2015-12-02,377.36,0.50,0.39,98.14
robusta,2015-12-03,378.27,0.24,0.64,100.87
robusta,2015-12-04,379.02,0.20,0.84,101.56
robusta,2015-12-07,378.69,-0.09,0.75,100.56
robusta,2015-12-08,379.96,0.34,1.09,99.70
robusta,2015-12-09,380.46,0.13,1.22,101.65
robusta,2015-12-10,380.69,0.06,1.28,100.02
robusta,2015-12-11,379.96,-0.19,1.09,98.28
robusta,2015-12-14,379.08,-0.23,0.85,97.47
robusta,2015-12-15,377.86,-0.32,0.53,97.36
robusta,2015-12-16,379.24,0.37,0.89,96.69
robusta,2015-12-17,379.97,0.19,1.09,97.63
robusta,2015-12-18,379.10,-0.23,0.86,96.05
robusta,2015-12-21,378.80,-0.08,0.78,94.37
robusta,2015-12-22,380.80,0.53,1.31,95.37
robusta,2015-12-23,381.56,0.20,1.51,96.55
robusta,2015-12-28,376.78,-1.25,0.24,97.43
robusta,2015-12-29,378.13,0.36,0.60,97.46
robusta,2015-12-30,378.44,0.08,0.68,95.59
robusta,2016-01-04,386.17,2.04,2.04,95.40
robusta,2016-01-05,385.40,-0.20,1.84,96.54
robusta,2016-01-06,385.58,0.05,1.89,95.96
robusta,2016-01-07,382.68,-0.75,1.12,94.63
robusta,2016-01-08,387.01,1.13,2.26,95.94
robusta,2016-01-11,383.28,-0.96,1.28,94.66
robusta,2016-01-12,382.89,-0.10,1.18,94.78
robusta,2016-01-13,389.55,1.74,2.94,97.36
robusta,2016-01-14,385.07,-1.15,1.75,96.41
robusta,2016-01-15,386.20,0.29,2.05,95.36
robusta,2016-01-18,384.96,-0.32,1.72,95.50
robusta,2016-01-19,387.04,0.54,2.27,95.59
robusta,2016-01-20,389.30,0.58,2.87,94.58
robusta,2016-01-21,390.61,0.34,3.22,94.06
robusta,2016-01-22,395.62,1.28,4.54,96.33
robusta,2016-01-25,394.54,-0.27,4.25,96.10
robusta,2016-01-26,396.33,0.45,4.73,97.50
robusta,2016-01-27,398.20,0.47,5.22,97.53
robusta,2016-01-28,397.48,-0.18,5.03,97.61
robusta,2016-01-29,397.50,0.01,5.04,98.76
robusta,2016-02-01,395.70,-0.45,-0.45,99.67
robusta,2016-02-02,397.24,0.39,-0.07,99.76
robusta,2016-02-03,395.58,-0.42,-0.48,100.86
robusta,2016-02-04,400.37,1.21,0.72,102.90
robusta,2016-02-05,401.58,0.30,1.03,102.63
robusta,2016-02-10,395.03,-1.63,-0.62,100.39
robusta,2016-02-11,399.97,1.25,0.62,100.57
robusta,2016-02-12,402.88,0.73,1.35,100.85
robusta,2016-02-15,401.52,-0.34,1.01,100.58
robusta,2016-02-16,400.69,-0.21,0.80,98.59
robusta,2016-02-17,394.99,-1.42,-0.63,99.37
robusta,2016-02-18,399.44,1.13,0.49,98.92
robusta,2016-02-19,398.65,-0.20,0.29,98.70
robusta,2016-02-22,394.94,-0.93,-0.64,100.16
robusta,2016-02-23,393.19,-0.44,-1.08,99.29
robusta,2016-02-24,383.35,-2.50,-3.56,96.95
robusta,2016-02-25,374.45,-2.32,-5.80,95.01
robusta,2016-02-26,375.16,0.19,-5.62,93.91
robusta,2016-02-29,373.88,-0.34,-5.94,93.56
robusta,2016-03-01,372.45,-0.38,-0.38,94.43
robusta,2016-03-02,370.97,-0.40,-0.78,95.32
robusta,2016-03-03,368.36,-0.70,-1.48,96.58
robusta,2016-03-04,358.37,-2.71,-4.15,95.08
robusta,2016-03-07,356.02,-0.66,-4.78,93.99
robusta,2016-03-08,357.27,0.35,-4.44,95.19
robusta,2016-03-09,354.57,-0.76,-5.16,95.83
robusta,2016-03-10,356.39,0.51,-4.68,97.86
robusta,2016-03-11,358.32,0.54,-4.16,99.45
robusta,2016-03-14,357.27,-0.29,-4.44,98.02
robusta,2016-03-15,356.65,-0.17,-4.61,94.95
robusta,2016-03-16,357.63,0.27,-4.35,95.39
robusta,2016-03-17,361.42,1.06,-3.33,99.16
robusta,2016-03-18,363.32,0.53,-2.82,101.20
robusta,2016-03-21,361.37,-0.54,-3.35,100.08
robusta,2016-03-22,366.98,1.55,-1.85,102.19
robusta,2016-03-23,368.61,0.44,-1.41,100.33
robusta,2016-03-24,367.17,-0.39,-1.79,99.50
robusta,2016-03-28,370.71,0.96,-0.85,102.15
robusta,2016-03-29,372.10,0.37,-0.48,102.42
robusta,2016-03-30,374.29,0.59,0.11,103.37
robusta,2016-03-31,375.13,0.22,0.33,104.09
robusta,2016-04-01,374.44,-0.18,-0.18,104.91
robusta,2016-04-04,375.33,0.24,0.05,104.17
robusta,2016-04-05,375.54,0.06,0.11,102.33
robusta,2016-04-06,379.93,1.17,1.28,104.15
robusta,2016-04-07,382.16,0.59,1.87,103.59
robusta,2016-04-08,379.46,-0.71,1.15,105.32
robusta,2016-04-11,376.72,-0.72,0.42,107.76
robusta,2016-04-12,379.38,0.71,1.13,107.99
robusta,2016-04-13,378.33,-0.28,0.85,108.40
robusta,2016-04-14,376.52,-0.48,0.37,108.13
robusta,2016-04-15,378.93,0.64,1.01,107.83
robusta,2016-04-18,379.71,0.21,1.22,105.36
robusta,2016-04-19,379.75,0.01,1.23,107.43
robusta,2016-04-20,379.31,-0.12,1.11,107.45
robusta,2016-04-22,382.25,0.78,1.90,106.98
robusta,2016-04-25,381.79,-0.12,1.78,107.55
robusta,2016-04-26,382.40,0.16,1.94,108.54
robusta,2016-04-27,381.80,-0.16,1.78,108.40
robusta,2016-04-28,381.63,-0.04,1.73,109.16
robusta,2016-04-29,381.25,-0.10,1.63,110.86
robusta,2016-05-02,379.71,-0.40,-0.40,108.77
robusta,2016-05-03,378.80,-0.24,-0.64,106.26
robusta,2016-05-04,383.70,1.29,0.64,108.58
robusta,2016-05-05,384.20,0.13,0.77,108.35
robusta,2016-05-06,383.80,-0.10,0.67,109.72
robusta,2016-05-09,386.37,0.67,1.34,109.58
robusta,2016-05-10,386.50,0.03,1.38,111.38
robusta,2016-05-11,388.93,0.63,2.01,112.86
robusta,2016-05-12,390.20,0.33,2.35,112.45
robusta,2016-05-13,389.06,-0.29,2.05,110.50
robusta,2016-05-16,389.71,0.17,2.22,111.47
robusta,2016-05-17,389.36,-0.09,2.13,111.63
robusta,2016-05-18,386.96,-0.62,1.50,108.70
robusta,2016-05-19,388.20,0.32,1.82,108.77
robusta,2016-05-20,388.53,0.09,1.91,109.76
robusta,2016-05-23,386.86,-0.43,1.47,108.03
robusta,2016-05-24,385.55,-0.34,1.13,107.66
robusta,2016-05-25,387.70,0.56,1.69,107.78
robusta,2016-05-27,388.09,0.10,1.79,107.62
robusta,2016-05-30,390.03,0.50,2.30,109.10
robusta,2016-05-31,388.79,-0.32,1.98,107.46
robusta,2016-06-01,389.45,0.17,0.17,108.39
robusta,2016-06-02,387.94,-0.39,-0.22,108.24
robusta,2016-06-03,387.42,-0.13,-0.35,109.85
robusta,2016-06-06,387.45,0.01,-0.34,110.92
robusta,2016-06-07,389.31,0.48,0.13,112.88
robusta,2016-06-08,389.54,0.06,0.19,115.56
robusta,2016-06-09,390.16,0.16,0.35,114.89
robusta,2016-06-10,389.54,-0.16,0.19,113.64
robusta,2016-06-13,389.71,0.04,0.24,112.02
robusta,2016-06-14,390.70,0.25,0.49,111.95
robusta,2016-06-15,389.21,-0.38,0.11,112.36
robusta,2016-06-16,389.52,0.08,0.19,112.28
robusta,2016-06-17,389.70,0.05,0.23,113.88
robusta,2016-06-20,392.88,0.82,1.05,115.65
robusta,2016-06-21,389.71,-0.81,0.24,114.59
robusta,2016-06-22,393.80,1.05,1.29,116.65
robusta,2016-06-23,395.26,0.37,1.66,118.02
robusta,2016-06-24,392.47,-0.71,0.95,116.32
robusta,2016-06-27,395.19,0.69,1.65,116.34
robusta,2016-06-28,395.19,0.00,1.65,119.65
robusta,2016-06-29,397.58,0.60,2.26,122.86
robusta,2016-06-30,399.25,0.42,2.69,124.22
robusta,2016-07-01,399.52,0.07,0.07,123.65
robusta,2016-07-04,399.69,0.04,0.11,122.45
robusta,2016-07-05,400.27,0.15,0.26,121.26
robusta,2016-07-06,400.19,-0.02,0.24,119.96
robusta,2016-07-07,404.23,1.01,1.25,120.38
robusta,2016-07-08,404.70,0.12,1.37,123.08
robusta,2016-07-11,404.41,-0.07,1.29,122.22
robusta,2016-07-12,408.02,0.89,2.20,124.06
robusta,2016-07-13,408.68,0.16,2.36,124.67
robusta,2016-07-14,409.52,0.21,2.57,125.93
robusta,2016-07-15,412.41,0.71,3.30,126.82
robusta,2016-07-18,411.06,-0.33,2.96,126.52
robusta,2016-07-19,412.39,0.32,3.29,126.62
robusta,2016-07-20,413.77,0.33,3.64,127.35
robusta,2016-07-21,414.18,0.10,3.74,126.12
robusta,2016-07-22,414.95,0.19,3.93,127.29
robusta,2016-07-25,414.93,-0.00,3.93,126.12
robusta,2016-07-26,417.01,0.50,4.45,127.49
robusta,2016-07-27,418.58,0.38,4.84,128.20
robusta,2016-07-28,420.46,0.45,5.31,127.68
robusta,2016-07-29,420.84,0.09,5.41,129.93
robusta,2016-08-01,419.95,-0.21,-0.21,128.35
robusta,2016-08-02,421.49,0.37,0.15,128.98
robusta,2016-08-03,421.26,-0.05,0.10,130.10
robusta,2016-08-04,421.51,0.06,0.16,131.76
robusta,2016-08-05,421.25,-0.06,0.10,133.10
robusta,2016-08-08,421.83,0.14,0.24,133.28
robusta,2016-08-09,421.24,-0.14,0.10,134.28
robusta,2016-08-10,421.91,0.16,0.25,135.10
robusta,2016-08-11,423.93,0.48,0.73,135.10
robusta,2016-08-12,422.39,-0.36,0.37,132.54
robusta,2016-08-15,423.16,0.18,0.55,133.03
robusta,2016-08-16,423.66,0.12,0.67,133.02
robusta,2016-08-17,423.22,-0.10,0.57,131.84
robusta,2016-08-18,423.83,0.14,0.71,130.85
robusta,2016-08-19,425.57,0.41,1.12,132.58
robusta,2016-08-22,424.15,-0.33,0.79,132.42
robusta,2016-08-23,424.23,0.02,0.81,131.26
robusta,2016-08-24,422.99,-0.29,0.51,131.20
robusta,2016-08-25,426.15,0.75,1.26,132.02
robusta,2016-08-26,422.66,-0.82,0.43,129.25
robusta,2016-08-29,424.65,0.47,0.91,131.35
robusta,2016-08-30,423.02,-0.38,0.52,130.36
robusta,2016-08-31,422.11,-0.22,0.30,130.97
robusta,2016-09-01,422.95,0.20,0.20,130.22
robusta,2016-09-02,424.93,0.47,0.67,130.79
robusta,2016-09-05,424.95,0.00,0.67,129.64
robusta,2016-09-06,426.65,0.40,1.08,132.95
robusta,2016-09-08,424.40,-0.53,0.54,132.17
robusta,2016-09-09,429.40,1.18,1.73,131.07
robusta,2016-09-12,429.92,0.12,1.85,132.49
robusta,2016-09-13,428.15,-0.41,1.43,129.15
robusta,2016-09-14,428.65,0.12,1.55,128.41
robusta,2016-09-15,430.95,0.54,2.09,130.35
robusta,2016-09-16,434.65,0.86,2.97,133.16
robusta,2016-09-19,435.55,0.21,3.18,133.11
robusta,2016-09-20,438.53,0.68,3.89,134.85
robusta,2016-09-21,440.47,0.44,4.35,137.09
robusta,2016-09-22,443.14,0.61,4.98,137.66
robusta,2016-09-23,447.13,0.90,5.93,138.13
robusta,2016-09-26,444.14,-0.67,5.22,136.83
robusta,2016-09-27,451.30,1.61,6.92,139.76
robusta,2016-09-28,452.61,0.29,7.23,140.34
robusta,2016-09-29,456.29,0.81,8.10,140.10
robusta,2016-09-30,459.63,0.73,8.89,141.38
robusta,2016-10-03,458.12,-0.33,-0.33,143.16
robusta,2016-10-04,461.26,0.69,0.35,141.71
robusta,2016-10-05,467.12,1.27,1.63,145.02
robusta,2016-10-06,468.37,0.27,1.90,145.28
robusta,2016-10-07,473.37,1.07,2.99,147.24
robusta,2016-10-10,473.51,0.03,3.02,147.79
robusta,2016-10-11,483.24,2.05,5.14,151.11
robusta,2016-10-13,487.93,0.97,6.16,153.49
robusta,2016-10-14,495.10,1.47,7.72,154.57
robusta,2016-10-17,499.10,0.81,8.59,155.77
robusta,2016-10-18,507.09,1.60,10.33,159.41
robusta,2016-10-19,512.36,1.04,11.47,161.63
robusta,2016-10-20,518.58,1.21,12.83,165.26
robusta,2016-10-21,522.91,0.83,13.77,165.22
robusta,2016-10-24,526.07,0.60,14.46,168.67
robusta,2016-10-25,529.11,0.58,15.12,170.24
robusta,2016-10-26,531.57,0.46,15.65,169.13
robusta,2016-10-27,533.21,0.31,16.01,169.11
robusta,2016-10-28,534.57,0.26,16.30,167.21
robusta,2016-10-31,538.93,0.82,17.25,169.21
robusta,2016-11-01,536.83,-0.39,-0.39,165.69
robusta,2016-11-03,540.06,0.60,0.21,166.89
robusta,2016-11-04,546.37,1.17,1.38,169.68
robusta,2016-11-07,546.33,-0.01,1.37,170.46
robusta,2016-11-08,544.51,-0.33,1.04,171.66
robusta,2016-11-09,545.87,0.25,1.29,169.84
robusta,2016-11-10,547.63,0.32,1.61,162.84
robusta,2016-11-11,550.63,0.55,2.17,161.57
robusta,2016-11-14,552.28,0.30,2.48,160.50
robusta,2016-11-16,550.89,-0.25,2.22,160.70
robusta,2016-11-17,549.11,-0.32,1.89,160.61
robusta,2016-11-18,536.36,-2.32,-0.48,158.64
robusta,2016-11-21,519.53,-3.14,-3.60,154.99
robusta,2016-11-22,511.54,-1.54,-5.08,152.33
robusta,2016-11-23,484.56,-5.27,-10.09,142.98
robusta,2016-11-24,469.90,-3.03,-12.81,138.65
robusta,2016-11-25,470.15,0.05,-12.76,137.75
robusta,2016-11-28,473.37,0.68,-12.16,139.93
robusta,2016-11-29,473.03,-0.07,-12.23,139.25
robusta,2016-11-30,477.34,0.91,-11.43,140.97
robusta,2016-12-01,475.75,-0.33,-0.33,137.06
robusta,2016-12-02,478.50,0.58,0.24,138.13
robusta,2016-12-05,477.14,-0.28,-0.04,139.19
robusta,2016-12-06,481.90,1.00,0.96,141.44
robusta,2016-12-07,483.15,0.26,1.22,141.56
robusta,2016-12-08,489.56,1.33,2.56,144.67
robusta,2016-12-09,489.13,-0.09,2.47,145.27
robusta,2016-12-12,491.06,0.39,2.87,146.76
robusta,2016-12-13,490.47,-0.12,2.75,147.55
robusta,2016-12-14,490.41,-0.01,2.74,146.79
robusta,2016-12-15,491.25,0.17,2.91,145.64
robusta,2016-12-16,486.46,-0.98,1.91,143.46
robusta,2016-12-19,486.81,0.07,1.98,144.37
robusta,2016-12-20,486.78,-0.01,1.98,145.44
robusta,2016-12-21,490.69,0.80,2.80,147.44
robusta,2016-12-22,490.14,-0.11,2.68,148.66
robusta,2016-12-23,491.01,0.18,2.86,150.11
robusta,2016-12-26,493.15,0.44,3.31,150.53
robusta,2016-12-27,490.83,-0.47,2.83,149.83
robusta,2016-12-28,492.44,0.33,3.16,150.04
robusta,2016-12-29,493.13,0.14,3.31,151.78
robusta,2017-01-02,490.67,-0.50,-0.50,149.37
robusta,2017-01-03,491.84,0.24,-0.26,151.01
robusta,2017-01-04,493.44,0.33,0.06,153.15
robusta,2017-01-05,493.55,0.02,0.09,154.33
robusta,2017-01-06,498.66,1.04,1.12,154.77
robusta,2017-01-09,499.12,0.09,1.21,156.22
robusta,2017-01-10,499.57,0.09,1.31,156.41
robusta,2017-01-11,499.12,-0.09,1.21,156.76
robusta,2017-01-12,501.84,0.54,1.77,158.26
robusta,2017-01-13,504.54,0.54,2.31,157.03
robusta,2017-01-16,506.21,0.33,2.65,156.43
robusta,2017-01-17,508.29,0.41,3.07,158.35
robusta,2017-01-18,508.32,0.01,3.08,157.91
robusta,2017-01-19,507.04,-0.25,2.82,158.60
robusta,2017-01-20,502.05,-0.98,1.81,157.98
robusta,2017-01-23,491.22,-2.16,-0.39,155.11
robusta,2017-01-24,491.06,-0.03,-0.42,154.96
robusta,2017-01-25,489.14,-0.39,-0.81,154.35
robusta,2017-01-26,481.84,-1.49,-2.29,151.57
robusta,2017-01-27,482.07,0.05,-2.24,152.89
robusta,2017-01-30,480.68,-0.29,-2.52,154.21
robusta,2017-01-31,474.08,-1.37,-3.86,150.64
robusta,2017-02-01,471.58,-0.53,-0.53,149.76
robusta,2017-02-02,468.47,-0.66,-1.18,150.25
robusta,2017-02-03,467.92,-0.12,-1.30,150.26
robusta,2017-02-06,464.70,-0.69,-1.98,148.75
robusta,2017-02-07,459.73,-1.07,-3.03,147.26
robusta,2017-02-08,456.82,-0.63,-3.64,146.60
robusta,2017-02-09,461.26,0.97,-2.70,147.37
robusta,2017-02-10,456.27,-1.08,-3.76,146.85
robusta,2017-02-13,458.97,0.59,-3.19,147.53
robusta,2017-02-14,454.60,-0.95,-4.11,146.79
robusta,2017-02-15,443.61,-2.42,-6.43,144.69
robusta,2017-02-16,439.16,-1.00,-7.37,142.72
robusta,2017-02-17,433.51,-1.29,-8.56,140.20
robusta,2017-02-20,430.73,-0.64,-9.14,139.62
robusta,2017-02-21,431.62,0.21,-8.96,139.77
robusta,2017-02-22,432.12,0.12,-8.85,140.80
robusta,2017-02-23,433.71,0.37,-8.52,141.74
robusta,2017-02-24,434.06,0.08,-8.44,139.57
robusta,2017-03-01,429.62,-1.02,-1.02,138.86
robusta,2017-03-02,433.12,0.81,-0.22,137.63
robusta,2017-03-03,434.05,0.21,-0.00,139.34
robusta,2017-03-06,437.60,0.82,0.82,140.03
robusta,2017-03-07,438.77,0.27,1.09,140.86
robusta,2017-03-08,441.42,0.60,1.70,139.65
robusta,2017-03-09,441.52,0.02,1.72,138.28
robusta,2017-03-10,443.49,0.45,2.17,141.24
robusta,2017-03-13,446.26,0.62,2.81,141.58
robusta,2017-03-14,447.32,0.24,3.05,140.84
robusta,2017-03-15,447.93,0.14,3.20,143.84
robusta,2017-03-16,450.96,0.68,3.89,144.58
robusta,2017-03-17,451.68,0.16,4.06,145.75
robusta,2017-03-20,452.78,0.24,4.31,147.53
robusta,2017-03-21,450.60,-0.48,3.81,146.11
robusta,2017-03-22,453.23,0.58,4.42,146.44
robusta,2017-03-23,453.69,0.10,4.52,144.67
robusta,2017-03-24,454.10,0.09,4.62,146.15
robusta,2017-03-27,450.96,-0.69,3.89,144.03
robusta,2017-03-28,448.24,-0.60,3.27,142.71
robusta,2017-03-29,447.33,-0.20,3.06,143.47
robusta,2017-03-30,441.43,-1.32,1.70,140.72
robusta,2017-03-31,438.37,-0.69,0.99,140.19
robusta,2017-04-03,436.89,-0.34,-0.34,140.39
robusta,2017-04-04,432.12,-1.09,-1.43,139.48
robusta,2017-04-05,426.71,-1.25,-2.66,137.47
robusta,2017-04-06,423.13,-0.84,-3.48,134.54
robusta,2017-04-07,418.44,-1.11,-4.55,132.67
robusta,2017-04-10,417.13,-0.31,-4.85,133.06
robusta,2017-04-11,415.05,-0.50,-5.32,131.76
robusta,2017-04-12,413.39,-0.40,-5.70,131.32
robusta,2017-04-13,414.64,0.30,-5.41,131.84
robusta,2017-04-17,411.45,-0.77,-6.14,132.60
robusta,2017-04-18,407.82,-0.88,-6.97,130.71
robusta,2017-04-19,410.89,0.75,-6.27,130.86
robusta,2017-04-20,409.64,-0.30,-6.55,129.84
robusta,2017-04-24,394.42,-3.72,-10.03,125.93
robusta,2017-04-25,390.11,-1.09,-11.01,123.76
robusta,2017-04-26,392.98,0.74,-10.35,123.77
robusta,2017-04-27,397.83,1.23,-9.25,125.30
robusta,2017-04-28,391.10,-1.69,-10.78,123.26
robusta,2017-05-02,398.41,1.87,1.87,126.32
robusta,2017-05-03,395.77,-0.66,1.19,125.40
robusta,2017-05-04,400.09,1.09,2.30,125.62
robusta,2017-05-05,399.10,-0.25,2.05,125.74
robusta,2017-05-08,404.65,1.39,3.46,126.57
robusta,2017-05-09,407.11,0.61,4.09,127.90
robusta,2017-05-10,403.21,-0.96,3.10,127.40
robusta,2017-05-11,406.22,0.75,3.87,128.88
robusta,2017-05-12,406.90,0.17,4.04,130.17
robusta,2017-05-15,407.34,0.11,4.15,131.06
robusta,2017-05-16,404.98,-0.58,3.55,130.72
robusta,2017-05-17,405.87,0.22,3.78,130.04
robusta,2017-05-18,409.14,0.81,4.61,120.98
robusta,2017-05-19,412.08,0.72,5.36,126.40
robusta,2017-05-22,413.65,0.38,5.77,126.15
robusta,2017-05-23,410.06,-0.87,4.85,125.67
robusta,2017-05-24,411.56,0.37,5.23,125.51
robusta,2017-05-25,413.79,0.54,5.80,125.81
robusta,2017-05-26,419.18,1.30,7.18,128.31
robusta,2017-05-29,418.19,-0.24,6.93,127.89
robusta,2017-05-30,421.34,0.75,7.73,129.16
robusta,2017-05-31,425.32,0.94,8.75,131.39
robusta,2017-06-01,424.96,-0.08,-0.08,130.84
robusta,2017-06-02,427.74,0.65,0.57,131.57
robusta,2017-06-05,427.55,-0.04,0.52,130.03
robusta,2017-06-06,428.64,0.25,0.78,130.72
robusta,2017-06-07,425.97,-0.62,0.15,129.99
robusta,2017-06-08,426.54,0.13,0.29,130.72
robusta,2017-06-09,419.56,-1.64,-1.35,127.84
robusta,2017-06-12,422.09,0.60,-0.76,127.40
robusta,2017-06-13,418.55,-0.84,-1.59,126.64
robusta,2017-06-14,416.64,-0.46,-2.04,126.68
robusta,2017-06-16,415.18,-0.35,-2.38,126.27
robusta,2017-06-19,417.46,0.55,-1.85,126.93
robusta,2017-06-20,409.97,-1.79,-3.61,122.97
robusta,2017-06-21,407.64,-0.57,-4.16,122.41
robusta,2017-06-22,399.87,-1.91,-5.98,120.01
robusta,2017-06-23,401.27,0.35,-5.65,120.18
robusta,2017-06-26,402.48,0.30,-5.37,121.93
robusta,2017-06-27,402.64,0.04,-5.33,121.35
robusta,2017-06-28,402.92,0.07,-5.27,122.65
robusta,2017-06-29,409.36,1.60,-3.75,123.93
robusta,2017-06-30,407.17,-0.53,-4.27,122.94
robusta,2017-07-03,411.78,1.13,1.13,124.78
robusta,2017-07-04,415.45,0.89,2.03,125.59
robusta,2017-07-05,412.74,-0.65,1.37,125.30
robusta,2017-07-06,415.80,0.74,2.12,126.04
robusta,2017-07-07,412.06,-0.90,1.20,125.47
robusta,2017-07-10,407.92,-1.00,0.18,125.13
robusta,2017-07-11,406.83,-0.27,-0.08,125.03
robusta,2017-07-12,408.19,0.33,0.25,127.32
robusta,2017-07-13,408.39,0.05,0.30,127.15
robusta,2017-07-14,410.11,0.42,0.72,128.93
robusta,2017-07-17,409.81,-0.07,0.65,128.79
robusta,2017-07-18,410.06,0.06,0.71,129.97
robusta,2017-07-19,411.48,0.35,1.06,130.79
robusta,2017-07-20,411.83,0.09,1.14,131.57
robusta,2017-07-21,413.05,0.30,1.44,131.63
robusta,2017-07-24,411.65,-0.34,1.10,130.81
robusta,2017-07-25,411.90,0.06,1.16,129.98
robusta,2017-07-26,414.06,0.52,1.69,131.87
robusta,2017-07-27,415.26,0.29,1.99,131.54
robusta,2017-07-28,415.56,0.07,2.06,132.64
robusta,2017-07-31,414.74,-0.20,1.86,133.10
robusta,2017-08-01,415.10,0.09,0.09,132.96
robusta,2017-08-02,415.46,0.09,0.17,133.07
robusta,2017-08-03,416.72,0.30,0.48,133.82
robusta,2017-08-04,416.39,-0.08,0.40,133.25
robusta,2017-08-07,416.65,0.06,0.46,133.41
robusta,2017-08-08,415.89,-0.18,0.28,133.13
robusta,2017-08-09,410.41,-1.32,-1.04,130.33
robusta,2017-08-10,410.20,-0.05,-1.09,129.48
robusta,2017-08-11,408.95,-0.30,-1.40,129.01
robusta,2017-08-14,410.02,0.26,-1.14,128.49
robusta,2017-08-15,410.47,0.11,-1.03,129.24
robusta,2017-08-16,407.95,-0.61,-1.64,129.47
robusta,2017-08-17,407.15,-0.20,-1.83,128.08
robusta,2017-08-18,407.03,-0.03,-1.86,129.42
robusta,2017-08-21,406.82,-0.05,-1.91,128.41
robusta,2017-08-22,410.96,1.02,-0.91,129.76
robusta,2017-08-23,410.10,-0.21,-1.12,130.73
robusta,2017-08-24,408.93,-0.29,-1.40,130.07
robusta,2017-08-25,409.80,0.21,-1.19,129.97
robusta,2017-08-28,409.57,-0.06,-1.25,129.57
robusta,2017-08-29,409.15,-0.10,-1.35,129.44
robusta,2017-08-30,407.26,-0.46,-1.80,128.92
robusta,2017-08-31,406.93,-0.08,-1.88,129.18
robusta,2017-09-01,406.32,-0.15,-0.15,129.28
robusta,2017-09-04,404.24,-0.51,-0.66,128.94
robusta,2017-09-05,401.49,-0.68,-1.34,128.77
robusta,2017-09-06,397.91,-0.89,-2.22,128.23
robusta,2017-09-08,394.58,-0.84,-3.03,127.61
robusta,2017-09-11,395.58,0.25,-2.79,127.61
robusta,2017-09-12,396.22,0.16,-2.63,126.63
robusta,2017-09-13,396.08,-0.04,-2.67,126.50
robusta,2017-09-14,397.25,0.30,-2.38,127.49
robusta,2017-09-15,402.21,1.25,-1.16,129.12
robusta,2017-09-18,406.90,1.17,-0.01,129.92
robusta,2017-09-19,406.79,-0.03,-0.03,129.59
robusta,2017-09-20,405.67,-0.28,-0.31,129.52
robusta,2017-09-21,406.97,0.32,0.01,129.44
robusta,2017-09-22,403.30,-0.90,-0.89,129.01
robusta,2017-09-25,401.49,-0.45,-1.34,127.22
robusta,2017-09-26,399.73,-0.44,-1.77,126.14
robusta,2017-09-27,397.31,-0.61,-2.36,124.51
robusta,2017-09-28,393.78,-0.89,-3.23,123.79
robusta,2017-09-29,396.28,0.63,-2.62,125.13
robusta,2017-10-02,394.08,-0.56,-0.56,124.95
robusta,2017-10-03,394.58,0.13,-0.43,125.42
robusta,2017-10-04,393.47,-0.28,-0.71,125.71
robusta,2017-10-05,390.70,-0.70,-1.41,123.87
robusta,2017-10-06,392.08,0.35,-1.06,124.20
robusta,2017-10-09,390.89,-0.30,-1.36,122.69
robusta,2017-10-10,390.95,0.02,-1.35,122.98
robusta,2017-10-11,385.37,-1.43,-2.75,121.72
robusta,2017-10-13,383.88,-0.39,-3.13,121.83
robusta,2017-10-16,383.10,-0.20,-3.33,120.89
robusta,2017-10-17,377.97,-1.34,-4.62,119.31
robusta,2017-10-18,377.51,-0.12,-4.74,119.28
robusta,2017-10-19,378.01,0.13,-4.61,119.06
robusta,2017-10-20,378.94,0.25,-4.38,118.90
robusta,2017-10-23,377.42,-0.40,-4.76,117.03
robusta,2017-10-24,372.86,-1.21,-5.91,114.44
robusta,2017-10-25,372.74,-0.03,-5.94,114.94
robusta,2017-10-26,374.61,0.50,-5.47,114.35
robusta,2017-10-27,374.72,0.03,-5.44,115.48
robusta,2017-10-30,374.61,-0.03,-5.47,114.24
robusta,2017-10-31,372.71,-0.51,-5.95,113.80
robusta,2017-11-01,369.84,-0.77,-0.77,113.24
robusta,2017-11-03,365.51,-1.17,-1.93,110.76
robusta,2017-11-06,362.35,-0.86,-2.78,111.15
robusta,2017-11-07,357.90,-1.23,-3.97,109.08
robusta,2017-11-08,357.04,-0.24,-4.20,109.56
robusta,2017-11-09,356.63,-0.11,-4.31,109.56
robusta,2017-11-10,355.53,-0.31,-4.61,108.43
robusta,2017-11-13,359.22,1.04,-3.62,109.02
robusta,2017-11-14,360.29,0.30,-3.33,108.98
robusta,2017-11-16,362.93,0.73,-2.62,110.78
robusta,2017-11-17,365.12,0.60,-2.04,112.00
robusta,2017-11-20,366.37,0.34,-1.70,112.30
robusta,2017-11-21,365.06,-0.36,-2.05,112.33
robusta,2017-11-22,368.84,1.04,-1.04,114.01
robusta,2017-11-23,372.21,0.91,-0.13,115.56
robusta,2017-11-24,369.11,-0.83,-0.97,114.31
robusta,2017-11-27,372.79,1.00,0.02,115.85
robusta,2017-11-28,375.49,0.72,0.75,116.94
robusta,2017-11-29,372.82,-0.71,0.03,114.86
robusta,2017-11-30,372.17,-0.17,-0.14,113.57
robusta,2017-12-01,375.62,0.93,0.93,115.29
robusta,2017-12-04,375.98,0.10,1.02,115.94
robusta,2017-12-05,375.80,-0.05,0.98,116.35
robusta,2017-12-06,373.44,-0.63,0.34,115.22
robusta,2017-12-07,368.79,-1.25,-0.91,112.16
robusta,2017-12-08,366.73,-0.56,-1.46,111.13
robusta,2017-12-11,361.93,-1.31,-2.75,109.71
robusta,2017-12-12,359.27,-0.73,-3.47,107.99
robusta,2017-12-13,358.00,-0.35,-3.81,108.13
robusta,2017-12-14,359.05,0.29,-3.53,107.47
robusta,2017-12-15,359.18,0.04,-3.49,108.65
robusta,2017-12-18,357.72,-0.41,-3.88,108.50
robusta,2017-12-19,357.00,-0.20,-4.08,108.15
robusta,2017-12-20,356.18,-0.23,-4.30,108.23
robusta,2017-12-21,355.10,-0.30,-4.59,107.28
robusta,2017-12-22,354.09,-0.28,-4.86,106.33
robusta,2017-12-26,357.92,1.08,-3.83,107.91
robusta,2017-12-27,356.02,-0.53,-4.34,107.53
robusta,2017-12-28,356.02,0.00,-4.34,107.59
robusta,2018-01-02,355.24,-0.22,-0.22,108.97
robusta,2018-01-03,355.85,0.17,-0.05,109.76
robusta,2018-01-04,355.15,-0.20,-0.24,110.05
robusta,2018-01-05,354.35,-0.23,-0.47,109.67
robusta,2018-01-08,351.32,-0.86,-1.32,108.63
robusta,2018-01-09,351.90,0.17,-1.16,108.34
robusta,2018-01-10,348.83,-0.87,-2.02,108.07
robusta,2018-01-11,338.33,-3.01,-4.97,104.94
robusta,2018-01-12,335.07,-0.96,-5.88,104.45
robusta,2018-01-15,329.26,-1.73,-7.52,102.60
robusta,2018-01-16,326.96,-0.70,-8.16,101.26
robusta,2018-01-17,318.38,-2.62,-10.57,99.03
robusta,2018-01-18,320.88,0.79,-9.87,99.93
robusta,2018-01-19,318.68,-0.69,-10.49,99.62
robusta,2018-01-22,316.38,-0.72,-11.13,98.62
robusta,2018-01-23,316.48,0.03,-11.11,97.62
robusta,2018-01-24,317.10,0.20,-10.93,99.81
robusta,2018-01-25,316.48,-0.20,-11.11,100.82
robusta,2018-01-26,318.57,0.66,-10.52,101.26
robusta,2018-01-29,316.76,-0.57,-11.03,100.05
robusta,2018-01-30,315.46,-0.41,-11.39,99.29
robusta,2018-01-31,317.13,0.53,-10.92,99.51
robusta,2018-02-01,319.08,0.61,0.61,100.69
robusta,2018-02-02,316.08,-0.94,-0.33,98.41
robusta,2018-02-05,318.76,0.85,0.51,98.23
robusta,2018-02-06,318.22,-0.17,0.34,98.22
robusta,2018-02-07,320.18,0.62,0.96,97.67
robusta,2018-02-08,320.68,0.16,1.12,97.71
robusta,2018-02-09,320.08,-0.19,0.93,96.76
robusta,2018-02-14,322.67,0.81,1.75,99.90
robusta,2018-02-15,318.68,-1.24,0.49,98.45
robusta,2018-02-16,318.68,0.00,0.49,99.00
robusta,2018-02-19,317.53,-0.36,0.13,98.18
robusta,2018-02-20,319.59,0.65,0.78,98.24
robusta,2018-02-21,320.77,0.37,1.15,98.67
robusta,2018-02-22,319.83,-0.29,0.85,98.53
robusta,2018-02-23,320.79,0.30,1.15,98.98
robusta,2018-02-26,319.43,-0.42,0.73,98.68
robusta,2018-02-27,318.76,-0.21,0.51,98.17
robusta,2018-02-28,314.52,-1.33,-0.82,97.13
robusta,2018-03-01,313.35,-0.37,-0.37,96.24
robusta,2018-03-02,312.60,-0.24,-0.61,96.16
robusta,2018-03-05,307.96,-1.48,-2.09,94.85
robusta,2018-03-06,307.05,-0.30,-2.38,95.72
robusta,2018-03-07,306.69,-0.12,-2.49,94.51
robusta,2018-03-08,304.69,-0.65,-3.13,93.35
robusta,2018-03-09,305.44,0.25,-2.89,93.98
robusta,2018-03-12,305.60,0.05,-2.84,93.89
robusta,2018-03-13,303.25,-0.77,-3.58,92.91
robusta,2018-03-14,305.87,0.86,-2.75,93.71
robusta,2018-03-15,301.40,-1.46,-4.17,91.58
robusta,2018-03-16,304.36,0.98,-3.23,92.96
robusta,2018-03-19,301.58,-0.91,-4.11,91.75
robusta,2018-03-20,301.92,0.11,-4.01,91.27
robusta,2018-03-21,302.90,0.32,-3.69,92.60
robusta,2018-03-22,304.42,0.50,-3.21,92.19
robusta,2018-03-23,302.70,-0.57,-3.76,91.34
robusta,2018-03-26,301.60,-0.36,-4.11,91.31
robusta,2018-03-27,309.14,2.50,-1.71,92.84
robusta,2018-03-28,305.79,-1.08,-2.78,91.83
robusta,2018-03-29,308.39,0.85,-1.95,93.42
robusta,2018-04-02,307.19,-0.39,-0.39,92.58
robusta,2018-04-03,308.51,0.43,0.04,92.48
robusta,2018-04-04,314.89,2.07,2.11,94.36
robusta,2018-04-05,314.84,-0.02,2.09,94.18
robusta,2018-04-06,316.53,0.54,2.64,93.93
robusta,2018-04-09,317.88,0.43,3.08,93.47
robusta,2018-04-10,317.18,-0.22,2.85,93.13
robusta,2018-04-11,317.94,0.24,3.10,94.09
robusta,2018-04-12,319.35,0.44,3.55,93.87
robusta,2018-04-13,319.32,-0.01,3.54,93.29
robusta,2018-04-16,320.51,0.37,3.93,93.66
robusta,2018-04-17,321.49,0.31,4.25,94.45
robusta,2018-04-18,321.51,0.01,4.25,95.18
robusta,2018-04-19,322.59,0.34,4.60,95.19
robusta,2018-04-20,323.59,0.31,4.93,94.84
robusta,2018-04-23,324.83,0.38,5.33,94.21
robusta,2018-04-24,326.37,0.47,5.83,94.08
robusta,2018-04-25,325.77,-0.18,5.64,93.43
robusta,2018-04-26,326.35,0.18,5.82,93.81
robusta,2018-04-27,327.43,0.33,6.17,94.58
robusta,2018-04-30,326.93,-0.15,6.01,93.25
robusta,2018-05-02,329.28,0.72,0.72,92.81
robusta,2018-05-03,331.88,0.79,1.51,94.12
robusta,2018-05-04,330.59,-0.39,1.12,93.86
robusta,2018-05-07,329.83,-0.23,0.89,92.81
robusta,2018-05-08,326.95,-0.87,0.01,91.56
robusta,2018-05-09,327.10,0.05,0.05,90.76
robusta,2018-05-10,326.88,-0.07,-0.02,92.18
robusta,2018-05-11,326.18,-0.21,-0.23,90.53
robusta,2018-05-14,326.38,0.06,-0.17,90.04
robusta,2018-05-15,326.97,0.18,0.01,89.29
robusta,2018-05-16,329.37,0.73,0.75,89.55
robusta,2018-05-17,331.95,0.78,1.54,89.59
robusta,2018-05-18,334.17,0.67,2.21,89.28
robusta,2018-05-21,333.09,-0.32,1.88,90.34
robusta,2018-05-22,336.60,1.05,2.96,92.47
robusta,2018-05-23,331.38,-1.55,1.36,91.36
robusta,2018-05-24,333.95,0.78,2.15,91.59
robusta,2018-05-25,331.51,-0.73,1.40,90.26
robusta,2018-05-28,333.78,0.68,2.10,89.32
robusta,2018-05-29,333.93,0.04,2.14,89.14
robusta,2018-05-30,334.76,0.25,2.40,89.51
robusta,2018-06-01,336.04,0.38,0.38,89.28
robusta,2018-06-04,333.68,-0.70,-0.32,89.22
robusta,2018-06-05,338.75,1.52,1.19,88.89
robusta,2018-06-06,337.77,-0.29,0.90,88.47
robusta,2018-06-07,342.21,1.31,2.23,87.30
robusta,2018-06-08,342.77,0.16,2.39,92.22
robusta,2018-06-11,337.83,-1.44,0.92,90.84
robusta,2018-06-12,335.42,-0.71,0.20,90.26
robusta,2018-06-13,333.50,-0.57,-0.38,89.72
robusta,2018-06-14,333.08,-0.13,-0.50,87.72
robusta,2018-06-15,335.51,0.73,0.22,90.14
robusta,2018-06-18,333.84,-0.50,-0.27,89.07
robusta,2018-06-19,333.22,-0.19,-0.46,89.02
robusta,2018-06-20,329.79,-1.03,-1.48,87.32
robusta,2018-06-21,334.49,1.43,-0.08,88.77
robusta,2018-06-22,333.68,-0.24,-0.32,88.37
robusta,2018-06-25,331.54,-0.64,-0.96,87.66
robusta,2018-06-26,332.52,0.30,-0.67,87.60
robusta,2018-06-27,334.76,0.67,0.00,86.91
robusta,2018-06-28,335.58,0.24,0.24,86.89
robusta,2018-06-29,337.22,0.49,0.73,87.02
robusta,2018-07-02,336.76,-0.14,-0.14,86.11
robusta,2018-07-03,337.97,0.36,0.22,86.82
robusta,2018-07-04,337.95,-0.01,0.22,86.39
robusta,2018-07-05,337.67,-0.08,0.13,85.86
robusta,2018-07-06,334.68,-0.89,-0.75,85.68
robusta,2018-07-09,334.26,-0.13,-0.88,86.39
robusta,2018-07-10,336.37,0.63,-0.25,88.56
robusta,2018-07-11,335.13,-0.37,-0.62,86.37
robusta,2018-07-12,336.86,0.52,-0.11,86.71
robusta,2018-07-13,335.43,-0.42,-0.53,87.08
robusta,2018-07-16,336.58,0.34,-0.19,87.18
robusta,2018-07-17,333.18,-1.01,-1.20,86.74
robusta,2018-07-18,331.60,-0.47,-1.67,86.51
robusta,2018-07-19,332.59,0.30,-1.37,86.03
robusta,2018-07-20,333.08,0.15,-1.23,88.09
robusta,2018-07-23,332.68,-0.12,-1.35,87.87
robusta,2018-07-24,331.04,-0.49,-1.83,88.42
robusta,2018-07-25,327.84,-0.97,-2.78,88.46
robusta,2018-07-26,325.35,-0.76,-3.52,86.97
robusta,2018-07-27,324.96,-0.12,-3.64,87.52
robusta,2018-07-30,321.29,-1.13,-4.72,86.18
robusta,2018-07-31,319.25,-0.63,-5.33,85.04
robusta,2018-08-01,317.59,-0.52,-0.52,84.60
robusta,2018-08-02,318.79,0.38,-0.14,84.85
robusta,2018-08-03,317.69,-0.35,-0.49,85.75
robusta,2018-08-06,318.38,0.22,-0.27,85.38
robusta,2018-08-07,317.36,-0.32,-0.59,84.34
robusta,2018-08-08,314.60,-0.87,-1.46,83.45
robusta,2018-08-09,313.84,-0.24,-1.69,82.59
robusta,2018-08-10,319.24,1.72,-0.00,82.75
robusta,2018-08-13,318.69,-0.17,-0.18,81.69
robusta,2018-08-14,320.69,0.63,0.45,82.95
robusta,2018-08-15,317.09,-1.12,-0.68,81.29
robusta,2018-08-16,317.29,0.06,-0.61,81.32
robusta,2018-08-17,315.92,-0.43,-1.04,80.61
robusta,2018-08-20,318.69,0.88,-0.18,80.52
robusta,2018-08-21,317.98,-0.22,-0.40,79.04
robusta,2018-08-22,320.05,0.65,0.25,78.87
robusta,2018-08-23,321.44,0.43,0.69,78.11
robusta,2018-08-24,320.69,-0.23,0.45,78.14
robusta,2018-08-27,322.05,0.42,0.88,78.84
robusta,2018-08-28,322.69,0.20,1.08,77.87
robusta,2018-08-29,325.02,0.72,1.81,78.93
robusta,2018-08-30,325.32,0.09,1.90,78.20
robusta,2018-08-31,321.87,-1.06,0.82,79.12
robusta,2018-09-03,319.49,-0.74,-0.74,77.00
robusta,2018-09-04,319.25,-0.08,-0.81,76.83
robusta,2018-09-05,317.29,-0.61,-1.42,76.79
robusta,2018-09-06,319.15,0.59,-0.85,77.56
robusta,2018-09-10,318.69,-0.14,-0.99,77.82
robusta,2018-09-11,320.96,0.71,-0.28,77.15
robusta,2018-09-12,321.61,0.20,-0.08,77.55
robusta,2018-09-13,322.29,0.21,0.13,76.77
robusta,2018-09-14,318.59,-1.15,-1.02,76.49
robusta,2018-09-17,319.69,0.35,-0.68,77.59
robusta,2018-09-18,321.09,0.44,-0.24,77.73
robusta,2018-09-19,319.58,-0.47,-0.71,77.47
robusta,2018-09-20,318.87,-0.22,-0.93,78.23
robusta,2018-09-21,318.15,-0.23,-1.16,78.75
robusta,2018-09-24,319.49,0.42,-0.74,78.27
robusta,2018-09-25,320.42,0.29,-0.45,78.48
robusta,2018-09-26,318.69,-0.54,-0.99,79.18
robusta,2018-09-27,316.92,-0.56,-1.54,79.49
robusta,2018-09-28,318.08,0.37,-1.18,78.67
robusta,2018-10-01,320.38,0.72,0.72,79.70
robusta,2018-10-02,321.52,0.36,1.08,81.81
robusta,2018-10-03,322.59,0.33,1.42,82.76
robusta,2018-10-04,324.95,0.73,2.16,83.51
robusta,2018-10-05,327.68,0.84,3.02,84.78
robusta,2018-10-08,327.10,-0.18,2.84,86.97
robusta,2018-10-09,329.84,0.84,3.70,88.91
robusta,2018-10-10,328.13,-0.52,3.16,87.32
robusta,2018-10-11,329.28,0.35,3.52,87.34
robusta,2018-10-15,334.84,1.69,5.27,89.62
robusta,2018-10-16,334.01,-0.25,5.01,89.79
robusta,2018-10-17,338.05,1.21,6.28,91.81
robusta,2018-10-18,341.89,1.14,7.49,92.18
robusta,2018-10-19,343.16,0.37,7.88,92.52
robusta,2018-10-22,334.94,-2.40,5.30,90.77
robusta,2018-10-23,335.17,0.07,5.37,90.64
robusta,2018-10-24,336.50,0.40,5.79,90.12
robusta,2018-10-25,338.32,0.54,6.36,91.44
robusta,2018-10-26,336.57,-0.52,5.81,92.26
robusta,2018-10-29,332.66,-1.16,4.58,89.69
robusta,2018-10-30,329.30,-1.01,3.53,89.12
robusta,2018-10-31,330.67,0.42,3.96,89.15
robusta,2018-11-01,333.08,0.73,0.73,90.31
robusta,2018-11-05,332.41,-0.20,0.53,89.38
robusta,2018-11-06,334.03,0.49,1.02,88.98
robusta,2018-11-07,335.66,0.49,1.51,89.72
robusta,2018-11-08,334.56,-0.33,1.18,89.38
robusta,2018-11-09,333.79,-0.23,0.94,89.34
robusta,2018-11-12,334.39,0.18,1.12,89.17
robusta,2018-11-13,331.86,-0.76,0.36,86.88
robusta,2018-11-14,333.12,0.38,0.74,87.94
robusta,2018-11-16,334.33,0.36,1.11,89.49
robusta,2018-11-19,331.47,-0.86,0.24,88.09
robusta,2018-11-20,331.86,0.12,0.36,88.28
robusta,2018-11-21,329.97,-0.57,-0.21,87.18
robusta,2018-11-22,330.00,0.01,-0.20,86.73
robusta,2018-11-23,328.47,-0.46,-0.67,86.08
robusta,2018-11-26,329.97,0.46,-0.21,84.52
robusta,2018-11-27,333.96,1.21,0.99,85.92
robusta,2018-11-28,331.00,-0.89,0.10,86.18
robusta,2018-11-29,329.47,-0.46,-0.36,85.51
robusta,2018-11-30,325.58,-1.18,-1.54,84.39
robusta,2018-12-03,324.29,-0.40,-0.40,84.69
robusta,2018-12-04,322.01,-0.70,-1.10,83.42
robusta,2018-12-05,319.22,-0.87,-1.95,82.51
robusta,2018-12-06,318.91,-0.10,-2.05,82.00
robusta,2018-12-07,317.60,-0.41,-2.45,81.81
robusta,2018-12-10,316.50,-0.35,-2.79,80.68
robusta,2018-12-11,312.68,-1.21,-3.96,79.85
robusta,2018-12-12,310.19,-0.80,-4.73,80.57
robusta,2018-12-13,310.10,-0.03,-4.75,79.99
robusta,2018-12-14,302.39,-2.49,-7.12,77.48
robusta,2018-12-17,302.69,0.10,-7.03,77.71
robusta,2018-12-18,299.14,-1.17,-8.12,76.68
robusta,2018-12-19,303.24,1.37,-6.86,78.28
robusta,2018-12-20,301.42,-0.60,-7.42,78.27
robusta,2018-12-21,297.26,-1.38,-8.70,76.40
robusta,2018-12-26,304.69,2.50,-6.42,77.75
robusta,2018-12-27,303.03,-0.54,-6.93,77.74
robusta,2018-12-28,304.59,0.51,-6.45,78.60
robusta,2019-01-02,299.84,-1.56,-1.56,78.59
robusta,2019-01-03,305.29,1.82,0.23,81.28
robusta,2019-01-04,304.29,-0.33,-0.10,81.93
robusta,2019-01-07,301.36,-0.96,-1.06,80.82
robusta,2019-01-08,304.80,1.14,0.07,82.16
robusta,2019-01-09,307.51,0.89,0.96,83.45
robusta,2019-01-10,305.29,-0.72,0.23,82.09
robusta,2019-01-11,305.19,-0.03,0.20,82.15
robusta,2019-01-14,304.29,-0.29,-0.10,82.33
robusta,2019-01-15,301.99,-0.76,-0.85,80.99
robusta,2019-01-16,304.07,0.69,-0.17,81.54
robusta,2019-01-17,303.39,-0.22,-0.39,81.08
robusta,2019-01-18,305.42,0.67,0.27,81.29
robusta,2019-01-21,306.78,0.45,0.72,81.59
robusta,2019-01-22,306.39,-0.13,0.59,80.69
robusta,2019-01-23,304.69,-0.55,0.03,80.88
robusta,2019-01-24,306.03,0.44,0.47,81.17
robusta,2019-01-25,306.39,0.12,0.59,81.43
robusta,2019-01-28,302.70,-1.20,-0.62,80.42
robusta,2019-01-29,300.81,-0.62,-1.24,80.78
robusta,2019-01-30,303.47,0.88,-0.37,81.51
robusta,2019-01-31,302.78,-0.23,-0.59,82.93
robusta,2019-02-01,302.70,-0.03,-0.03,82.70
robusta,2019-02-04,305.23,0.84,0.81,83.15
robusta,2019-02-05,305.15,-0.03,0.78,83.31
robusta,2019-02-06,305.79,0.21,0.99,82.62
robusta,2019-02-07,306.53,0.24,1.24,82.71
robusta,2019-02-08,307.69,0.38,1.62,82.40
robusta,2019-02-11,307.09,-0.20,1.42,81.67
robusta,2019-02-12,304.50,-0.84,0.57,82.14
robusta,2019-02-13,303.90,-0.20,0.37,80.97
robusta,2019-02-14,304.78,0.29,0.66,81.43
robusta,2019-02-15,304.97,0.06,0.72,82.34
robusta,2019-02-18,304.51,-0.15,0.57,81.55
robusta,2019-02-19,303.82,-0.23,0.34,81.96
robusta,2019-02-20,305.20,0.45,0.80,81.89
robusta,2019-02-21,304.88,-0.10,0.69,81.24
robusta,2019-02-22,304.70,-0.06,0.63,81.58
robusta,2019-02-25,305.11,0.13,0.77,81.60
robusta,2019-02-26,306.36,0.41,1.18,81.74
robusta,2019-02-27,305.42,-0.31,0.87,81.90
robusta,2019-02-28,304.60,-0.27,0.60,81.23
robusta,2019-03-01,304.25,-0.11,-0.11,80.62
robusta,2019-03-06,307.55,1.08,0.97,80.13
robusta,2019-03-07,306.69,-0.28,0.69,78.70
robusta,2019-03-08,307.19,0.16,0.85,79.42
robusta,2019-03-11,306.11,-0.35,0.50,79.70
robusta,2019-03-12,304.78,-0.43,0.06,79.97
robusta,2019-03-13,303.77,-0.33,-0.27,79.79
robusta,2019-03-14,303.61,-0.05,-0.33,78.94
robusta,2019-03-15,300.95,-0.88,-1.20,78.82
robusta,2019-03-18,299.45,-0.50,-1.69,79.03
robusta,2019-03-19,299.27,-0.06,-1.75,79.09
robusta,2019-03-20,299.16,-0.04,-1.79,79.78
robusta,2019-03-21,299.39,0.08,-1.71,78.91
robusta,2019-03-22,301.25,0.62,-1.10,77.16
robusta,2019-03-25,301.62,0.12,-0.98,78.16
robusta,2019-03-26,300.77,-0.28,-1.26,77.78
robusta,2019-03-27,302.03,0.42,-0.84,76.46
robusta,2019-03-28,304.54,0.83,-0.02,77.89
robusta,2019-03-29,302.45,-0.69,-0.71,77.25
robusta,2019-04-01,296.24,-2.05,-2.05,76.49
robusta,2019-04-02,292.51,-1.26,-3.29,75.86
robusta,2019-04-03,291.94,-0.19,-3.47,75.44
robusta,2019-04-04,290.79,-0.39,-3.86,75.49
robusta,2019-04-05,287.53,-1.12,-4.93,74.37
robusta,2019-04-08,290.48,1.03,-3.96,75.51
robusta,2019-04-09,292.21,0.60,-3.39,75.80
robusta,2019-04-10,286.60,-1.92,-5.24,75.07
robusta,2019-04-11,284.30,-0.80,-6.00,73.69
robusta,2019-04-12,288.08,1.33,-4.75,74.11
robusta,2019-04-15,289.48,0.49,-4.29,74.80
robusta,2019-04-16,290.63,0.40,-3.91,74.58
robusta,2019-04-17,287.13,-1.20,-5.07,73.02
robusta,2019-04-18,290.11,1.04,-4.08,73.82
robusta,2019-04-22,286.21,-1.34,-5.37,72.81
robusta,2019-04-23,286.38,0.06,-5.31,73.02
robusta,2019-04-24,284.99,-0.49,-5.77,71.50
robusta,2019-04-25,285.38,0.14,-5.64,72.18
robusta,2019-04-26,285.30,-0.03,-5.67,72.58
robusta,2019-04-29,285.92,0.22,-5.47,72.55
robusta,2019-04-30,284.26,-0.58,-6.01,72.53
robusta,2019-05-02,279.06,-1.83,-1.83,70.47
robusta,2019-05-03,278.36,-0.25,-2.08,70.72
robusta,2019-05-06,272.95,-1.94,-3.98,68.98
robusta,2019-05-07,266.08,-2.52,-6.40,67.04
robusta,2019-05-08,264.86,-0.46,-6.82,67.41
robusta,2019-05-09,265.50,0.24,-6.60,67.23
robusta,2019-05-10,267.50,0.75,-5.90,67.88
robusta,2019-05-13,270.31,1.05,-4.91,67.86
robusta,2019-05-14,276.12,2.15,-2.86,69.50
robusta,2019-05-15,281.05,1.79,-1.13,70.40
robusta,2019-05-16,275.82,-1.86,-2.97,68.31
robusta,2019-05-17,272.01,-1.38,-4.31,66.34
robusta,2019-05-20,277.89,2.16,-2.24,67.74
robusta,2019-05-21,281.26,1.21,-1.06,69.41
robusta,2019-05-22,282.30,0.37,-0.69,69.84
robusta,2019-05-23,284.88,0.91,0.22,70.43
robusta,2019-05-24,287.72,1.00,1.22,71.68
robusta,2019-05-27,284.71,-1.05,0.16,70.60
robusta,2019-05-28,287.88,1.11,1.27,71.67
robusta,2019-05-29,293.08,1.81,3.10,73.73
robusta,2019-05-30,299.04,2.03,5.20,75.21
robusta,2019-05-31,299.33,0.10,5.30,76.24
robusta,2019-06-03,302.02,0.90,0.90,77.52
robusta,2019-06-04,302.37,0.12,1.02,78.37
robusta,2019-06-05,286.20,-5.35,-4.39,73.38
robusta,2019-06-06,295.21,3.15,-1.38,76.10
robusta,2019-06-07,294.24,-0.33,-1.70,75.99
robusta,2019-06-10,292.46,-0.60,-2.30,75.42
robusta,2019-06-11,286.87,-1.91,-4.16,74.57
robusta,2019-06-12,287.63,0.26,-3.91,74.55
robusta,2019-06-13,285.91,-0.60,-4.48,74.15
robusta,2019-06-14,287.52,0.56,-3.95,73.86
robusta,2019-06-17,284.55,-1.03,-4.94,72.94
robusta,2019-06-18,279.70,-1.70,-6.56,72.44
robusta,2019-06-19,278.22,-0.53,-7.05,72.21
robusta,2019-06-21,286.30,2.90,-4.35,74.95
robusta,2019-06-24,286.21,-0.03,-4.38,74.85
robusta,2019-06-25,291.29,1.77,-2.69,75.64
robusta,2019-06-26,289.33,-0.67,-3.34,75.19
robusta,2019-06-27,288.90,-0.15,-3.48,75.41
robusta,2019-06-28,294.22,1.84,-1.71,76.70
robusta,2019-07-01,294.39,0.06,0.06,76.56
robusta,2019-07-02,290.51,-1.32,-1.26,75.40
robusta,2019-07-03,296.71,2.13,0.85,77.65
robusta,2019-07-04,295.06,-0.56,0.29,77.77
robusta,2019-07-05,293.38,-0.57,-0.29,76.86
robusta,2019-07-08,289.00,-1.49,-1.77,75.93
robusta,2019-07-09,287.25,-0.61,-2.37,75.88
robusta,2019-07-10,285.43,-0.63,-2.99,76.05
robusta,2019-07-11,285.10,-0.12,-3.10,76.03
robusta,2019-07-12,285.43,0.12,-2.99,76.30
robusta,2019-07-15,280.07,-1.88,-4.81,74.55
robusta,2019-07-16,280.16,0.03,-4.78,74.45
robusta,2019-07-17,283.41,1.16,-3.67,75.40
robusta,2019-07-18,283.25,-0.06,-3.73,75.96
robusta,2019-07-19,279.80,-1.22,-4.90,74.67
robusta,2019-07-22,278.07,-0.62,-5.49,74.39
robusta,2019-07-23,276.88,-0.43,-5.89,73.38
robusta,2019-07-24,277.05,0.06,-5.84,73.47
robusta,2019-07-25,277.80,0.27,-5.58,73.43
robusta,2019-07-26,273.97,-1.38,-6.88,72.71
robusta,2019-07-29,276.39,0.88,-6.06,73.14
robusta,2019-07-30,276.03,-0.13,-6.18,72.76
robusta,2019-07-31,274.71,-0.48,-6.63,72.33
robusta,2019-08-01,271.81,-1.06,-1.06,70.75
robusta,2019-08-02,274.00,0.81,-0.26,70.55
robusta,2019-08-05,273.11,-0.32,-0.58,68.95
robusta,2019-08-06,276.08,1.09,0.50,69.79
robusta,2019-08-07,278.20,0.77,1.27,69.97
robusta,2019-08-08,278.00,-0.07,1.20,70.83
robusta,2019-08-09,278.30,0.11,1.31,70.65
robusta,2019-08-12,278.36,0.02,1.33,69.97
robusta,2019-08-13,278.90,0.19,1.53,70.38
robusta,2019-08-14,281.31,0.86,2.40,69.68
robusta,2019-08-15,283.39,0.74,3.16,70.97
robusta,2019-08-16,276.44,-2.45,0.63,69.11
robusta,2019-08-19,281.23,1.73,2.37,69.17
robusta,2019-08-20,281.45,0.08,2.45,69.67
robusta,2019-08-21,283.31,0.66,3.13,70.41
robusta,2019-08-22,285.36,0.72,3.88,70.08
robusta,2019-08-23,286.61,0.44,4.33,69.62
robusta,2019-08-26,287.11,0.17,4.51,69.17
robusta,2019-08-27,287.68,0.20,4.72,69.34
robusta,2019-08-28,296.98,3.23,8.11,71.46
robusta,2019-08-29,292.08,-1.65,6.32,70.16
robusta,2019-08-30,291.58,-0.17,6.14,70.58
robusta,2019-09-02,288.89,-0.92,-0.92,69.08
robusta,2019-09-03,289.21,0.11,-0.81,69.20
robusta,2019-09-04,287.92,-0.45,-1.26,70.16
robusta,2019-09-05,283.63,-1.49,-2.73,69.16
robusta,2019-09-06,280.69,-1.04,-3.73,68.91
robusta,2019-09-09,282.63,0.69,-3.07,68.98
robusta,2019-09-10,287.01,1.55,-1.57,70.02
robusta,2019-09-11,287.17,0.06,-1.51,70.68
robusta,2019-09-12,288.53,0.47,-1.05,71.12
robusta,2019-09-13,287.81,-0.25,-1.29,70.35
robusta,2019-09-16,289.36,0.54,-0.76,70.75
robusta,2019-09-17,288.53,-0.29,-1.05,70.72
robusta,2019-09-18,288.31,-0.08,-1.12,70.13
robusta,2019-09-19,288.97,0.23,-0.90,69.51
robusta,2019-09-20,288.56,-0.14,-1.04,69.48
robusta,2019-09-23,291.08,0.87,-0.17,69.79
robusta,2019-09-24,291.60,0.18,0.01,69.88
robusta,2019-09-25,293.00,0.48,0.49,70.52
robusta,2019-09-26,292.68,-0.11,0.38,70.36
robusta,2019-09-27,295.20,0.86,1.24,71.05
robusta,2019-09-30,294.47,-0.25,0.99,70.94
robusta,2019-10-01,298.17,1.26,1.26,71.63
robusta,2019-10-02,296.89,-0.43,0.82,71.80
robusta,2019-10-03,295.71,-0.40,0.42,72.41
robusta,2019-10-04,290.92,-1.62,-1.21,71.64
robusta,2019-10-07,285.18,-1.97,-3.15,69.52
robusta,2019-10-08,288.51,1.17,-2.02,70.54
robusta,2019-10-09,287.36,-0.40,-2.41,70.19
robusta,2019-10-10,286.70,-0.23,-2.64,69.55
robusta,2019-10-11,283.81,-1.01,-3.62,69.48
robusta,2019-10-14,286.11,0.81,-2.84,69.33
robusta,2019-10-15,288.11,0.70,-2.16,69.29
robusta,2019-10-16,286.06,-0.71,-2.86,68.80
robusta,2019-10-17,286.39,0.12,-2.74,68.84
robusta,2019-10-18,287.35,0.34,-2.42,69.83
robusta,2019-10-21,287.31,-0.01,-2.43,69.48
robusta,2019-10-22,288.61,0.45,-1.99,70.86
robusta,2019-10-23,285.70,-1.01,-2.98,70.86
robusta,2019-10-24,283.43,-0.79,-3.75,70.22
robusta,2019-10-25,282.99,-0.16,-3.90,70.61
robusta,2019-10-28,285.89,1.02,-2.91,71.67
robusta,2019-10-29,288.21,0.81,-2.13,72.11
robusta,2019-10-30,286.97,-0.43,-2.55,71.94
robusta,2019-10-31,289.71,0.95,-1.62,72.21
robusta,2019-11-01,291.80,0.72,0.72,72.97
robusta,2019-11-04,290.35,-0.50,0.22,72.44
robusta,2019-11-05,294.71,1.50,1.73,73.84
robusta,2019-11-06,296.16,0.49,2.23,72.50
robusta,2019-11-07,299.10,0.99,3.24,73.17
robusta,2019-11-08,303.35,1.42,4.71,72.99
robusta,2019-11-11,304.05,0.23,4.95,73.49
robusta,2019-11-12,307.02,0.98,5.97,73.63
robusta,2019-11-13,309.70,0.87,6.90,73.97
robusta,2019-11-14,312.13,0.78,7.74,74.49
robusta,2019-11-18,301.47,-3.42,4.06,71.78
robusta,2019-11-19,302.42,0.32,4.39,72.06
robusta,2019-11-20,305.57,1.04,5.47,72.69
robusta,2019-11-21,312.02,2.11,7.70,74.36
robusta,2019-11-22,312.49,0.15,7.86,74.56
robusta,2019-11-25,314.59,0.67,8.59,74.69
robusta,2019-11-26,311.46,-0.99,7.51,73.39
robusta,2019-11-27,313.54,0.67,8.23,73.65
robusta,2019-11-28,314.46,0.29,8.54,74.62
robusta,2019-11-29,314.21,-0.08,8.46,74.19
robusta,2019-12-02,314.79,0.18,0.18,74.63
robusta,2019-12-03,314.62,-0.05,0.13,74.77
robusta,2019-12-04,310.46,-1.32,-1.19,73.83
robusta,2019-12-05,311.99,0.49,-0.71,74.53
robusta,2019-12-06,315.79,1.22,0.50,76.22
robusta,2019-12-09,315.43,-0.11,0.39,76.32
robusta,2019-12-10,321.29,1.86,2.25,77.51
robusta,2019-12-11,312.79,-2.65,-0.45,75.68
robusta,2019-12-12,316.29,1.12,0.66,77.43
robusta,2019-12-13,313.90,-0.76,-0.10,76.43
robusta,2019-12-16,316.97,0.98,0.88,78.05
robusta,2019-12-17,313.49,-1.10,-0.23,77.14
robusta,2019-12-18,313.21,-0.09,-0.32,77.01
robusta,2019-12-19,307.61,-1.79,-2.10,75.75
robusta,2019-12-20,306.89,-0.23,-2.33,74.91
robusta,2019-12-23,307.22,0.11,-2.22,75.39
robusta,2019-12-26,302.30,-1.60,-3.79,74.40
robusta,2019-12-27,305.08,0.92,-2.91,75.37
robusta,2019-12-30,303.80,-0.42,-3.31,75.65
robusta,2020-01-02,304.80,0.33,0.33,75.76
robusta,2020-01-03,303.37,-0.47,-0.14,74.85
robusta,2020-01-06,302.30,-0.35,-0.49,74.26
robusta,2020-01-07,300.58,-0.57,-1.06,74.03
robusta,2020-01-08,301.20,0.21,-0.86,74.39
robusta,2020-01-09,302.50,0.43,-0.43,74.01
robusta,2020-01-10,301.30,-0.40,-0.82,73.83
robusta,2020-01-13,293.44,-2.61,-3.41,70.93
robusta,2020-01-14,298.89,1.86,-1.62,72.39
robusta,2020-01-15,298.97,0.03,-1.59,71.57
robusta,2020-01-16,300.80,0.61,-0.99,71.72
robusta,2020-01-17,302.25,0.48,-0.51,72.64
robusta,2020-01-20,305.43,1.05,0.54,72.91
robusta,2020-01-21,305.71,0.09,0.63,72.79
robusta,2020-01-22,307.07,0.44,1.08,73.51
robusta,2020-01-23,310.49,1.11,2.20,74.55
robusta,2020-01-24,310.13,-0.12,2.08,74.09
robusta,2020-01-27,305.40,-1.53,0.53,72.63
robusta,2020-01-28,305.89,0.16,0.69,72.93
robusta,2020-01-29,299.80,-1.99,-1.32,71.01
robusta,2020-01-30,305.43,1.88,0.54,71.68
robusta,2020-01-31,309.68,1.39,1.94,72.31
robusta,2020-02-03,299.47,-3.30,-3.30,70.48
robusta,2020-02-04,304.96,1.83,-1.52,71.64
robusta,2020-02-05,303.16,-0.59,-2.11,71.43
robusta,2020-02-06,305.72,0.84,-1.28,71.48
robusta,2020-02-07,307.70,0.65,-0.64,71.24
robusta,2020-02-10,305.92,-0.58,-1.21,70.70
robusta,2020-02-11,308.46,0.83,-0.39,71.30
robusta,2020-02-12,305.92,-0.82,-1.21,70.38
robusta,2020-02-13,310.30,1.43,0.20,71.43
robusta,2020-02-14,309.25,-0.34,-0.14,71.92
robusta,2020-02-17,309.96,0.23,0.09,71.65
robusta,2020-02-18,309.80,-0.05,0.04,71.09
robusta,2020-02-19,310.02,0.07,0.11,70.96
robusta,2020-02-20,309.34,-0.22,-0.11,70.53
robusta,2020-02-21,310.57,0.40,0.29,70.75
robusta,2020-02-26,309.80,-0.25,0.04,69.79
robusta,2020-02-27,312.29,0.80,0.84,69.86
robusta,2020-02-28,312.92,0.20,1.05,69.66
robusta,2020-03-02,313.35,0.14,0.14,69.87
robusta,2020-03-03,316.46,0.99,1.13,70.17
robusta,2020-03-04,314.68,-0.56,0.56,68.74
robusta,2020-03-05,312.19,-0.79,-0.23,67.17
robusta,2020-03-06,311.13,-0.34,-0.57,67.21
robusta,2020-03-09,311.00,-0.04,-0.61,65.54
robusta,2020-03-10,314.97,1.28,0.66,67.82
robusta,2020-03-11,316.21,0.39,1.05,66.80
robusta,2020-03-12,318.04,0.58,1.64,66.01
robusta,2020-03-13,317.69,-0.11,1.52,65.48
robusta,2020-03-16,318.39,0.22,1.75,63.30
robusta,2020-03-17,321.57,1.00,2.76,64.30
robusta,2020-03-18,325.90,1.35,4.15,62.34
robusta,2020-03-19,325.69,-0.06,4.08,63.87
robusta,2020-03-20,325.19,-0.15,3.92,64.41
robusta,2020-03-23,329.72,1.39,5.37,64.16
robusta,2020-03-24,332.02,0.70,6.10,65.20
robusta,2020-03-25,329.64,-0.72,5.34,65.77
robusta,2020-03-26,328.12,-0.46,4.86,65.57
robusta,2020-03-27,323.52,-1.40,3.39,63.96
robusta,2020-03-30,324.52,0.31,3.71,62.71
robusta,2020-03-31,327.02,0.77,4.51,62.94
robusta,2020-04-01,326.32,-0.21,-0.21,62.04
robusta,2020-04-02,332.74,1.97,1.75,63.20
robusta,2020-04-03,334.26,0.46,2.21,62.89
robusta,2020-04-06,331.91,-0.70,1.50,62.60
robusta,2020-04-07,332.73,0.25,1.75,63.78
robusta,2020-04-08,333.73,0.30,2.05,64.79
robusta,2020-04-09,324.82,-2.67,-0.67,63.69
robusta,2020-04-13,328.64,1.18,0.50,63.48
robusta,2020-04-14,329.82,0.36,0.86,63.59
robusta,2020-04-15,329.82,0.00,0.86,62.99
robusta,2020-04-16,331.07,0.38,1.24,62.95
robusta,2020-04-17,329.82,-0.38,0.86,62.91
robusta,2020-04-20,328.82,-0.30,0.55,61.97
robusta,2020-04-22,326.32,-0.76,-0.21,60.35
robusta,2020-04-23,330.27,1.21,0.99,60.01
robusta,2020-04-24,334.62,1.32,2.32,59.01
robusta,2020-04-27,335.15,0.16,2.49,58.71
robusta,2020-04-28,340.96,1.73,4.26,62.02
robusta,2020-04-29,335.04,-1.74,2.45,62.54
robusta,2020-04-30,335.13,0.03,2.48,61.52
robusta,2020-05-04,340.94,1.73,1.73,61.55
robusta,2020-05-05,348.74,2.29,4.06,62.31
robusta,2020-05-06,350.05,0.38,4.45,61.40
robusta,2020-05-07,352.85,0.80,5.29,60.23
robusta,2020-05-08,353.94,0.31,5.61,61.58
robusta,2020-05-11,361.18,2.05,7.77,61.90
robusta,2020-05-12,357.12,-1.12,6.56,60.92
robusta,2020-05-13,359.57,0.69,7.29,60.79
robusta,2020-05-14,362.14,0.71,8.06,62.04
robusta,2020-05-15,361.74,-0.11,7.94,62.03
robusta,2020-05-18,359.54,-0.61,7.28,62.92
robusta,2020-05-19,360.40,0.24,7.54,62.85
robusta,2020-05-20,361.29,0.25,7.81,63.64
robusta,2020-05-21,356.21,-1.41,6.29,63.91
robusta,2020-05-22,356.51,0.08,6.38,63.89
robusta,2020-05-25,354.22,-0.64,5.70,64.95
robusta,2020-05-26,354.65,0.12,5.82,66.41
robusta,2020-05-27,352.15,-0.70,5.08,66.54
robusta,2020-05-28,345.85,-1.79,3.20,64.49
robusta,2020-05-29,344.85,-0.29,2.90,64.58
robusta,2020-06-01,346.18,0.39,0.39,64.36
robusta,2020-06-02,342.76,-0.99,-0.61,65.66
robusta,2020-06-03,336.74,-1.76,-2.35,66.44
robusta,2020-06-04,335.04,-0.50,-2.84,65.49
robusta,2020-06-05,336.96,0.57,-2.29,67.83
robusta,2020-06-08,335.04,-0.57,-2.84,68.78
robusta,2020-06-09,333.35,-0.50,-3.33,68.35
robusta,2020-06-10,333.74,0.12,-3.22,67.88
robusta,2020-06-12,331.52,-0.67,-3.87,65.53
robusta,2020-06-15,337.13,1.69,-2.24,65.46
robusta,2020-06-16,336.15,-0.29,-2.52,64.34
robusta,2020-06-17,339.02,0.85,-1.69,64.39
robusta,2020-06-18,340.35,0.39,-1.30,63.19
robusta,2020-06-19,338.19,-0.63,-1.93,63.75
robusta,2020-06-22,337.13,-0.31,-2.24,64.00
robusta,2020-06-23,335.85,-0.38,-2.61,65.28
robusta,2020-06-24,339.44,1.07,-1.57,63.85
robusta,2020-06-25,338.74,-0.21,-1.77,63.63
robusta,2020-06-26,343.60,1.43,-0.36,62.84
robusta,2020-06-29,348.94,1.55,1.19,64.19
robusta,2020-06-30,352.57,1.04,2.24,64.81
robusta,2020-07-01,347.97,-1.30,-1.30,65.52
robusta,2020-07-02,347.77,-0.06,-1.36,64.98
robusta,2020-07-03,345.49,-0.66,-2.01,65.00
robusta,2020-07-06,342.58,-0.84,-2.83,64.13
robusta,2020-07-07,347.35,1.39,-1.48,64.56
robusta,2020-07-08,348.85,0.43,-1.06,65.27
robusta,2020-07-09,348.18,-0.19,-1.25,65.25
robusta,2020-07-10,347.12,-0.30,-1.55,65.25
robusta,2020-07-13,348.48,0.39,-1.16,64.87
robusta,2020-07-14,350.76,0.65,-0.51,65.67
robusta,2020-07-15,348.10,-0.76,-1.27,64.68
robusta,2020-07-16,349.26,0.33,-0.94,65.59
robusta,2020-07-17,356.84,2.17,1.21,66.25
robusta,2020-07-20,354.75,-0.59,0.62,66.51
robusta,2020-07-21,356.51,0.50,1.12,68.60
robusta,2020-07-22,357.62,0.31,1.43,69.88
robusta,2020-07-23,361.51,1.09,2.54,69.44
robusta,2020-07-24,360.34,-0.32,2.20,69.18
robusta,2020-07-27,361.21,0.24,2.45,69.88
robusta,2020-07-28,361.76,0.15,2.61,70.20
robusta,2020-07-29,362.30,0.15,2.76,70.08
robusta,2020-07-30,365.34,0.84,3.62,70.86
robusta,2020-07-31,364.04,-0.36,3.25,69.83
robusta,2020-08-03,366.26,0.61,0.61,68.70
robusta,2020-08-04,379.83,3.71,4.34,71.69
robusta,2020-08-05,372.62,-1.90,2.36,70.33
robusta,2020-08-06,373.04,0.11,2.47,69.67
robusta,2020-08-07,377.56,1.21,3.71,69.66
robusta,2020-08-10,379.67,0.56,4.29,69.56
robusta,2020-08-11,376.84,-0.75,3.52,69.72
robusta,2020-08-12,376.98,0.04,3.55,69.11
robusta,2020-08-13,381.08,1.09,4.68,70.97
robusta,2020-08-14,386.33,1.38,6.12,71.15
robusta,2020-08-17,384.05,-0.59,5.50,69.79
robusta,2020-08-18,392.33,2.16,7.77,71.75
robusta,2020-08-19,394.16,0.47,8.27,71.37
robusta,2020-08-20,398.74,1.16,9.53,71.76
robusta,2020-08-21,403.62,1.22,10.87,71.97
robusta,2020-08-24,406.19,0.64,11.58,72.55
robusta,2020-08-25,406.32,0.03,11.61,73.56
robusta,2020-08-26,411.18,1.20,12.95,73.41
robusta,2020-08-27,410.24,-0.23,12.69,73.66
robusta,2020-08-28,409.49,-0.18,12.48,75.72
robusta,2020-08-31,407.32,-0.53,11.89,74.38
robusta,2020-09-01,411.71,1.08,1.08,76.41
robusta,2020-09-02,404.32,-1.79,-0.74,75.49
robusta,2020-09-03,401.08,-0.80,-1.53,75.82
robusta,2020-09-04,400.83,-0.06,-1.59,75.54
robusta,2020-09-08,399.41,-0.35,-1.94,74.53
robusta,2020-09-09,397.83,-0.40,-2.33,75.22
robusta,2020-09-10,399.98,0.54,-1.80,75.24
robusta,2020-09-11,398.92,-0.27,-2.06,74.79
robusta,2020-09-14,388.72,-2.56,-4.57,73.66
robusta,2020-09-15,385.33,-0.87,-5.40,72.90
robusta,2020-09-16,384.63,-0.18,-5.57,73.40
robusta,2020-09-17,385.22,0.15,-5.43,73.54
robusta,2020-09-18,385.53,0.08,-5.35,71.83
robusta,2020-09-21,384.53,-0.26,-5.60,71.17
robusta,2020-09-22,388.90,1.14,-4.52,71.16
robusta,2020-09-23,393.58,1.20,-3.37,70.57
robusta,2020-09-24,396.55,0.75,-2.64,71.89
robusta,2020-09-25,401.91,1.35,-1.33,72.49
robusta,2020-09-28,399.44,-0.61,-1.93,70.89
robusta,2020-09-29,398.29,-0.29,-2.22,70.67
robusta,2020-09-30,396.33,-0.49,-2.70,70.55
robusta,2020-10-01,392.33,-1.01,-1.01,69.41
robusta,2020-10-02,395.28,0.75,-0.26,69.87
robusta,2020-10-05,392.28,-0.76,-1.02,70.54
robusta,2020-10-06,393.06,0.20,-0.83,70.19
robusta,2020-10-07,391.14,-0.49,-1.31,69.63
robusta,2020-10-08,393.16,0.52,-0.80,70.36
robusta,2020-10-09,393.92,0.19,-0.61,71.21
robusta,2020-10-13,391.70,-0.56,-1.17,70.27
robusta,2020-10-14,397.28,1.42,0.24,70.91
robusta,2020-10-15,398.92,0.41,0.65,71.08
robusta,2020-10-16,402.02,0.78,1.44,71.22
robusta,2020-10-19,402.37,0.09,1.52,71.80
robusta,2020-10-20,397.33,-1.25,0.25,70.98
robusta,2020-10-21,399.41,0.52,0.78,71.23
robusta,2020-10-22,401.98,0.64,1.43,71.81
robusta,2020-10-23,402.55,0.14,1.57,71.53
robusta,2020-10-26,403.90,0.34,1.91,71.80
robusta,2020-10-27,407.10,0.79,2.72,71.75
robusta,2020-10-28,412.09,1.23,3.98,71.76
robusta,2020-10-29,412.13,0.01,3.99,71.66
robusta,2020-10-30,413.82,0.41,4.41,71.99
robusta,2020-11-03,410.36,-0.84,-0.84,71.35
robusta,2020-11-04,405.62,-1.16,-1.98,71.64
robusta,2020-11-05,409.12,0.86,-1.14,73.76
robusta,2020-11-06,407.90,-0.30,-1.43,75.71
robusta,2020-11-09,397.55,-2.54,-3.93,73.43
robusta,2020-11-10,399.19,0.41,-3.54,74.21
robusta,2020-11-11,407.51,2.08,-1.52,75.27
robusta,2020-11-12,410.65,0.77,-0.77,75.13
robusta,2020-11-13,416.36,1.39,0.61,76.02
robusta,2020-11-16,421.48,1.23,1.85,77.59
robusta,2020-11-17,415.24,-1.48,0.34,77.79
robusta,2020-11-18,417.32,0.50,0.85,78.08
robusta,2020-11-19,412.32,-1.20,-0.36,77.62
robusta,2020-11-20,408.82,-0.85,-1.21,76.10
robusta,2020-11-23,409.82,0.24,-0.97,75.38
robusta,2020-11-24,407.13,-0.66,-1.62,75.60
robusta,2020-11-25,406.75,-0.09,-1.71,76.48
robusta,2020-11-26,409.57,0.69,-1.03,76.84
robusta,2020-11-27,414.15,1.12,0.08,77.72
robusta,2020-11-30,412.90,-0.30,-0.22,77.13
robusta,2020-12-01,408.90,-0.97,-0.97,78.12
robusta,2020-12-02,406.12,-0.68,-1.64,77.43
robusta,2020-12-03,401.82,-1.06,-2.68,78.22
robusta,2020-12-04,398.01,-0.95,-3.61,77.61
robusta,2020-12-07,393.01,-1.26,-4.82,77.33
robusta,2020-12-08,395.28,0.58,-4.27,77.07
robusta,2020-12-09,395.20,-0.02,-4.29,76.25
robusta,2020-12-10,393.92,-0.32,-4.60,78.21
robusta,2020-12-11,393.92,0.00,-4.60,77.96
robusta,2020-12-14,398.68,1.21,-3.44,78.02
robusta,2020-12-15,398.46,-0.06,-3.50,78.30
robusta,2020-12-16,404.64,1.55,-2.00,78.94
robusta,2020-12-17,403.01,-0.40,-2.40,79.41
robusta,2020-12-18,404.42,0.35,-2.05,79.50
robusta,2020-12-21,404.82,0.10,-1.96,79.01
robusta,2020-12-22,404.82,0.00,-1.96,78.38
robusta,2020-12-23,404.75,-0.02,-1.97,77.85
robusta,2020-12-28,407.10,0.58,-1.40,77.70
robusta,2020-12-29,410.82,0.91,-0.50,79.25
robusta,2020-12-30,410.32,-0.12,-0.62,79.12
robusta,2021-01-04,407.55,-0.68,-0.68,77.47
robusta,2021-01-05,417.32,2.40,1.71,79.29
robusta,2021-01-06,415.52,-0.43,1.27,78.65
robusta,2021-01-07,413.38,-0.52,0.75,76.74
robusta,2021-01-08,414.82,0.35,1.10,76.59
robusta,2021-01-11,419.36,1.09,2.20,76.37
robusta,2021-01-12,416.49,-0.68,1.50,78.10
robusta,2021-01-13,417.07,0.14,1.65,78.69
robusta,2021-01-14,412.82,-1.02,0.61,79.34
robusta,2021-01-15,416.32,0.85,1.46,78.76
robusta,2021-01-18,416.82,0.12,1.58,78.76
robusta,2021-01-19,415.60,-0.29,1.29,77.68
robusta,2021-01-20,415.97,0.09,1.38,78.21
robusta,2021-01-21,416.18,0.05,1.43,77.70
robusta,2021-01-22,418.98,0.67,2.11,76.57
robusta,2021-01-25,420.73,0.42,2.54,76.38
robusta,2021-01-26,416.52,-1.00,1.51,78.18
robusta,2021-01-27,418.00,0.36,1.87,77.45
robusta,2021-01-28,422.48,1.07,2.96,77.72
robusta,2021-01-29,422.35,-0.03,2.93,77.03
robusta,2021-02-01,422.91,0.13,0.13,77.58
robusta,2021-02-02,422.09,-0.19,-0.06,78.78
robusta,2021-02-03,425.40,0.78,0.72,79.34
robusta,2021-02-04,425.91,0.12,0.84,78.09
robusta,2021-02-05,424.72,-0.28,0.56,78.86
robusta,2021-02-08,422.57,-0.51,0.05,78.66
robusta,2021-02-09,423.48,0.22,0.27,78.68
robusta,2021-02-10,420.96,-0.60,-0.33,78.26
robusta,2021-02-11,422.18,0.29,-0.04,78.30
robusta,2021-02-12,424.28,0.50,0.46,78.89
robusta,2021-02-17,425.09,0.19,0.65,78.43
robusta,2021-02-18,429.54,1.05,1.70,78.96
robusta,2021-02-19,428.51,-0.24,1.46,79.25
robusta,2021-02-22,436.17,1.79,3.27,80.15
robusta,2021-02-23,444.17,1.83,5.17,81.47
robusta,2021-02-24,447.31,0.71,5.91,82.33
robusta,2021-02-25,452.08,1.07,7.04,82.11
robusta,2021-02-26,455.22,0.69,7.78,81.57
robusta,2021-03-01,458.31,0.68,0.68,81.86
robusta,2021-03-02,460.16,0.40,1.09,81.23
robusta,2021-03-03,465.61,1.18,2.28,80.95
robusta,2021-03-04,447.89,-3.81,-1.61,79.09
robusta,2021-03-05,450.44,0.57,-1.05,79.11
robusta,2021-03-08,451.22,0.17,-0.88,78.22
robusta,2021-03-09,454.97,0.83,-0.05,78.59
robusta,2021-03-10,462.47,1.65,1.59,81.77
robusta,2021-03-11,450.36,-2.62,-1.07,81.35
robusta,2021-03-12,449.42,-0.21,-1.27,80.77
robusta,2021-03-15,449.34,-0.02,-1.29,79.60
robusta,2021-03-16,450.43,0.24,-1.05,80.28
robusta,2021-03-17,453.47,0.67,-0.38,81.22
robusta,2021-03-18,447.47,-1.32,-1.70,80.50
robusta,2021-03-19,443.59,-0.87,-2.55,80.83
robusta,2021-03-22,442.66,-0.21,-2.76,80.29
robusta,2021-03-23,439.24,-0.77,-3.51,79.66
robusta,2021-03-24,439.38,0.03,-3.48,78.28
robusta,2021-03-25,444.96,1.27,-2.25,78.52
robusta,2021-03-26,456.46,2.58,0.27,79.44
robusta,2021-03-29,456.16,-0.07,0.21,79.10
robusta,2021-03-30,446.46,-2.13,-1.92,77.69
robusta,2021-03-31,448.15,0.38,-1.55,79.68
robusta,2021-04-01,439.06,-2.03,-2.03,76.95
robusta,2021-04-05,437.69,-0.31,-2.33,77.17
robusta,2021-04-06,441.50,0.87,-1.48,78.87
robusta,2021-04-07,444.51,0.68,-0.81,78.69
robusta,2021-04-08,444.51,0.00,-0.81,79.76
robusta,2021-04-09,454.08,2.15,1.32,79.97
robusta,2021-04-12,454.19,0.02,1.35,79.33
robusta,2021-04-13,455.69,0.33,1.68,79.93
robusta,2021-04-14,456.63,0.21,1.89,80.48
robusta,2021-04-15,452.88,-0.82,1.06,80.53
robusta,2021-04-16,449.06,-0.84,0.20,80.39
robusta,2021-04-19,445.97,-0.69,-0.49,80.18
robusta,2021-04-20,449.51,0.79,0.30,80.89
robusta,2021-04-22,448.72,-0.18,0.13,82.15
robusta,2021-04-23,452.74,0.90,1.02,82.39
robusta,2021-04-26,452.24,-0.11,0.91,82.86
robusta,2021-04-27,455.60,0.74,1.66,83.37
robusta,2021-04-28,459.41,0.84,2.51,85.65
robusta,2021-04-29,454.51,-1.07,1.42,84.89
robusta,2021-04-30,455.97,0.32,1.74,83.91
robusta,2021-05-03,455.97,0.00,0.00,84.10
robusta,2021-05-04,459.69,0.82,0.82,84.61
robusta,2021-05-05,467.47,1.69,2.52,87.12
robusta,2021-05-06,465.47,-0.43,2.08,88.14
robusta,2021-05-07,460.46,-1.08,0.98,88.18
robusta,2021-05-10,458.96,-0.33,0.66,87.74
robusta,2021-05-11,461.62,0.58,1.24,88.37
robusta,2021-05-12,459.50,-0.46,0.77,86.76
robusta,2021-05-13,459.54,0.01,0.78,86.72
robusta,2021-05-14,457.74,-0.39,0.39,86.86
robusta,2021-05-17,455.41,-0.51,-0.12,86.48
robusta,2021-05-18,462.21,1.49,1.37,88.11
robusta,2021-05-19,462.87,0.14,1.51,87.09
robusta,2021-05-20,463.59,0.16,1.67,87.92
robusta,2021-05-21,465.46,0.40,2.08,87.03
robusta,2021-05-24,460.46,-1.07,0.98,86.52
robusta,2021-05-25,463.14,0.58,1.57,86.78
robusta,2021-05-26,467.18,0.87,2.46,88.00
robusta,2021-05-27,468.14,0.21,2.67,89.12
robusta,2021-05-28,476.77,1.84,4.56,91.37
robusta,2021-05-31,476.32,-0.09,4.46,91.16
robusta,2021-06-01,483.45,1.50,1.50,93.77
robusta,2021-06-02,484.40,0.20,1.70,95.13
robusta,2021-06-04,478.59,-1.20,0.48,95.05
robusta,2021-06-07,480.51,0.40,0.88,95.40
robusta,2021-06-08,479.95,-0.12,0.76,95.27
robusta,2021-06-09,481.95,0.42,1.18,95.06
robusta,2021-06-10,483.45,0.31,1.50,95.47
robusta,2021-06-11,483.45,0.00,1.50,94.42
robusta,2021-06-14,479.95,-0.72,0.76,94.63
robusta,2021-06-15,480.79,0.18,0.94,95.34
robusta,2021-06-16,482.68,0.39,1.34,95.67
robusta,2021-06-17,479.95,-0.57,0.76,95.53
robusta,2021-06-18,484.94,1.04,1.81,95.65
robusta,2021-06-21,484.49,-0.09,1.72,96.47
robusta,2021-06-22,483.58,-0.19,1.52,97.42
robusta,2021-06-23,484.94,0.28,1.81,97.67
robusta,2021-06-24,486.61,0.34,2.16,99.21
robusta,2021-06-25,492.72,1.26,3.44,99.50
robusta,2021-06-28,497.16,0.90,4.38,100.93
robusta,2021-06-29,493.12,-0.81,3.53,99.86
robusta,2021-06-30,500.44,1.48,5.06,100.63
robusta,2021-07-01,501.44,0.20,0.20,99.33
robusta,2021-07-02,506.44,1.00,1.20,100.32
robusta,2021-07-05,502.72,-0.73,0.46,98.90
robusta,2021-07-06,513.27,2.10,2.56,98.71
robusta,2021-07-07,521.64,1.63,4.24,99.66
robusta,2021-07-08,524.03,0.46,4.71,99.74
robusta,2021-07-09,526.60,0.49,5.23,100.52
robusta,2021-07-12,527.94,0.25,5.50,102.12
robusta,2021-07-13,520.85,-1.34,4.08,100.72
robusta,2021-07-14,531.30,2.01,6.17,104.75
robusta,2021-07-15,530.57,-0.14,6.02,103.53
robusta,2021-07-16,533.69,0.59,6.64,104.24
robusta,2021-07-19,537.79,0.77,7.46,102.32
robusta,2021-07-20,549.48,2.17,9.80,105.28
robusta,2021-07-21,553.43,0.72,10.59,106.78
robusta,2021-07-22,565.84,2.24,13.07,108.63
robusta,2021-07-23,566.81,0.17,13.26,108.65
robusta,2021-07-26,583.57,2.96,16.61,112.77
robusta,2021-07-27,598.57,2.57,19.61,115.60
robusta,2021-07-28,602.43,0.64,20.38,117.80
robusta,2021-07-29,599.93,-0.41,19.88,118.17
robusta,2021-07-30,580.56,-3.23,16.01,111.71
robusta,2021-08-02,577.71,-0.49,-0.49,111.89
robusta,2021-08-03,594.93,2.98,2.48,114.78
robusta,2021-08-04,601.82,1.16,3.66,115.98
robusta,2021-08-05,603.11,0.21,3.88,115.92
robusta,2021-08-06,601.73,-0.23,3.65,114.81
robusta,2021-08-09,612.91,1.86,5.57,117.01
robusta,2021-08-10,622.91,1.63,7.29,119.84
robusta,2021-08-11,622.41,-0.08,7.21,119.05
robusta,2021-08-12,626.02,0.58,7.83,119.15
robusta,2021-08-13,631.18,0.82,8.72,120.39
robusta,2021-08-16,632.91,0.27,9.02,119.73
robusta,2021-08-17,637.18,0.67,9.75,120.95
robusta,2021-08-18,646.78,1.51,11.41,120.67
robusta,2021-08-19,649.35,0.40,11.85,119.89
robusta,2021-08-20,652.13,0.43,12.33,121.26
robusta,2021-08-23,652.68,0.08,12.42,121.50
robusta,2021-08-24,667.68,2.30,15.01,126.96
robusta,2021-08-25,666.90,-0.12,14.87,128.00
robusta,2021-08-26,674.35,1.12,16.16,128.45
robusta,2021-08-27,683.65,1.38,17.76,131.57
robusta,2021-08-30,683.79,0.02,17.78,131.83
robusta,2021-08-31,691.01,1.06,19.02,133.53
robusta,2021-09-01,708.90,2.59,2.59,137.01
robusta,2021-09-02,721.71,1.81,4.44,139.19
robusta,2021-09-03,724.34,0.36,4.82,139.73
robusta,2021-09-06,733.23,1.23,6.11,141.69
robusta,2021-09-08,734.09,0.12,6.23,138.17
robusta,2021-09-09,735.73,0.22,6.47,138.63
robusta,2021-09-10,735.73,0.00,6.47,139.71
robusta,2021-09-13,737.67,0.26,6.75,141.02
robusta,2021-09-14,745.89,1.11,7.94,141.78
robusta,2021-09-15,758.64,1.71,9.79,144.72
robusta,2021-09-16,757.89,-0.10,9.68,143.68
robusta,2021-09-17,762.89,0.66,10.40,144.40
robusta,2021-09-20,771.55,1.14,11.66,144.19
robusta,2021-09-21,782.11,1.37,13.18,148.07
robusta,2021-09-22,786.88,0.61,13.87,148.44
robusta,2021-09-23,794.00,0.90,14.90,149.58
robusta,2021-09-24,811.86,2.25,17.49,151.86
robusta,2021-09-27,812.64,0.10,17.60,151.05
robusta,2021-09-28,822.58,1.22,19.04,151.49
robusta,2021-09-29,818.49,-0.50,18.45,150.85
robusta,2021-09-30,825.86,0.90,19.51,151.90
robusta,2021-10-01,830.32,0.54,0.54,154.82
robusta,2021-10-04,833.75,0.41,0.96,152.93
robusta,2021-10-05,827.36,-0.77,0.18,151.28
robusta,2021-10-06,833.36,0.73,0.91,151.85
robusta,2021-10-07,836.06,0.32,1.24,151.93
robusta,2021-10-08,834.41,-0.20,1.04,151.44
robusta,2021-10-11,831.06,-0.40,0.63,150.23
robusta,2021-10-13,833.86,0.34,0.97,151.31
robusta,2021-10-14,828.86,-0.60,0.36,150.16
robusta,2021-10-15,811.68,-2.07,-1.72,148.66
robusta,2021-10-18,799.31,-1.52,-3.21,144.96
robusta,2021-10-19,774.87,-3.06,-6.17,138.69
robusta,2021-10-20,752.65,-2.87,-8.86,135.69
robusta,2021-10-21,753.38,0.10,-8.78,133.25
robusta,2021-10-22,755.43,0.27,-8.53,133.94
robusta,2021-10-25,759.87,0.59,-7.99,137.01
robusta,2021-10-26,772.37,1.65,-6.48,138.74
robusta,2021-10-27,767.65,-0.61,-7.05,137.82
robusta,2021-10-28,765.71,-0.25,-7.28,136.05
robusta,2021-10-29,771.04,0.70,-6.64,136.52
robusta,2021-11-01,776.53,0.71,0.71,136.93
robusta,2021-11-03,778.33,0.23,0.95,139.11
robusta,2021-11-04,782.13,0.49,1.44,139.29
robusta,2021-11-05,781.28,-0.11,1.33,141.79
robusta,2021-11-08,784.46,0.41,1.74,141.37
robusta,2021-11-09,791.46,0.89,2.65,144.35
robusta,2021-11-10,794.83,0.43,3.09,144.65
robusta,2021-11-11,801.19,0.80,3.91,148.42
robusta,2021-11-12,802.10,0.11,4.03,147.04
robusta,2021-11-16,804.27,0.27,4.31,146.44
robusta,2021-11-17,815.08,1.34,5.71,147.50
robusta,2021-11-18,809.10,-0.73,4.94,145.29
robusta,2021-11-19,812.60,0.43,5.39,145.00
robusta,2021-11-22,808.83,-0.46,4.90,144.69
robusta,2021-11-23,819.82,1.36,6.33,146.19
robusta,2021-11-24,822.32,0.30,6.65,147.03
robusta,2021-11-25,818.64,-0.45,6.17,147.16
robusta,2021-11-26,820.82,0.27,6.46,146.58
robusta,2021-11-29,812.83,-0.97,5.42,144.76
robusta,2021-11-30,815.82,0.37,5.81,144.47
robusta,2021-12-01,825.93,1.24,1.24,145.79
robusta,2021-12-02,830.81,0.59,1.84,146.99
robusta,2021-12-03,834.51,0.45,2.29,147.00
robusta,2021-12-06,836.69,0.26,2.56,147.15
robusta,2021-12-07,838.70,0.24,2.80,149.29
robusta,2021-12-08,834.36,-0.52,2.27,150.66
robusta,2021-12-09,839.81,0.65,2.94,150.50
robusta,2021-12-10,830.89,-1.06,1.85,148.03
robusta,2021-12-13,828.67,-0.27,1.58,146.07
robusta,2021-12-14,829.22,0.07,1.64,145.71
robusta,2021-12-15,831.28,0.25,1.90,145.25
robusta,2021-12-16,829.78,-0.18,1.71,146.22
robusta,2021-12-17,830.78,0.12,1.83,146.21
robusta,2021-12-20,825.41,-0.65,1.18,143.85
robusta,2021-12-21,826.28,0.11,1.28,144.03
robusta,2021-12-22,828.11,0.22,1.51,146.05
robusta,2021-12-23,829.78,0.20,1.71,146.53
robusta,2021-12-27,831.21,0.17,1.89,147.48
robusta,2021-12-28,827.64,-0.43,1.45,146.82
robusta,2021-12-29,827.92,0.03,1.48,145.40
robusta,2021-12-30,828.35,0.05,1.54,148.58
robusta,2022-01-03,829.17,0.10,0.10,146.47
robusta,2022-01-04,826.80,-0.29,-0.19,145.38
robusta,2022-01-05,826.30,-0.06,-0.25,145.91
robusta,2022-01-06,826.47,0.02,-0.23,145.35
robusta,2022-01-07,828.00,0.19,-0.04,146.99
robusta,2022-01-10,826.94,-0.13,-0.17,145.79
robusta,2022-01-11,832.02,0.61,0.44,149.13
robusta,2022-01-12,836.67,0.56,1.00,151.16
robusta,2022-01-13,827.58,-1.09,-0.09,149.95
robusta,2022-01-14,827.92,0.04,-0.05,149.93
robusta,2022-01-17,829.58,0.20,0.15,150.18
robusta,2022-01-18,825.30,-0.52,-0.37,148.54
robusta,2022-01-19,827.20,0.23,-0.14,151.39
robusta,2022-01-20,824.80,-0.29,-0.43,152.43
robusta,2022-01-21,827.58,0.34,-0.09,151.65
robusta,2022-01-24,825.80,-0.22,-0.31,150.06
robusta,2022-01-25,830.50,0.57,0.26,152.67
robusta,2022-01-26,835.35,0.58,0.85,154.49
robusta,2022-01-27,829.24,-0.73,0.11,152.80
robusta,2022-01-28,828.35,-0.11,0.00,153.60
robusta,2022-01-31,819.80,-1.03,-1.03,154.59
robusta,2022-02-01,817.08,-0.33,-0.33,155.04
robusta,2022-02-02,817.73,0.08,-0.25,154.73
robusta,2022-02-03,822.73,0.61,0.36,155.44
robusta,2022-02-04,822.28,-0.05,0.30,154.39
robusta,2022-02-07,823.48,0.15,0.45,156.56
robusta,2022-02-08,828.53,0.61,1.06,157.66
robusta,2022-02-09,830.41,0.23,1.29,159.08
robusta,2022-02-10,827.28,-0.38,0.91,158.30
robusta,2022-02-11,822.96,-0.52,0.39,157.47
robusta,2022-02-14,823.42,0.06,0.44,157.83
robusta,2022-02-15,823.87,0.05,0.50,159.02
robusta,2022-02-16,824.96,0.13,0.63,160.87
robusta,2022-02-17,821.60,-0.41,0.22,158.95
robusta,2022-02-18,819.78,-0.22,-0.00,159.55
robusta,2022-02-21,819.23,-0.07,-0.07,160.44
robusta,2022-02-22,817.05,-0.27,-0.34,161.31
robusta,2022-02-23,812.06,-0.61,-0.94,162.31
robusta,2022-02-24,802.01,-1.24,-2.17,156.73
robusta,2022-02-25,804.78,0.35,-1.83,156.42
robusta,2022-03-02,782.26,-2.80,-2.80,153.08
robusta,2022-03-03,773.10,-1.17,-3.94,153.88
robusta,2022-03-04,767.95,-0.67,-4.58,151.20
robusta,2022-03-07,750.68,-2.25,-6.72,147.80
robusta,2022-03-08,749.77,-0.12,-6.84,148.29
robusta,2022-03-09,751.44,0.22,-6.63,149.96
robusta,2022-03-10,746.44,-0.67,-7.25,148.75
robusta,2022-03-11,758.52,1.62,-5.75,150.14
robusta,2022-03-14,755.32,-0.42,-6.15,147.27
robusta,2022-03-15,758.40,0.41,-5.76,147.15
robusta,2022-03-16,766.13,1.02,-4.80,150.07
robusta,2022-03-17,766.13,0.00,-4.80,152.07
robusta,2022-03-18,769.74,0.47,-4.35,153.52
robusta,2022-03-21,768.63,-0.14,-4.49,155.22
robusta,2022-03-22,773.49,0.63,-3.89,157.25
robusta,2022-03-23,769.24,-0.55,-4.42,159.00
robusta,2022-03-24,764.74,-0.58,-4.98,158.43
robusta,2022-03-25,767.02,0.30,-4.69,161.44
robusta,2022-03-28,766.41,-0.08,-4.77,160.67
robusta,2022-03-29,769.74,0.43,-4.35,161.68
robusta,2022-03-30,784.28,1.89,-2.55,164.01
robusta,2022-03-31,805.29,2.68,0.06,169.14
robusta,2022-04-01,807.75,0.31,0.31,173.00
robusta,2022-04-04,813.50,0.71,1.02,176.39
robusta,2022-04-05,811.97,-0.19,0.83,174.36
robusta,2022-04-06,806.12,-0.72,0.10,170.79
robusta,2022-04-07,809.75,0.45,0.55,170.65
robusta,2022-04-08,817.25,0.93,1.49,173.70
robusta,2022-04-11,826.25,1.10,2.60,176.44
robusta,2022-04-12,822.25,-0.48,2.11,175.77
robusta,2022-04-13,820.75,-0.18,1.92,175.15
robusta,2022-04-14,822.53,0.22,2.14,175.30
robusta,2022-04-18,809.20,-1.62,0.49,173.72
robusta,2022-04-19,819.25,1.24,1.73,175.32
robusta,2022-04-20,821.75,0.31,2.04,177.68
robusta,2022-04-22,821.97,0.03,2.07,171.35
robusta,2022-04-25,820.37,-0.19,1.87,168.35
robusta,2022-04-26,809.75,-1.29,0.55,162.27
robusta,2022-04-27,806.57,-0.39,0.16,162.48
robusta,2022-04-28,799.76,-0.84,-0.69,161.96
robusta,2022-04-29,791.98,-0.97,-1.65,160.06
robusta,2022-05-02,790.30,-0.21,-0.21,155.97
robusta,2022-05-03,789.75,-0.07,-0.28,159.06
robusta,2022-05-04,789.19,-0.07,-0.35,160.70
robusta,2022-05-05,783.75,-0.69,-1.04,155.85
robusta,2022-05-06,770.84,-1.65,-2.67,151.95
robusta,2022-05-09,763.14,-1.00,-3.64,148.01
robusta,2022-05-10,755.47,-1.01,-4.61,147.41
robusta,2022-05-11,756.52,0.14,-4.48,147.24
robusta,2022-05-12,755.11,-0.19,-4.66,146.74
robusta,2022-05-13,752.61,-0.33,-4.97,148.91
robusta,2022-05-16,758.44,0.77,-4.23,150.33
robusta,2022-05-17,756.07,-0.31,-4.53,152.99
robusta,2022-05-18,751.56,-0.60,-5.10,150.70
robusta,2022-05-19,747.47,-0.54,-5.62,152.11
robusta,2022-05-20,747.74,0.04,-5.59,153.57
robusta,2022-05-23,732.75,-2.00,-7.48,152.24
robusta,2022-05-24,733.25,0.07,-7.42,152.09
robusta,2022-05-25,727.75,-0.75,-8.11,151.27
robusta,2022-05-26,726.41,-0.18,-8.28,152.58
robusta,2022-05-27,723.84,-0.35,-8.60,152.77
robusta,2022-05-30,717.25,-0.91,-9.44,150.97
robusta,2022-05-31,708.25,-1.25,-10.57,149.07
robusta,2022-06-01,707.75,-0.07,-0.07,147.48
robusta,2022-06-02,695.76,-1.69,-1.76,145.13
robusta,2022-06-03,693.76,-0.29,-2.05,145.02
robusta,2022-06-06,691.58,-0.31,-2.35,144.05
robusta,2022-06-07,692.26,0.10,-2.26,142.12
robusta,2022-06-08,693.40,0.16,-2.10,142.06
robusta,2022-06-09,690.32,-0.44,-2.53,140.57
robusta,2022-06-10,693.51,0.46,-2.08,139.23
robusta,2022-06-13,689.76,-0.54,-2.61,134.64
robusta,2022-06-14,691.98,0.32,-2.30,134.63
robusta,2022-06-15,692.26,0.04,-2.26,137.76
robusta,2022-06-17,691.43,-0.12,-2.37,134.52
robusta,2022-06-20,696.57,0.74,-1.65,134.34
robusta,2022-06-21,699.29,0.39,-1.27,135.76
robusta,2022-06-22,706.41,1.02,-0.26,136.64
robusta,2022-06-23,698.25,-1.16,-1.41,133.53
robusta,2022-06-24,698.25,0.00,-1.41,132.80
robusta,2022-06-27,698.08,-0.02,-1.44,133.53
robusta,2022-06-28,699.25,0.17,-1.27,132.79
robusta,2022-06-29,706.75,1.07,-0.21,136.02
robusta,2022-06-30,709.24,0.35,0.14,135.61
robusta,2022-07-01,703.65,-0.79,-0.79,132.21
robusta,2022-07-04,709.30,0.80,0.01,133.18
robusta,2022-07-05,705.31,-0.56,-0.55,130.81
robusta,2022-07-06,707.26,0.28,-0.28,130.61
robusta,2022-07-07,708.26,0.14,-0.14,132.53
robusta,2022-07-08,706.76,-0.21,-0.35,134.24
robusta,2022-07-11,706.76,0.00,-0.35,131.66
robusta,2022-07-12,710.76,0.57,0.21,130.70
robusta,2022-07-13,713.26,0.35,0.57,131.94
robusta,2022-07-14,711.98,-0.18,0.39,131.02
robusta,2022-07-15,711.76,-0.03,0.36,131.64
robusta,2022-07-18,718.64,0.97,1.33,132.52
robusta,2022-07-19,719.25,0.08,1.41,132.70
robusta,2022-07-20,717.75,-0.21,1.20,131.43
robusta,2022-07-21,721.39,0.51,1.71,131.38
robusta,2022-07-22,718.63,-0.38,1.32,130.64
robusta,2022-07-25,722.31,0.51,1.84,134.41
robusta,2022-07-26,718.66,-0.51,1.33,134.23
robusta,2022-07-27,720.25,0.22,1.55,137.22
robusta,2022-07-28,716.42,-0.53,1.01,138.81
robusta,2022-07-29,715.38,-0.15,0.87,138.16
robusta,2022-08-01,715.73,0.05,0.05,138.04
robusta,2022-08-02,715.93,0.03,0.08,135.59
robusta,2022-08-03,721.40,0.76,0.84,136.76
robusta,2022-08-04,723.06,0.23,1.07,138.60
robusta,2022-08-05,719.22,-0.53,0.54,139.17
robusta,2022-08-08,719.72,0.07,0.61,140.74
robusta,2022-08-09,719.72,0.00,0.61,140.11
robusta,2022-08-10,724.09,0.61,1.22,142.17
robusta,2022-08-11,728.47,0.60,1.83,141.12
robusta,2022-08-12,731.38,0.40,2.24,144.34
robusta,2022-08-15,729.22,-0.30,1.93,143.18
robusta,2022-08-16,732.44,0.44,2.38,142.30
robusta,2022-08-17,736.21,0.51,2.91,142.35
robusta,2022-08-18,737.71,0.20,3.12,142.58
robusta,2022-08-19,737.44,-0.04,3.08,142.50
robusta,2022-08-22,743.04,0.76,3.87,143.94
robusta,2022-08-23,741.71,-0.18,3.68,145.43
robusta,2022-08-24,748.21,0.88,4.59,146.45
robusta,2022-08-25,751.37,0.42,5.03,146.58
robusta,2022-08-26,747.21,-0.55,4.45,147.26
robusta,2022-08-29,744.71,-0.33,4.10,148.17
robusta,2022-08-30,744.21,-0.07,4.03,145.64
robusta,2022-08-31,749.71,0.74,4.80,144.12
robusta,2022-09-01,745.35,-0.58,-0.58,142.38
robusta,2022-09-02,749.72,0.59,0.00,144.82
robusta,2022-09-05,753.05,0.44,0.45,146.14
robusta,2022-09-06,755.13,0.28,0.72,144.05
robusta,2022-09-08,750.35,-0.63,0.09,144.05
robusta,2022-09-09,750.22,-0.02,0.07,145.67
robusta,2022-09-12,750.28,0.01,0.08,147.37
robusta,2022-09-13,749.22,-0.14,-0.07,144.39
robusta,2022-09-14,744.72,-0.60,-0.67,143.77
robusta,2022-09-15,745.22,0.07,-0.60,142.14
robusta,2022-09-16,746.72,0.20,-0.40,142.04
robusta,2022-09-19,745.28,-0.19,-0.59,144.35
robusta,2022-09-20,747.22,0.26,-0.33,144.78
robusta,2022-09-21,746.09,-0.15,-0.48,144.39
robusta,2022-09-22,747.72,0.22,-0.27,146.24
robusta,2022-09-23,741.72,-0.80,-1.07,141.25
robusta,2022-09-26,745.83,0.55,-0.52,138.40
robusta,2022-09-27,746.09,0.03,-0.48,138.68
robusta,2022-09-28,744.22,-0.25,-0.73,139.19
robusta,2022-09-29,741.09,-0.42,-1.15,137.29
robusta,2022-09-30,737.73,-0.45,-1.60,137.15
robusta,2022-10-03,722.66,-2.04,-2.04,139.59
robusta,2022-10-04,716.11,-0.91,-2.93,138.35
robusta,2022-10-05,713.38,-0.38,-3.30,137.88
robusta,2022-10-06,698.39,-2.10,-5.33,134.20
robusta,2022-10-07,696.75,-0.23,-5.55,133.35
robusta,2022-10-10,686.39,-1.49,-6.96,132.43
robusta,2022-10-11,684.76,-0.24,-7.18,129.93
robusta,2022-10-13,667.76,-2.48,-9.48,126.49
robusta,2022-10-14,656.58,-1.67,-11.00,123.23
robusta,2022-10-17,646.77,-1.49,-12.33,122.15
robusta,2022-10-18,638.66,-1.25,-13.43,121.40
robusta,2022-10-19,625.28,-2.10,-15.24,118.60
robusta,2022-10-20,614.78,-1.68,-16.67,117.68
robusta,2022-10-21,605.78,-1.46,-17.89,117.67
robusta,2022-10-24,604.29,-0.25,-18.09,114.25
robusta,2022-10-25,604.79,0.08,-18.02,113.79
robusta,2022-10-26,590.35,-2.39,-19.98,109.87
robusta,2022-10-27,580.25,-1.71,-21.35,109.50
robusta,2022-10-28,580.79,0.09,-21.27,109.29
robusta,2022-10-31,587.01,1.07,-20.43,113.45
robusta,2022-11-01,574.79,-2.08,-2.08,112.44
robusta,2022-11-03,555.52,-3.35,-5.36,108.65
robusta,2022-11-04,557.79,0.41,-4.98,110.80
robusta,2022-11-07,548.30,-1.70,-6.59,106.36
robusta,2022-11-08,551.29,0.55,-6.09,106.65
robusta,2022-11-09,553.13,0.33,-5.77,106.82
robusta,2022-11-10,556.46,0.60,-5.20,103.11
robusta,2022-11-11,560.79,0.78,-4.47,105.00
robusta,2022-11-14,550.67,-1.80,-6.19,103.30
robusta,2022-11-16,554.79,0.75,-5.49,103.04
robusta,2022-11-17,558.13,0.60,-4.92,102.77
robusta,2022-11-18,557.92,-0.04,-4.96,103.97
robusta,2022-11-21,564.37,1.16,-3.86,106.26
robusta,2022-11-22,573.88,1.69,-2.24,106.65
robusta,2022-11-23,583.42,1.66,-0.61,108.60
robusta,2022-11-24,579.78,-0.62,-1.23,109.15
robusta,2022-11-25,590.78,1.90,0.64,109.20
robusta,2022-11-28,595.28,0.76,1.41,110.94
robusta,2022-11-29,601.59,1.06,2.48,113.70
robusta,2022-11-30,609.77,1.36,3.88,117.04
robusta,2022-12-01,627.27,2.87,2.87,120.51
robusta,2022-12-02,633.65,1.02,3.92,122.14
robusta,2022-12-05,634.76,0.18,4.10,120.22
robusta,2022-12-06,649.20,2.27,6.47,123.21
robusta,2022-12-07,659.75,1.63,8.20,126.63
robusta,2022-12-08,665.31,0.84,9.11,127.65
robusta,2022-12-09,675.37,1.51,10.76,128.89
robusta,2022-12-12,683.75,1.24,12.13,128.40
robusta,2022-12-13,694.24,1.53,13.85,130.59
robusta,2022-12-14,709.11,2.14,16.29,133.27
robusta,2022-12-15,704.74,-0.62,15.57,132.42
robusta,2022-12-16,700.24,-0.64,14.84,132.17
robusta,2022-12-19,699.74,-0.07,14.75,131.83
robusta,2022-12-20,699.18,-0.08,14.66,134.25
robusta,2022-12-21,700.85,0.24,14.94,134.86
robusta,2022-12-22,696.82,-0.58,14.28,134.60
robusta,2022-12-23,698.24,0.20,14.51,135.21
robusta,2022-12-26,696.56,-0.24,14.23,133.75
robusta,2022-12-27,694.24,-0.33,13.85,131.39
robusta,2022-12-28,698.74,0.65,14.59,133.02
robusta,2022-12-29,697.74,-0.14,14.43,132.15
robusta,2023-01-02,693.31,-0.63,-0.63,129.35
robusta,2023-01-03,690.46,-0.41,-1.04,126.74
robusta,2023-01-04,694.74,0.62,-0.43,127.38
robusta,2023-01-05,693.08,-0.24,-0.67,129.26
robusta,2023-01-06,693.08,0.00,-0.67,132.19
robusta,2023-01-09,695.57,0.36,-0.31,132.36
robusta,2023-01-10,684.74,-1.56,-1.86,131.63
robusta,2023-01-11,673.08,-1.70,-3.53,129.79
robusta,2023-01-12,675.20,0.31,-3.23,132.55
robusta,2023-01-13,672.68,-0.37,-3.59,132.05
robusta,2023-01-16,665.38,-1.09,-4.64,129.17
robusta,2023-01-17,664.20,-0.18,-4.81,130.03
robusta,2023-01-18,666.25,0.31,-4.51,129.14
robusta,2023-01-19,667.61,0.20,-4.32,129.01
robusta,2023-01-20,669.75,0.32,-4.01,128.72
robusta,2023-01-23,676.18,0.96,-3.09,130.13
robusta,2023-01-24,674.75,-0.21,-3.29,131.10
robusta,2023-01-25,676.62,0.28,-3.03,133.30
robusta,2023-01-26,679.75,0.46,-2.58,134.02
robusta,2023-01-27,687.74,1.18,-1.43,134.56
robusta,2023-01-30,696.96,1.34,-0.11,136.34
robusta,2023-01-31,703.63,0.96,0.84,138.56
robusta,2023-02-01,698.76,-0.69,-0.69,137.28
robusta,2023-02-02,688.27,-1.50,-2.18,136.67
robusta,2023-02-03,682.77,-0.80,-2.96,132.86
robusta,2023-02-06,694.76,1.76,-1.26,134.23
robusta,2023-02-07,702.89,1.17,-0.11,135.20
robusta,2023-02-08,702.26,-0.09,-0.19,135.34
robusta,2023-02-09,697.26,-0.71,-0.91,132.31
robusta,2023-02-10,691.27,-0.86,-1.76,132.35
robusta,2023-02-13,689.77,-0.22,-1.97,133.11
robusta,2023-02-14,693.27,0.51,-1.47,133.29
robusta,2023-02-15,688.66,-0.66,-2.13,132.03
robusta,2023-02-16,693.52,0.71,-1.44,132.86
robusta,2023-02-17,694.05,0.08,-1.36,134.45
robusta,2023-02-22,701.43,1.06,-0.31,135.70
robusta,2023-02-23,699.76,-0.24,-0.55,136.35
robusta,2023-02-24,698.93,-0.12,-0.67,134.25
robusta,2023-02-27,694.76,-0.60,-1.26,133.74
robusta,2023-02-28,694.21,-0.08,-1.34,132.96
robusta,2023-03-01,693.06,-0.17,-0.17,133.38
robusta,2023-03-02,694.73,0.24,0.07,133.50
robusta,2023-03-03,691.40,-0.48,-0.40,133.01
robusta,2023-03-06,692.59,0.17,-0.23,134.07
robusta,2023-03-07,679.74,-1.86,-2.08,130.94
robusta,2023-03-08,668.24,-1.69,-3.74,129.93
robusta,2023-03-09,658.49,-1.46,-5.15,128.26
robusta,2023-03-10,650.75,-1.18,-6.26,124.78
robusta,2023-03-13,639.33,-1.75,-7.91,121.36
robusta,2023-03-14,622.03,-2.71,-10.40,118.35
robusta,2023-03-15,609.35,-2.04,-12.22,115.10
robusta,2023-03-16,615.32,0.98,-11.36,117.36
robusta,2023-03-17,610.32,-0.81,-12.08,115.72
robusta,2023-03-20,606.85,-0.57,-12.58,115.74
robusta,2023-03-21,616.12,1.53,-11.25,117.51
robusta,2023-03-22,619.76,0.59,-10.72,118.77
robusta,2023-03-23,629.75,1.61,-9.29,119.07
robusta,2023-03-24,640.25,1.67,-7.77,122.00
robusta,2023-03-27,648.75,1.33,-6.55,124.50
robusta,2023-03-28,648.25,-0.08,-6.62,125.48
robusta,2023-03-29,646.41,-0.28,-6.89,125.74
robusta,2023-03-30,644.75,-0.26,-7.12,126.40
robusta,2023-03-31,638.64,-0.95,-8.00,125.99
robusta,2023-04-03,644.78,0.96,0.96,127.08
robusta,2023-04-04,644.78,0.00,0.96,126.75
robusta,2023-04-05,651.14,0.99,1.96,128.84
robusta,2023-04-06,653.28,0.33,2.29,129.11
robusta,2023-04-10,656.14,0.44,2.74,129.42
robusta,2023-04-11,659.78,0.55,3.31,131.77
robusta,2023-04-12,660.19,0.06,3.37,133.53
robusta,2023-04-13,672.95,1.93,5.37,136.58
robusta,2023-04-14,664.28,-1.29,4.01,135.07
robusta,2023-04-17,664.15,-0.02,3.99,134.58
robusta,2023-04-18,667.47,0.50,4.51,134.16
robusta,2023-04-19,676.65,1.38,5.95,133.30
robusta,2023-04-20,665.23,-1.69,4.16,131.68
robusta,2023-04-24,680.22,2.25,6.51,134.97
robusta,2023-04-25,672.95,-1.07,5.37,132.76
robusta,2023-04-26,677.95,0.74,6.16,134.17
robusta,2023-04-27,670.68,-1.07,5.02,134.59
robusta,2023-04-28,668.11,-0.38,4.61,133.92
robusta,2023-05-02,672.01,0.58,0.58,133.15
robusta,2023-05-03,668.07,-0.59,-0.01,133.86
robusta,2023-05-04,667.92,-0.02,-0.03,133.77
robusta,2023-05-05,664.29,-0.54,-0.57,134.36
robusta,2023-05-08,669.28,0.75,0.18,133.48
robusta,2023-05-09,667.01,-0.34,-0.16,133.72
robusta,2023-05-10,670.85,0.58,0.41,135.50
robusta,2023-05-11,661.56,-1.38,-0.98,133.84
robusta,2023-05-12,662.66,0.17,-0.82,134.50
robusta,2023-05-15,667.01,0.66,-0.16,136.29
robusta,2023-05-16,667.74,0.11,-0.06,135.20
robusta,2023-05-17,675.19,1.12,1.06,136.71
robusta,2023-05-18,676.82,0.24,1.30,136.21
robusta,2023-05-19,684.73,1.17,2.49,136.92
robusta,2023-05-22,691.73,1.02,3.54,139.21
robusta,2023-05-23,690.98,-0.11,3.42,138.97
robusta,2023-05-24,686.40,-0.66,2.74,138.61
robusta,2023-05-25,696.23,1.43,4.21,138.20
robusta,2023-05-26,696.40,0.02,4.23,139.56
robusta,2023-05-29,691.73,-0.67,3.54,138.01
robusta,2023-05-30,698.23,0.94,4.51,138.51
robusta,2023-05-31,700.64,0.35,4.87,137.95
robusta,2023-06-01,710.44,1.40,1.40,141.72
robusta,2023-06-02,711.10,0.09,1.49,143.45
robusta,2023-06-05,710.19,-0.13,1.36,144.14
robusta,2023-06-06,712.92,0.38,1.75,145.11
robusta,2023-06-07,711.73,-0.17,1.58,144.51
robusta,2023-06-09,725.84,1.98,3.60,148.86
robusta,2023-06-12,721.40,-0.61,2.96,148.25
robusta,2023-06-13,721.81,0.06,3.02,148.43
robusta,2023-06-14,720.19,-0.22,2.79,149.17
robusta,2023-06-15,725.29,0.71,3.52,150.98
robusta,2023-06-16,729.23,0.54,4.08,151.36
robusta,2023-06-19,727.73,-0.21,3.87,152.37
robusta,2023-06-20,726.95,-0.11,3.76,151.70
robusta,2023-06-21,709.74,-2.37,1.30,148.79
robusta,2023-06-22,703.37,-0.90,0.39,147.21
robusta,2023-06-23,691.96,-1.62,-1.24,144.73
robusta,2023-06-26,698.07,0.88,-0.37,146.47
robusta,2023-06-27,692.24,-0.84,-1.20,144.34
robusta,2023-06-28,679.75,-1.80,-2.98,140.33
robusta,2023-06-29,657.26,-3.31,-6.19,135.35
robusta,2023-06-30,644.31,-1.97,-8.04,134.43
robusta,2023-07-03,634.77,-1.48,-1.48,132.13
robusta,2023-07-04,633.24,-0.24,-1.72,130.97
robusta,2023-07-05,646.44,2.08,0.33,133.42
robusta,2023-07-06,650.68,0.66,0.99,132.09
robusta,2023-07-07,657.77,1.09,2.09,135.37
robusta,2023-07-10,661.99,0.64,2.74,135.51
robusta,2023-07-11,660.77,-0.18,2.55,136.02
robusta,2023-07-12,657.49,-0.50,2.05,136.47
robusta,2023-07-13,654.27,-0.49,1.55,136.59
robusta,2023-07-14,651.59,-0.41,1.13,135.92
robusta,2023-07-17,651.44,-0.02,1.11,135.29
robusta,2023-07-18,647.55,-0.60,0.50,134.68
robusta,2023-07-19,652.77,0.81,1.31,136.42
robusta,2023-07-20,643.66,-1.40,-0.10,134.04
robusta,2023-07-21,646.13,0.38,0.28,135.32
robusta,2023-07-24,651.99,0.91,1.19,137.70
robusta,2023-07-25,650.88,-0.17,1.02,136.94
robusta,2023-07-26,645.77,-0.79,0.23,136.50
robusta,2023-07-27,650.88,0.79,1.02,137.23
robusta,2023-07-28,642.77,-1.25,-0.24,135.86
robusta,2023-07-31,642.27,-0.08,-0.32,135.76
robusta,2023-08-01,644.75,0.39,0.39,134.58
robusta,2023-08-02,650.25,0.85,1.24,135.36
robusta,2023-08-03,654.12,0.60,1.85,133.79
robusta,2023-08-04,658.64,0.69,2.55,135.27
robusta,2023-08-07,657.25,-0.21,2.33,134.24
robusta,2023-08-08,665.25,1.22,3.58,135.85
robusta,2023-08-09,667.25,0.30,3.89,135.95
robusta,2023-08-10,667.67,0.06,3.95,136.82
robusta,2023-08-11,666.62,-0.16,3.79,135.99
robusta,2023-08-14,662.25,-0.66,3.11,133.25
robusta,2023-08-15,653.50,-1.32,1.75,130.99
robusta,2023-08-16,649.76,-0.57,1.17,130.32
robusta,2023-08-17,648.09,-0.26,0.91,130.09
robusta,2023-08-18,644.34,-0.58,0.32,129.62
robusta,2023-08-21,646.58,0.35,0.67,129.86
robusta,2023-08-22,649.30,0.42,1.09,131.52
robusta,2023-08-23,648.39,-0.14,0.95,133.58
robusta,2023-08-24,648.26,-0.02,0.93,133.03
robusta,2023-08-25,646.98,-0.20,0.73,132.80
robusta,2023-08-28,645.31,-0.26,0.47,132.32
robusta,2023-08-29,648.76,0.53,1.01,133.65
robusta,2023-08-30,645.76,-0.46,0.54,132.74
robusta,2023-08-31,655.17,1.46,2.01,132.36
robusta,2023-09-01,654.28,-0.14,-0.14,132.50
robusta,2023-09-04,654.28,0.00,-0.14,132.61
robusta,2023-09-05,647.56,-1.03,-1.16,130.03
robusta,2023-09-06,648.28,0.11,-1.05,129.99
robusta,2023-09-08,649.78,0.23,-0.82,130.35
robusta,2023-09-11,647.56,-0.34,-1.16,131.19
robusta,2023-09-12,642.78,-0.74,-1.89,129.75
robusta,2023-09-13,645.40,0.41,-1.49,131.29
robusta,2023-09-14,642.78,-0.41,-1.89,131.85
robusta,2023-09-15,647.05,0.66,-1.24,132.86
robusta,2023-09-18,651.14,0.63,-0.62,134.17
robusta,2023-09-19,651.44,0.05,-0.57,133.63
robusta,2023-09-20,647.98,-0.53,-1.10,133.05
robusta,2023-09-21,648.28,0.05,-1.05,131.47
robusta,2023-09-22,644.49,-0.58,-1.63,130.73
robusta,2023-09-25,649.29,0.74,-0.90,130.61
robusta,2023-09-26,644.79,-0.69,-1.58,129.22
robusta,2023-09-27,644.79,0.00,-1.58,127.63
robusta,2023-09-28,645.90,0.17,-1.41,128.23
robusta,2023-09-29,645.34,-0.09,-1.50,128.32
robusta,2023-10-02,647.50,0.33,0.33,127.79
robusta,2023-10-03,648.53,0.16,0.49,125.81
robusta,2023-10-04,643.78,-0.73,-0.24,124.98
robusta,2023-10-05,651.65,1.22,0.98,125.95
robusta,2023-10-06,646.44,-0.80,0.17,125.28
robusta,2023-10-09,641.86,-0.71,-0.54,125.00
robusta,2023-10-10,637.86,-0.62,-1.16,125.98
robusta,2023-10-11,631.92,-0.93,-2.08,125.08
robusta,2023-10-13,636.45,0.72,-1.38,124.99
robusta,2023-10-16,631.92,-0.71,-2.08,125.36
robusta,2023-10-17,631.32,-0.09,-2.17,125.44
robusta,2023-10-18,633.87,0.40,-1.78,125.37
robusta,2023-10-19,643.24,1.48,-0.33,127.40
robusta,2023-10-20,652.27,1.40,1.07,129.55
robusta,2023-10-23,658.52,0.96,2.04,131.15
robusta,2023-10-24,658.11,-0.06,1.98,131.70
robusta,2023-10-25,654.36,-0.57,1.40,130.87
robusta,2023-10-26,651.31,-0.47,0.93,130.45
robusta,2023-10-27,647.05,-0.65,0.26,129.02
robusta,2023-10-30,636.70,-1.60,-1.34,126.28
robusta,2023-10-31,647.96,1.77,0.41,128.69
robusta,2023-11-01,639.36,-1.33,-1.33,128.49
robusta,2023-11-03,641.44,0.33,-1.01,130.93
robusta,2023-11-06,646.57,0.80,-0.21,132.20
robusta,2023-11-07,643.12,-0.53,-0.75,132.08
robusta,2023-11-08,650.28,1.11,0.36,132.58
robusta,2023-11-09,657.56,1.12,1.48,133.41
robusta,2023-11-10,652.06,-0.84,0.63,132.77
robusta,2023-11-13,658.11,0.93,1.57,134.09
robusta,2023-11-14,653.12,-0.76,0.80,134.25
robusta,2023-11-16,667.78,2.24,3.06,137.18
robusta,2023-11-17,655.93,-1.77,1.23,133.73
robusta,2023-11-20,664.28,1.27,2.52,136.91
robusta,2023-11-21,659.78,-0.68,1.82,134.62
robusta,2023-11-22,664.78,0.76,2.60,135.67
robusta,2023-11-23,666.28,0.23,2.83,135.78
robusta,2023-11-24,667.00,0.11,2.94,136.21
robusta,2023-11-27,670.61,0.54,3.50,136.91
robusta,2023-11-28,681.02,1.55,5.10,139.78
robusta,2023-11-29,675.93,-0.75,4.32,138.25
robusta,2023-11-30,697.49,3.19,7.64,141.74
robusta,2023-12-01,697.05,-0.06,-0.06,142.98
robusta,2023-12-04,686.45,-1.52,-1.58,138.70
robusta,2023-12-05,697.78,1.65,0.04,141.57
robusta,2023-12-06,704.22,0.92,0.96,143.57
robusta,2023-12-07,700.78,-0.49,0.47,142.70
robusta,2023-12-08,709.22,1.20,1.68,144.00
robusta,2023-12-11,710.23,0.14,1.83,143.92
robusta,2023-12-12,741.58,4.41,6.32,149.36
robusta,2023-12-13,759.30,2.39,8.86,154.05
robusta,2023-12-14,774.75,2.03,11.08,157.92
robusta,2023-12-15,772.26,-0.32,10.72,156.20
robusta,2023-12-18,770.32,-0.25,10.44,156.92
robusta,2023-12-19,775.26,0.64,11.15,159.49
robusta,2023-12-20,772.84,-0.31,10.80,157.69
robusta,2023-12-21,788.39,2.01,13.03,161.32
robusta,2023-12-22,770.32,-2.29,10.44,158.47
robusta,2023-12-26,766.91,-0.44,9.95,158.91
robusta,2023-12-27,760.60,-0.82,9.05,157.38
robusta,2023-12-28,759.05,-0.20,8.83,156.44
robusta,2024-01-02,760.25,0.16,0.16,154.77
robusta,2024-01-03,762.74,0.33,0.49,155.31
robusta,2024-01-04,758.08,-0.61,-0.13,154.30
robusta,2024-01-05,755.86,-0.29,-0.42,155.14
robusta,2024-01-08,767.92,1.60,1.17,157.62
robusta,2024-01-09,782.95,1.96,3.15,159.75
robusta,2024-01-10,789.74,0.87,4.04,161.37
robusta,2024-01-11,792.51,0.35,4.41,162.47
robusta,2024-01-12,792.01,-0.06,4.34,163.17
robusta,2024-01-15,792.01,0.00,4.34,162.80
robusta,2024-01-16,823.72,4.00,8.52,167.12
robusta,2024-01-17,818.23,-0.67,7.80,166.00
robusta,2024-01-18,805.98,-1.50,6.18,163.35
robusta,2024-01-19,805.84,-0.02,6.16,163.49
robusta,2024-01-22,814.73,1.10,7.34,163.27
robusta,2024-01-23,823.47,1.07,8.49,166.16
robusta,2024-01-24,827.45,0.48,9.01,167.74
robusta,2024-01-25,819.73,-0.93,7.99,166.58
robusta,2024-01-26,831.22,1.40,9.51,169.22
robusta,2024-01-29,831.80,0.07,9.58,168.01
robusta,2024-01-30,847.84,1.93,11.70,171.49
robusta,2024-01-31,854.71,0.81,12.60,172.77
robusta,2024-02-01,843.63,-1.30,-1.30,171.64
robusta,2024-02-02,842.88,-0.09,-1.38,169.70
robusta,2024-02-05,840.75,-0.25,-1.63,168.79
robusta,2024-02-06,834.75,-0.71,-2.34,168.26
robusta,2024-02-07,838.09,0.40,-1.94,168.73
robusta,2024-02-08,840.25,0.26,-1.69,168.35
robusta,2024-02-09,850.25,1.19,-0.52,171.49
robusta,2024-02-14,837.53,-1.50,-2.01,168.52
robusta,2024-02-15,842.25,0.56,-1.46,169.50
robusta,2024-02-16,848.25,0.71,-0.76,170.81
robusta,2024-02-19,846.83,-0.17,-0.92,170.66
robusta,2024-02-20,846.25,-0.07,-0.99,171.65
robusta,2024-02-21,856.11,1.17,0.16,173.30
robusta,2024-02-22,843.09,-1.52,-1.36,170.32
robusta,2024-02-23,833.76,-1.11,-2.45,167.15
robusta,2024-02-26,836.00,0.27,-2.19,167.97
robusta,2024-02-27,837.25,0.15,-2.04,169.66
robusta,2024-02-28,833.99,-0.39,-2.42,167.77
robusta,2024-02-29,840.75,0.81,-1.63,169.06
robusta,2024-03-01,845.75,0.59,0.59,170.76
robusta,2024-03-04,853.75,0.95,1.55,172.58
robusta,2024-03-05,860.25,0.76,2.32,173.65
robusta,2024-03-06,863.38,0.36,2.69,174.60
robusta,2024-03-07,889.32,3.00,5.78,180.17
robusta,2024-03-08,878.38,-1.23,4.48,176.38
robusta,2024-03-11,869.24,-1.04,3.39,174.72
robusta,2024-03-12,877.24,0.92,4.34,176.40
robusta,2024-03-13,869.74,-0.85,3.45,174.86
robusta,2024-03-14,878.97,1.06,4.55,176.08
robusta,2024-03-15,888.20,1.05,5.64,177.82
robusta,2024-03-18,903.07,1.67,7.41,179.64
robusta,2024-03-19,901.40,-0.18,7.21,179.53
robusta,2024-03-20,900.99,-0.05,7.17,181.21
robusta,2024-03-21,909.73,0.97,8.20,182.68
robusta,2024-03-22,913.83,0.45,8.69,182.77
robusta,2024-03-25,917.01,0.35,9.07,184.29
robusta,2024-03-26,926.74,1.06,10.23,185.94
robusta,2024-03-27,955.19,3.07,13.61,191.80
robusta,2024-03-28,952.42,-0.29,13.28,190.10
robusta,2024-04-01,955.72,0.35,0.35,188.69
robusta,2024-04-02,992.21,3.82,4.18,196.13
robusta,2024-04-03,1024.70,3.27,7.59,203.35
robusta,2024-04-04,1037.42,1.24,8.92,205.51
robusta,2024-04-05,1032.47,-0.48,8.40,203.84
robusta,2024-04-08,1034.70,0.22,8.64,205.75
robusta,2024-04-09,1027.42,-0.70,7.87,205.12
robusta,2024-04-10,1040.19,1.24,9.22,204.84
robusta,2024-04-11,1050.15,0.96,10.26,206.36
robusta,2024-04-12,1073.43,2.22,12.71,209.45
robusta,2024-04-15,1104.67,2.91,15.99,213.01
robusta,2024-04-16,1113.17,0.77,16.88,211.59
robusta,2024-04-17,1160.43,4.25,21.84,221.67
robusta,2024-04-18,1146.33,-1.22,20.36,218.51
robusta,2024-04-19,1155.43,0.79,21.32,222.41
robusta,2024-04-22,1148.23,-0.62,20.56,221.92
robusta,2024-04-23,1146.66,-0.14,20.39,223.56
robusta,2024-04-24,1169.66,2.01,22.81,227.25
robusta,2024-04-25,1181.92,1.05,24.10,228.83
robusta,2024-04-26,1160.91,-1.78,21.89,226.92
robusta,2024-04-29,1158.83,-0.18,21.67,226.64
robusta,2024-04-30,1134.67,-2.08,19.14,218.63
robusta,2024-05-02,1026.35,-9.55,-9.55,200.73
robusta,2024-05-03,970.33,-5.46,-14.48,191.39
robusta,2024-05-06,955.61,-1.52,-15.78,188.34
robusta,2024-05-07,904.22,-5.38,-20.31,178.28
robusta,2024-05-08,902.22,-0.22,-20.49,177.11
robusta,2024-05-09,934.21,3.55,-17.67,181.61
robusta,2024-05-10,940.27,0.65,-17.13,182.33
robusta,2024-05-13,948.56,0.88,-16.40,184.12
robusta,2024-05-14,948.60,0.00,-16.40,184.88
robusta,2024-05-15,945.72,-0.30,-16.65,184.10
robusta,2024-05-16,949.26,0.37,-16.34,185.04
robusta,2024-05-17,977.21,2.94,-13.88,191.46
robusta,2024-05-20,977.21,0.00,-13.88,191.27
robusta,2024-05-21,1011.97,3.56,-10.81,197.84
robusta,2024-05-22,1077.18,6.44,-5.07,209.00
robusta,2024-05-23,1056.35,-1.93,-6.90,204.92
robusta,2024-05-24,1075.79,1.84,-5.19,207.96
robusta,2024-05-27,1068.77,-0.65,-5.81,206.65
robusta,2024-05-28,1138.50,6.52,0.34,220.64
robusta,2024-05-29,1169.23,2.70,3.05,224.72
robusta,2024-05-31,1149.20,-1.71,1.28,218.60
robusta,2024-06-03,1198.61,4.30,4.30,229.05
robusta,2024-06-04,1215.52,1.41,5.77,229.86
robusta,2024-06-05,1236.04,1.69,7.56,233.30
robusta,2024-06-06,1247.17,0.90,8.53,237.33
robusta,2024-06-07,1212.60,-2.77,5.52,228.10
robusta,2024-06-10,1208.02,-0.38,5.12,225.59
robusta,2024-06-11,1194.69,-1.10,3.96,222.93
robusta,2024-06-12,1212.18,1.46,5.48,224.15
robusta,2024-06-13,1212.68,0.04,5.52,225.70
robusta,2024-06-14,1193.78,-1.56,3.88,222.02
robusta,2024-06-17,1195.94,0.18,4.07,220.49
robusta,2024-06-18,1200.59,0.39,4.47,220.94
robusta,2024-06-19,1209.68,0.76,5.26,222.04
robusta,2024-06-20,1225.68,1.32,6.66,226.35
robusta,2024-06-21,1206.91,-1.53,5.02,221.65
robusta,2024-06-24,1250.67,3.63,8.83,231.86
robusta,2024-06-25,1219.23,-2.51,6.09,223.67
robusta,2024-06-26,1206.68,-1.03,5.00,218.80
robusta,2024-06-27,1215.18,0.70,5.74,220.86
robusta,2024-06-28,1222.46,0.60,6.37,218.76
robusta,2024-07-01,1218.38,-0.33,-0.33,216.10
robusta,2024-07-02,1231.06,1.04,0.70,217.77
robusta,2024-07-03,1223.63,-0.60,0.10,219.96
robusta,2024-07-04,1229.63,0.49,0.59,224.22
robusta,2024-07-05,1235.99,0.52,1.11,226.08
robusta,2024-07-08,1257.54,1.74,2.87,229.60
robusta,2024-07-09,1288.50,2.46,5.40,237.82
robusta,2024-07-10,1260.53,-2.17,3.11,232.87
robusta,2024-07-11,1285.86,2.01,5.19,236.20
robusta,2024-07-12,1292.34,0.50,5.72,237.91
robusta,2024-07-15,1273.51,-1.46,4.18,233.80
robusta,2024-07-16,1285.11,0.91,5.12,236.54
robusta,2024-07-17,1289.11,0.31,5.45,235.02
robusta,2024-07-18,1295.44,0.49,5.97,232.16
robusta,2024-07-19,1279.61,-1.22,4.67,228.54
robusta,2024-07-22,1299.22,1.53,6.28,233.09
robusta,2024-07-23,1302.61,0.26,6.56,232.94
robusta,2024-07-24,1273.99,-2.20,4.22,225.21
robusta,2024-07-25,1294.61,1.62,5.90,229.50
robusta,2024-07-26,1278.50,-1.24,4.58,225.80
robusta,2024-07-29,1278.25,-0.02,4.56,227.08
robusta,2024-07-30,1274.62,-0.28,4.27,226.64
robusta,2024-07-31,1271.28,-0.26,3.99,224.53
robusta,2024-08-01,1279.63,0.66,0.66,223.05
robusta,2024-08-02,1285.19,0.43,1.09,225.04
robusta,2024-08-05,1260.09,-1.95,-0.88,219.72
robusta,2024-08-06,1294.17,2.70,1.80,228.98
robusta,2024-08-07,1307.48,1.03,2.85,232.44
robusta,2024-08-08,1326.89,1.48,4.37,238.05
robusta,2024-08-09,1287.13,-3.00,1.25,233.51
robusta,2024-08-12,1322.07,2.71,4.00,240.25
robusta,2024-08-13,1295.25,-2.03,1.89,237.36
robusta,2024-08-14,1306.77,0.89,2.79,238.72
robusta,2024-08-15,1295.74,-0.84,1.92,236.36
robusta,2024-08-16,1324.62,2.23,4.20,242.20
robusta,2024-08-19,1330.07,0.41,4.62,245.85
robusta,2024-08-20,1346.11,1.21,5.89,246.18
robusta,2024-08-21,1355.17,0.67,6.60,247.52
robusta,2024-08-22,1344.61,-0.78,5.77,240.58
robusta,2024-08-23,1375.16,2.27,8.17,251.08
robusta,2024-08-26,1378.89,0.27,8.46,251.26
robusta,2024-08-27,1423.48,3.23,11.97,258.77
robusta,2024-08-28,1440.70,1.21,13.33,259.63
robusta,2024-08-29,1433.34,-0.51,12.75,255.09
robusta,2024-08-30,1483.95,3.53,16.73,262.65
robusta,2024-09-02,1417.94,-4.45,-4.45,252.66
robusta,2024-09-03,1464.60,3.29,-1.30,259.36
robusta,2024-09-04,1488.34,1.62,0.30,264.03
robusta,2024-09-05,1476.68,-0.78,-0.49,264.68
robusta,2024-09-06,1465.60,-0.75,-1.24,261.95
robusta,2024-09-09,1483.82,1.24,-0.01,265.73
robusta,2024-09-10,1484.09,0.02,0.01,262.35
robusta,2024-09-11,1493.68,0.65,0.66,264.32
robusta,2024-09-12,1506.81,0.88,1.54,268.12
robusta,2024-09-13,1520.49,0.91,2.46,273.27
robusta,2024-09-16,1530.03,0.63,3.11,277.43
robusta,2024-09-17,1526.40,-0.24,2.86,278.29
robusta,2024-09-18,1518.33,-0.53,2.32,278.85
robusta,2024-09-19,1502.80,-1.02,1.27,276.91
robusta,2024-09-20,1468.87,-2.26,-1.02,266.15
robusta,2024-09-23,1509.99,2.80,1.75,272.86
robusta,2024-09-24,1524.99,0.99,2.77,279.30
robusta,2024-09-25,1513.21,-0.77,1.97,276.23
robusta,2024-09-26,1533.03,1.31,3.31,281.44
robusta,2024-09-27,1504.58,-1.86,1.39,276.73
robusta,2024-09-30,1512.35,0.52,1.91,277.19
robusta,2024-10-01,1511.53,-0.05,-0.05,276.94
robusta,2024-10-02,1441.37,-4.64,-4.69,264.62
robusta,2024-10-03,1410.68,-2.13,-6.72,257.75
robusta,2024-10-04,1411.65,0.07,-6.66,258.54
robusta,2024-10-07,1358.43,-3.77,-10.18,247.71
robusta,2024-10-08,1359.58,0.08,-10.10,245.77
robusta,2024-10-09,1375.73,1.19,-9.03,246.41
robusta,2024-10-10,1397.07,1.55,-7.62,250.15
robusta,2024-10-11,1394.96,-0.15,-7.76,248.08
robusta,2024-10-14,1424.95,2.15,-5.78,255.23
robusta,2024-10-15,1430.89,0.42,-5.39,252.94
robusta,2024-10-16,1444.22,0.93,-4.50,254.94
robusta,2024-10-17,1428.89,-1.06,-5.52,252.14
robusta,2024-10-18,1428.02,-0.06,-5.58,250.93
robusta,2024-10-21,1388.80,-2.75,-8.17,243.56
robusta,2024-10-22,1401.71,0.93,-7.32,245.83
robusta,2024-10-23,1408.20,0.46,-6.89,247.49
robusta,2024-10-24,1393.74,-1.03,-7.84,245.55
robusta,2024-10-25,1409.57,1.14,-6.80,246.90
robusta,2024-10-28,1440.33,2.18,-4.76,252.38
robusta,2024-10-29,1433.13,-0.50,-5.24,248.63
robusta,2024-10-30,1440.33,0.50,-4.76,249.88
robusta,2024-10-31,1450.80,0.73,-4.07,250.96
robusta,2024-11-01,1416.10,-2.39,-2.39,241.24
robusta,2024-11-04,1424.18,0.57,-1.83,246.65
robusta,2024-11-05,1467.09,3.01,1.12,255.10
robusta,2024-11-06,1439.60,-1.87,-0.77,253.41
robusta,2024-11-07,1490.04,3.50,2.70,262.15
robusta,2024-11-08,1490.02,-0.00,2.70,259.00
robusta,2024-11-11,1496.87,0.46,3.18,259.38
robusta,2024-11-12,1526.82,2.00,5.24,264.71
robusta,2024-11-13,1554.96,1.84,7.18,268.19
robusta,2024-11-14,1588.70,2.17,9.51,274.91
robusta,2024-11-18,1570.79,-1.13,8.27,273.47
robusta,2024-11-19,1556.36,-0.92,7.28,269.55
robusta,2024-11-21,1595.89,2.54,10.00,274.30
robusta,2024-11-22,1614.53,1.17,11.29,277.89
robusta,2024-11-25,1676.59,3.84,15.56,288.62
robusta,2024-11-26,1685.34,0.52,16.17,290.23
robusta,2024-11-27,1747.67,3.70,20.46,295.41
robusta,2024-11-28,1766.75,1.09,21.78,295.15
robusta,2024-11-29,1784.02,0.98,22.97,297.04
robusta,2024-12-02,1652.82,-7.35,-7.35,272.38
robusta,2024-12-03,1626.42,-1.60,-8.83,268.56
robusta,2024-12-04,1646.16,1.21,-7.73,272.59
robusta,2024-12-05,1672.82,1.62,-6.23,278.71
robusta,2024-12-06,1709.47,2.19,-4.18,280.84
robusta,2024-12-09,1793.99,4.94,0.56,294.82
robusta,2024-12-10,1833.53,2.20,2.78,302.66
robusta,2024-12-11,1771.55,-3.38,-0.70,294.57
robusta,2024-12-12,1812.62,2.32,1.60,300.40
robusta,2024-12-13,1805.23,-0.41,1.19,298.78
robusta,2024-12-16,1835.10,1.65,2.86,301.58
robusta,2024-12-17,1841.61,0.35,3.23,302.70
robusta,2024-12-18,1874.37,1.78,5.06,300.28
robusta,2024-12-19,1857.16,-0.92,4.10,303.66
robusta,2024-12-20,1836.89,-1.09,2.96,303.12
robusta,2024-12-23,1849.38,0.68,3.66,298.77
robusta,2024-12-26,1833.97,-0.83,2.80,296.90
robusta,2024-12-27,1836.89,0.16,2.96,296.65
robusta,2024-12-30,1832.57,-0.24,2.72,296.53
robusta,2025-01-02,1851.63,1.04,1.04,300.34
robusta,2025-01-03,1851.63,0.00,1.04,299.52
robusta,2025-01-06,1838.53,-0.71,0.33,300.76
robusta,2025-01-07,1872.98,1.87,2.21,306.29
robusta,2025-01-08,1852.85,-1.07,1.11,303.35
robusta,2025-01-09,1875.46,1.22,2.34,309.84
robusta,2025-01-10,1883.84,0.45,2.80,308.93
robusta,2025-01-13,1901.84,0.96,3.78,311.78
robusta,2025-01-14,1896.01,-0.31,3.46,313.54
robusta,2025-01-15,1937.24,2.17,5.71,321.80
robusta,2025-01-16,1963.81,1.37,7.16,324.06
robusta,2025-01-17,2015.66,2.64,9.99,332.51
robusta,2025-01-20,2030.06,0.71,10.78,335.88
robusta,2025-01-21,2092.05,3.05,14.16,346.82
robusta,2025-01-22,2071.55,-0.98,13.04,348.80
robusta,2025-01-23,2102.12,1.48,14.71,355.27
robusta,2025-01-24,2087.40,-0.70,13.91,353.08
robusta,2025-01-27,2066.78,-0.99,12.78,349.65
robusta,2025-01-28,2078.27,0.56,13.41,353.99
robusta,2025-01-29,2076.55,-0.08,13.31,353.21
robusta,2025-01-30,2088.44,0.57,13.96,355.90
robusta,2025-01-31,2074.22,-0.68,13.19,355.17
robusta,2025-02-03,2075.15,0.04,0.04,356.86
robusta,2025-02-04,2072.66,-0.12,-0.08,359.34
robusta,2025-02-05,2068.77,-0.19,-0.26,357.36
robusta,2025-02-06,2074.71,0.29,0.02,359.63
robusta,2025-02-07,2057.96,-0.81,-0.78,355.56
robusta,2025-02-10,2071.60,0.66,-0.13,357.85
robusta,2025-02-11,2070.57,-0.05,-0.18,358.91
robusta,2025-02-12,2087.05,0.80,0.62,362.33
robusta,2025-02-13,2077.65,-0.45,0.17,360.14
robusta,2025-02-14,2075.43,-0.11,0.06,363.92
robusta,2025-02-17,2065.23,-0.49,-0.43,361.69
robusta,2025-02-18,2046.60,-0.90,-1.33,359.56
robusta,2025-02-19,2062.96,0.80,-0.54,360.78
robusta,2025-02-20,2041.33,-1.05,-1.59,357.69
robusta,2025-02-21,2046.00,0.23,-1.36,357.19
robusta,2025-02-24,2043.83,-0.11,-1.47,355.45
robusta,2025-02-25,2018.89,-1.22,-2.67,350.87
robusta,2025-02-26,1974.35,-2.21,-4.81,340.46
robusta,2025-02-27,1985.89,0.58,-4.26,340.57
robusta,2025-02-28,1985.18,-0.04,-4.29,336.19
robusta,2025-03-05,1999.94,0.74,0.74,347.45
robusta,2025-03-06,2007.64,0.39,1.13,348.31
robusta,2025-03-07,1981.46,-1.30,-0.19,342.10
robusta,2025-03-10,1998.20,0.84,0.66,341.34
robusta,2025-03-11,2020.97,1.14,1.80,347.96
robusta,2025-03-12,2016.31,-0.23,1.57,347.28
robusta,2025-03-13,2014.76,-0.08,1.49,347.37
robusta,2025-03-14,2010.56,-0.21,1.28,350.21
robusta,2025-03-17,1998.81,-0.58,0.69,352.34
robusta,2025-03-18,2015.14,0.82,1.51,355.22
robusta,2025-03-19,2017.64,0.12,1.64,357.04
robusta,2025-03-20,2010.22,-0.37,1.26,354.66
robusta,2025-03-21,2017.04,0.34,1.60,352.81
robusta,2025-03-24,2015.93,-0.06,1.55,350.47
robusta,2025-03-25,2020.76,0.24,1.79,354.39
robusta,2025-03-26,2008.35,-0.61,1.17,350.19
robusta,2025-03-27,1978.77,-1.47,-0.32,343.78
robusta,2025-03-28,1977.91,-0.04,-0.37,343.51
robusta,2025-03-31,1946.98,-1.56,-1.92,341.22
robusta,2025-04-01,1913.76,-1.71,-1.71,336.63
robusta,2025-04-02,1827.80,-4.49,-6.12,321.00
robusta,2025-04-03,1761.14,-3.65,-9.55,313.04
robusta,2025-04-04,1718.34,-2.43,-11.74,294.44
robusta,2025-04-07,1586.39,-7.68,-18.52,268.38
robusta,2025-04-08,1572.89,-0.85,-19.21,262.72
robusta,2025-04-09,1576.39,0.22,-19.03,269.98
robusta,2025-04-10,1615.88,2.51,-17.01,273.69
robusta,2025-04-11,1608.88,-0.43,-17.37,274.09
robusta,2025-04-14,1635.37,1.65,-16.00,279.50
robusta,2025-04-15,1693.93,3.58,-13.00,287.50
robusta,2025-04-16,1711.84,1.06,-12.08,291.63
robusta,2025-04-17,1712.52,0.04,-12.04,294.91
robusta,2025-04-22,1671.17,-2.41,-14.17,292.06
robusta,2025-04-23,1692.53,1.28,-13.07,296.16
robusta,2025-04-24,1698.85,0.37,-12.74,298.93
robusta,2025-04-25,1716.34,1.03,-11.85,302.01
robusta,2025-04-28,1714.84,-0.09,-11.92,303.30
robusta,2025-04-29,1714.79,-0.00,-11.93,304.47
robusta,2025-04-30,1702.68,-0.71,-12.55,300.19
robusta,2025-05-02,1667.99,-2.04,-2.04,294.96
robusta,2025-05-05,1658.00,-0.60,-2.62,291.49
robusta,2025-05-06,1659.82,0.11,-2.52,290.84
robusta,2025-05-07,1657.36,-0.15,-2.66,287.74
robusta,2025-05-08,1678.90,1.30,-1.40,296.05
robusta,2025-05-09,1666.84,-0.72,-2.10,294.75
robusta,2025-05-12,1583.74,-4.99,-6.99,278.53
robusta,2025-05-13,1599.36,0.99,-6.07,285.55
robusta,2025-05-14,1555.74,-2.73,-8.63,276.48
robusta,2025-05-15,1523.94,-2.04,-10.50,268.20
robusta,2025-05-16,1519.40,-0.30,-10.76,268.07
robusta,2025-05-19,1528.48,0.60,-10.23,270.34
robusta,2025-05-20,1535.50,0.46,-9.82,270.76
robusta,2025-05-21,1525.76,-0.63,-10.39,270.05
robusta,2025-05-22,1504.40,-1.40,-11.65,266.27
robusta,2025-05-23,1485.32,-1.27,-12.77,262.70
robusta,2025-05-26,1481.08,-0.29,-13.01,261.03
robusta,2025-05-27,1463.92,-1.16,-14.02,259.15
robusta,2025-05-28,1426.93,-2.53,-16.20,250.65
robusta,2025-05-29,1424.43,-0.18,-16.34,251.27
robusta,2025-05-30,1394.45,-2.10,-18.10,243.87
robusta,2025-06-02,1358.37,-2.59,-2.59,239.07
robusta,2025-06-03,1320.75,-2.77,-5.29,234.13
robusta,2025-06-04,1334.49,1.04,-4.30,236.19
robusta,2025-06-05,1363.05,2.14,-2.25,243.79
robusta,2025-06-06,1363.23,0.01,-2.24,245.10
robusta,2025-06-09,1375.84,0.93,-1.33,247.32
robusta,2025-06-10,1367.66,-0.59,-1.92,245.36
robusta,2025-06-11,1343.93,-1.74,-3.62,242.37
robusta,2025-06-12,1333.38,-0.79,-4.38,240.47
robusta,2025-06-13,1283.26,-3.76,-7.97,231.76
robusta,2025-06-16,1273.96,-0.72,-8.64,231.88
robusta,2025-06-17,1287.01,1.02,-7.70,233.96
robusta,2025-06-18,1209.04,-6.06,-13.30,219.71
robusta,2025-06-20,1167.47,-3.44,-16.28,211.38
robusta,2025-06-23,1186.21,1.61,-14.93,215.44
robusta,2025-06-24,1138.20,-4.05,-18.38,206.42
robusta,2025-06-25,1094.58,-3.83,-21.50,197.01
robusta,2025-06-26,1114.57,1.83,-20.07,202.58
robusta,2025-06-27,1114.07,-0.04,-20.11,203.08
robusta,2025-06-30,1105.07,-0.81,-20.75,203.51
robusta,2025-07-01,1099.04,-0.55,-0.55,201.18
robusta,2025-07-02,1068.92,-2.74,-3.27,197.07
robusta,2025-07-03,1082.04,1.23,-2.08,199.93
robusta,2025-07-04,1086.76,0.44,-1.66,200.36
robusta,2025-07-07,1066.77,-1.84,-3.47,194.70
robusta,2025-07-08,1065.55,-0.11,-3.58,195.66
robusta,2025-07-09,1032.69,-3.08,-6.55,188.00
robusta,2025-07-10,1020.19,-1.21,-7.68,184.12
robusta,2025-07-11,1012.75,-0.73,-8.35,182.58
robusta,2025-07-14,1014.57,0.18,-8.19,181.66
robusta,2025-07-15,1006.39,-0.81,-8.93,180.94
robusta,2025-07-16,1024.07,1.76,-7.33,184.12
robusta,2025-07-17,1003.95,-1.96,-9.15,180.99
robusta,2025-07-18,1013.46,0.95,-8.29,181.43
robusta,2025-07-21,975.70,-3.73,-11.71,175.23
robusta,2025-07-22,1003.46,2.85,-9.19,180.28
robusta,2025-07-23,986.81,-1.66,-10.70,178.67
robusta,2025-07-24,1007.91,2.14,-8.79,182.66
robusta,2025-07-25,1002.35,-0.55,-9.30,180.05
robusta,2025-07-28,1018.32,1.59,-7.85,181.97
robusta,2025-07-29,1009.02,-0.91,-8.69,181.18
robusta,2025-07-30,1027.07,1.79,-7.06,184.26
robusta,2025-07-31,1028.45,0.13,-6.93,183.62
robusta,2025-08-01,1029.60,0.11,0.11,185.55
robusta,2025-08-04,1015.06,-1.41,-1.30,184.32
robusta,2025-08-05,1018.50,0.34,-0.97,184.95
robusta,2025-08-06,1003.61,-1.46,-2.42,183.71
robusta,2025-08-07,1032.33,2.86,0.38,189.94
robusta,2025-08-08,1051.41,1.85,2.23,193.24
robusta,2025-08-11,1073.47,2.10,4.38,197.11
robusta,2025-08-12,1073.47,0.00,4.38,199.16
robusta,2025-08-13,1163.30,8.37,13.11,215.27
robusta,2025-08-14,1179.05,1.35,14.64,217.66
robusta,2025-08-15,1231.19,4.42,19.71,228.08
robusta,2025-08-18,1231.40,0.02,19.73,226.65
robusta,2025-08-19,1299.95,5.57,26.40,236.31
robusta,2025-08-20,1383.84,6.45,34.56,252.85
robusta,2025-08-21,1424.45,2.93,38.50,259.94
robusta,2025-08-22,1452.77,1.99,41.26,267.79
robusta,2025-08-25,1469.43,1.15,42.88,271.36
robusta,2025-08-26,1510.92,2.82,46.91,278.00
robusta,2025-08-27,1548.95,2.52,50.61,285.73
robusta,2025-08-28,1529.97,-1.23,48.76,283.06
robusta,2025-08-29,1534.41,0.29,49.20,283.10
robusta,2025-09-01,1474.40,-3.91,-3.91,270.78
robusta,2025-09-02,1431.92,-2.88,-6.68,261.54
robusta,2025-09-03,1427.76,-0.29,-6.95,261.59
robusta,2025-09-04,1402.21,-1.79,-8.62,257.48
robusta,2025-09-05,1358.45,-3.12,-11.47,251.38
robusta,2025-09-08,1356.95,-0.11,-11.57,250.41
robusta,2025-09-09,1361.12,0.31,-11.29,250.48
robusta,2025-09-10,1385.55,1.79,-9.70,256.20
robusta,2025-09-11,1392.94,0.53,-9.22,258.24
robusta,2025-09-12,1421.24,2.03,-7.38,265.40
robusta,2025-09-15,1477.18,3.94,-3.73,277.77
robusta,2025-09-16,1476.22,-0.06,-3.79,278.64
robusta,2025-09-17,1408.43,-4.59,-8.21,265.79
robusta,2025-09-18,1389.44,-1.35,-9.45,261.66
robusta,2025-09-19,1288.48,-7.27,-16.03,242.20
robusta,2025-09-22,1313.22,1.92,-14.42,246.06
robusta,2025-09-23,1278.86,-2.62,-16.65,241.98
robusta,2025-09-24,1303.92,1.96,-15.02,244.78
robusta,2025-09-25,1288.92,-1.15,-16.00,240.11
robusta,2025-09-26,1321.13,2.50,-13.90,247.40
robusta,2025-09-29,1313.84,-0.55,-14.37,247.06
robusta,2025-09-30,1342.46,2.18,-12.51,252.15
robusta,2025-10-01,1353.43,0.82,0.82,254.36
robusta,2025-10-02,1344.89,-0.63,0.18,251.85
robusta,2025-10-03,1389.41,3.31,3.50,260.68
robusta,2025-10-06,1393.91,0.32,3.83,262.46
robusta,2025-10-07,1387.19,-0.48,3.33,259.39
robusta,2025-10-08,1388.96,0.13,3.46,259.91
robusta,2025-10-09,1395.41,0.46,3.94,259.47
robusta,2025-10-10,1388.41,-0.50,3.42,252.48
robusta,2025-10-13,1414.40,1.87,5.36,259.14
robusta,2025-10-14,1416.62,0.16,5.52,259.17
robusta,2025-10-15,1425.51,0.63,6.19,261.23
robusta,2025-10-16,1420.51,-0.35,5.81,260.79
robusta,2025-10-17,1400.77,-1.39,4.34,259.11
robusta,2025-10-20,1407.41,0.47,4.84,261.94
robusta,2025-10-21,1423.40,1.14,6.03,264.13
robusta,2025-10-22,1429.90,0.46,6.51,264.75
robusta,2025-10-23,1428.84,-0.07,6.43,265.29
robusta,2025-10-24,1401.63,-1.90,4.41,259.95
robusta,2025-10-27,1381.42,-1.44,2.90,257.15
robusta,2025-10-28,1371.30,-0.73,2.15,255.84
robusta,2025-10-29,1389.91,1.36,3.53,259.02
robusta,2025-10-30,1405.03,1.09,4.66,261.26
robusta,2025-10-31,1405.91,0.06,4.73,261.27
robusta,2025-11-03,1412.98,0.50,0.50,263.81
robusta,2025-11-04,1434.97,1.56,2.07,265.83
robusta,2025-11-05,1431.75,-0.22,1.84,267.17
robusta,2025-11-06,1392.99,-2.71,-0.92,260.47
robusta,2025-11-07,1409.48,1.18,0.25,264.05
robusta,2025-11-10,1393.99,-1.10,-0.85,262.67
robusta,2025-11-11,1380.12,-0.99,-1.83,261.88
robusta,2025-11-12,1350.22,-2.17,-3.96,255.10
robusta,2025-11-13,1345.51,-0.35,-4.30,254.01
robusta,2025-11-14,1316.18,-2.18,-6.38,248.38
robusta,2025-11-17,1346.38,2.29,-4.23,252.79
robusta,2025-11-18,1383.49,2.76,-1.59,260.15
robusta,2025-11-19,1389.49,0.43,-1.17,260.30
robusta,2025-11-21,1347.28,-3.04,-4.17,249.64
robusta,2025-11-24,1373.50,1.95,-2.31,254.63
robusta,2025-11-25,1397.67,1.76,-0.59,259.98
robusta,2025-11-26,1396.99,-0.05,-0.63,261.80
robusta,2025-11-27,1397.26,0.02,-0.62,260.98
robusta,2025-11-28,1404.48,0.52,-0.10,263.41
robusta,2025-12-01,1386.08,-1.31,-1.31,258.65
robusta,2025-12-02,1373.17,-0.93,-2.23,257.53
robusta,2025-12-03,1373.92,0.05,-2.18,258.64
robusta,2025-12-04,1377.92,0.29,-1.89,259.54
robusta,2025-12-05,1372.42,-0.40,-2.28,251.54
robusta,2025-12-08,1367.15,-0.38,-2.66,252.06
robusta,2025-12-09,1373.92,0.50,-2.18,252.61
robusta,2025-12-10,1363.31,-0.77,-2.93,248.87
robusta,2025-12-11,1358.87,-0.33,-3.25,251.60
robusta,2025-12-12,1332.56,-1.94,-5.12,246.18
robusta,2025-12-15,1284.46,-3.61,-8.55,236.90
robusta,2025-12-16,1255.09,-2.29,-10.64,229.62
robusta,2025-12-17,1222.34,-2.61,-12.97,221.36
robusta,2025-12-18,1229.48,0.58,-12.46,222.69
robusta,2025-12-19,1223.77,-0.46,-12.87,221.34
robusta,2025-12-22,1240.19,1.34,-11.70,222.18
robusta,2025-12-23,1255.97,1.27,-10.57,226.79
robusta,2025-12-26,1256.47,0.04,-10.54,226.64
robusta,2025-12-29,1250.58,-0.47,-10.96,224.16
robusta,2025-12-30,1263.91,1.07,-10.01,230.30
robusta,2026-01-02,1263.38,-0.04,-0.04,233.01
robusta,2026-01-05,1250.12,-1.05,-1.09,231.42
robusta,2026-01-06,1265.99,1.27,0.16,235.40
robusta,2026-01-07,1282.66,1.32,1.48,238.02
robusta,2026-01-08,1285.25,0.20,1.69,238.41
robusta,2026-01-09,1282.40,-0.22,1.46,238.94
robusta,2026-01-12,1278.33,-0.32,1.14,238.05
robusta,2026-01-13,1280.59,0.18,1.32,238.03
robusta,2026-01-14,1298.48,1.40,2.74,240.50
robusta,2026-01-15,1288.37,-0.78,1.94,240.28
robusta,2026-01-16,1300.57,0.95,2.90,242.10
robusta,2026-01-19,1301.47,0.07,2.97,242.63
robusta,2026-01-20,1281.48,-1.54,1.39,238.28
robusta,2026-01-21,1283.65,0.17,1.56,241.33
robusta,2026-01-22,1276.76,-0.54,1.02,241.67
robusta,2026-01-23,1286.48,0.76,1.79,243.33
robusta,2026-01-26,1290.03,0.28,2.07,244.28
robusta,2026-01-27,1282.21,-0.61,1.45,246.34
robusta,2026-01-28,1239.04,-3.37,-1.97,237.55
robusta,2026-01-29,1227.50,-0.93,-2.88,236.42
robusta,2026-01-30,1212.01,-1.26,-4.11,230.82
robusta,2026-02-02,1155.13,-4.69,-4.69,219.07
robusta,2026-02-03,1095.10,-5.20,-9.65,209.03
robusta,2026-02-04,1079.10,-1.46,-10.97,205.11
robusta,2026-02-05,1073.36,-0.53,-11.44,204.33
robusta,2026-02-06,1068.70,-0.43,-11.82,204.73
robusta,2026-02-09,1063.50,-0.49,-12.25,204.99
robusta,2026-02-10,1069.05,0.52,-11.80,205.55
robusta,2026-02-11,1058.11,-1.02,-12.70,204.03
robusta,2026-02-12,1067.94,0.93,-11.89,205.29
robusta,2026-02-13,1092.10,2.26,-9.89,209.01
robusta,2026-02-18,1056.49,-3.26,-12.83,201.43
robusta,2026-02-19,1027.75,-2.72,-15.20,196.70
robusta,2026-02-20,1042.95,1.48,-13.95,201.38
robusta,2026-02-23,1030.25,-1.22,-15.00,199.35
robusta,2026-02-24,1044.06,1.34,-13.86,202.53
robusta,2026-02-25,1055.17,1.06,-12.94,205.81
robusta,2026-02-26,1042.39,-1.21,-13.99,202.64
robusta,2026-02-27,1032.75,-0.92,-14.79,201.04
robusta,2026-03-02,1056.07,2.26,2.26,204.31
robusta,2026-03-03,1075.07,1.80,4.10,203.96
robusta,2026-03-04,1067.90,-0.67,3.40,204.62
robusta,2026-03-05,1065.57,-0.22,3.18,201.74
robusta,2026-03-06,1070.68,0.48,3.67,203.94
robusta,2026-03-09,1067.07,-0.34,3.32,206.32
robusta,2026-03-10,1037.08,-2.81,0.42,200.95
robusta,2026-03-11,998.97,-3.67,-3.27,193.45
robusta,2026-03-12,1011.41,1.25,-2.07,193.13
robusta,2026-03-13,1000.05,-1.12,-3.17,188.23
robusta,2026-03-16,994.04,-0.60,-3.75,190.07
robusta,2026-03-17,989.60,-0.45,-4.18,190.09
robusta,2026-03-18,995.85,0.63,-3.57,190.48
robusta,2026-03-19,1005.22,0.94,-2.67,192.76
robusta,2026-03-20,1014.04,0.88,-1.81,190.65
robusta,2026-03-23,1012.93,-0.11,-1.92,193.57
robusta,2026-03-24,1028.09,1.50,-0.45,195.57
robusta,2026-03-25,1026.26,-0.18,-0.63,196.56
robusta,2026-03-26,1017.10,-0.89,-1.52,193.88
robusta,2026-03-27,1016.60,-0.05,-1.56,193.90
robusta,2026-03-30,966.84,-4.89,-6.38,183.81
robusta,2026-03-31,965.73,-0.11,-6.49,186.04
robusta,2026-04-01,949.07,-1.73,-1.73,184.00
robusta,2026-04-02,937.13,-1.26,-2.96,181.54
robusta,2026-04-06,921.86,-1.63,-4.54,179.07
robusta,2026-04-07,901.31,-2.23,-6.67,174.64
robusta,2026-04-08,891.15,-1.13,-7.72,174.36
robusta,2026-04-09,899.64,0.95,-6.84,177.62
robusta,2026-04-10,879.03,-2.29,-8.98,175.49
robusta,2026-04-13,878.82,-0.02,-9.00,175.87
robusta,2026-04-14,899.64,2.37,-6.84,180.29
robusta,2026-04-15,901.64,0.22,-6.64,180.62
robusta,2026-04-16,896.31,-0.59,-7.19,179.51
robusta,2026-04-17,885.48,-1.21,-8.31,177.70
robusta,2026-04-20,909.64,2.73,-5.81,182.88
robusta,2026-04-22,933.13,2.58,-3.38,187.64
robusta,2026-04-23,941.63,0.91,-2.50,187.99
robusta,2026-04-24,955.12,1.43,-1.10,191.06
robusta,2026-04-27,941.05,-1.47,-2.56,188.97
robusta,2026-04-28,953.19,1.29,-1.30,191.40
robusta,2026-04-29,940.88,-1.29,-2.57,187.91
robusta,2026-04-30,925.26,-1.66,-4.19,186.66
robusta,2026-05-04,910.36,-1.61,-1.61,183.24
robusta,2026-05-05,924.65,1.57,-0.07,188.24
robusta,2026-05-06,916.32,-0.90,-0.97,186.28
robusta,2026-05-07,916.93,0.07,-0.90,186.29
robusta,2026-05-08,912.99,-0.43,-1.33,186.55
robusta,2026-05-11,943.54,3.35,1.98,192.72
robusta,2026-05-12,933.65,-1.05,0.91,190.77
robusta,2026-05-13,969.64,3.85,4.80,193.97
robusta,2026-05-14,952.98,-1.72,3.00,191.09
robusta,2026-05-15,930.15,-2.40,0.53,183.68
